well_id,cycle_number,date,day_in_cycle,reservoir_zone_temp_C,oil_viscosity_cP,stroke_length_in,spm,spm_optimal_reference,fluid_level_pct,pump_fillage_frac,pump_volumetric_efficiency,gross_liquid_bbl_per_day,water_cut_frac,oil_rate_bbl_per_day,polished_rod_load_lbs,motor_load_kW,rod_floating_risk_score,rod_floating_flag,rod_failure_event
BGW-001,1,2019-08-16,1,176.25,114.2,100.0,4.87,5.11,86.0,0.9,0.8,177.22,0.134,153.55,12254.0,7.74,0.0,False,False
BGW-001,1,2019-08-17,2,173.07,121.3,98.5,5.1,5.09,93.6,0.9,0.797,182.09,0.164,152.22,12005.3,7.83,0.001,False,False
BGW-001,1,2019-08-18,3,169.97,128.7,100.0,6.5,5.07,88.1,0.852,0.753,222.51,0.166,185.57,12332.1,9.75,0.25,False,False
BGW-001,1,2019-08-19,4,166.94,136.6,100.0,4.84,5.05,84.5,0.9,0.793,174.55,0.141,149.95,11935.0,7.95,0.0,False,False
BGW-001,1,2019-08-20,5,163.99,144.7,100.0,4.87,5.03,92.8,0.9,0.79,174.74,0.199,140.02,12010.2,7.86,0.0,False,False
BGW-001,1,2019-08-21,6,161.11,153.3,97.1,4.83,5.0,84.1,0.9,0.787,167.66,0.178,137.9,12128.5,7.46,0.0,False,False
BGW-001,1,2019-08-22,7,158.31,162.3,98.0,6.39,4.98,87.1,0.853,0.744,211.52,0.199,169.39,11873.8,9.33,0.246,False,False
BGW-001,1,2019-08-23,8,155.57,171.7,99.5,5.99,4.96,84.2,0.865,0.751,203.62,0.197,163.56,12338.4,9.13,0.181,False,False
BGW-001,1,2019-08-24,9,152.9,181.5,100.0,4.96,4.93,82.3,0.899,0.777,175.15,0.193,141.36,12195.9,8.32,0.005,False,False
BGW-001,1,2019-08-25,10,150.3,191.7,100.0,6.5,4.91,86.2,0.847,0.729,215.31,0.203,171.69,12347.0,9.61,0.279,False,False
BGW-001,1,2019-08-26,11,147.76,202.4,100.0,4.89,4.88,92.7,0.899,0.771,171.39,0.246,129.29,12091.3,7.69,0.003,False,False
BGW-001,1,2019-08-27,12,145.28,213.5,98.7,5.98,4.85,80.7,0.863,0.735,197.12,0.185,160.73,12399.6,9.6,0.2,False,False
BGW-001,1,2019-08-28,13,142.87,225.1,100.0,5.35,4.82,83.5,0.883,0.748,181.89,0.207,144.28,12296.6,8.48,0.097,False,False
BGW-001,1,2019-08-29,14,140.51,237.1,97.1,4.61,4.8,81.7,0.9,0.759,154.52,0.221,120.3,11986.5,7.55,0.008,False,False
BGW-001,1,2019-08-30,15,138.22,249.5,100.0,4.68,4.77,92.8,0.9,0.755,160.54,0.208,127.23,12237.0,7.64,0.011,False,False
BGW-001,1,2019-08-31,16,135.98,262.5,95.7,5.76,4.74,82.8,0.866,0.722,180.99,0.232,138.94,11857.1,8.83,0.194,False,False
BGW-001,1,2019-09-01,17,133.79,275.9,100.0,5.13,4.71,91.7,0.886,0.734,171.1,0.21,135.16,12128.6,8.14,0.091,False,False
BGW-001,1,2019-09-02,18,131.66,289.8,100.0,5.16,4.68,86.4,0.884,0.727,170.67,0.267,125.13,11819.3,7.96,0.105,False,False
BGW-001,1,2019-09-03,19,129.58,304.2,99.9,4.48,4.65,86.6,0.9,0.736,149.55,0.277,108.11,11973.9,7.46,0.024,False,False
BGW-001,1,2019-09-04,20,127.56,319.0,98.8,4.7,4.62,93.5,0.897,0.728,153.65,0.259,113.81,12425.4,7.93,0.042,False,False
BGW-001,1,2019-09-05,21,125.58,334.4,100.0,6.01,4.58,83.5,0.852,0.687,187.54,0.254,139.88,12114.8,9.2,0.28,False,False
BGW-001,1,2019-09-06,22,123.65,350.2,97.0,6.35,4.55,83.4,0.84,0.672,187.85,0.273,136.57,12376.9,9.68,0.348,False,False
BGW-001,1,2019-09-07,23,121.77,366.6,100.0,4.73,4.52,88.3,0.893,0.708,152.12,0.276,110.16,12124.9,7.51,0.074,False,False
BGW-001,1,2019-09-08,24,119.94,383.4,100.0,4.88,4.49,82.1,0.887,0.697,154.71,0.291,109.64,12326.3,7.57,0.111,False,False
BGW-001,1,2019-09-09,25,118.15,400.7,100.0,6.1,4.45,83.7,0.845,0.659,182.64,0.262,134.87,12328.8,9.03,0.334,False,False
BGW-001,1,2019-09-10,26,116.41,418.5,100.0,5.38,4.42,86.6,0.866,0.669,163.62,0.3,114.56,12280.4,8.48,0.218,False,False
BGW-001,1,2019-09-11,27,114.71,436.8,97.9,4.3,4.38,82.6,0.896,0.686,131.43,0.304,91.52,12009.8,7.13,0.054,False,False
BGW-001,1,2019-09-12,28,113.05,455.5,100.0,6.2,4.35,80.9,0.832,0.631,177.82,0.289,126.43,12455.5,9.58,0.381,False,False
BGW-001,1,2019-09-13,29,111.43,474.8,100.0,4.47,4.32,81.4,0.886,0.666,135.25,0.326,91.16,12192.8,7.42,0.089,False,False
BGW-001,1,2019-09-14,30,109.86,494.5,100.0,5.0,4.28,83.6,0.865,0.644,146.34,0.308,101.28,12345.5,8.1,0.193,False,False
BGW-001,1,2019-09-15,31,108.32,514.7,99.2,5.95,4.25,85.1,0.83,0.611,164.01,0.318,111.81,12259.4,9.18,0.37,False,False
BGW-001,1,2019-09-16,32,106.82,535.3,97.6,4.1,4.21,89.9,0.884,0.645,117.38,0.326,79.14,12123.7,7.06,0.076,False,False
BGW-001,1,2019-09-17,33,105.36,556.4,100.0,3.99,4.18,90.0,0.882,0.636,115.37,0.285,82.51,11933.0,6.68,0.081,False,False
BGW-001,1,2019-09-18,34,103.93,578.0,100.0,5.63,4.14,85.1,0.83,0.592,151.5,0.318,103.28,12491.5,8.84,0.346,False,False
BGW-001,1,2019-09-19,35,102.54,600.0,97.5,4.21,4.11,82.2,0.873,0.616,114.87,0.341,75.72,12452.2,7.01,0.108,False,False
BGW-001,1,2019-09-20,36,101.18,622.4,100.0,4.35,4.07,87.1,0.865,0.603,119.24,0.348,77.69,12208.6,7.2,0.144,False,False
BGW-001,1,2019-09-21,37,99.86,645.2,99.8,4.16,4.04,85.5,0.868,0.598,112.82,0.342,74.2,12496.6,7.12,0.121,False,False
BGW-001,1,2019-09-22,38,98.57,668.4,100.0,5.25,4.01,76.3,0.827,0.564,134.47,0.338,89.08,12362.6,8.63,0.324,False,False
BGW-001,1,2019-09-23,39,97.31,692.0,97.6,3.88,3.97,83.5,0.866,0.583,100.44,0.352,65.09,12214.3,6.82,0.112,False,False
BGW-001,1,2019-09-24,40,96.08,716.0,97.5,3.97,3.94,78.0,0.862,0.574,100.95,0.345,66.17,12510.8,7.14,0.123,False,False
BGW-001,1,2019-09-25,41,94.88,740.4,100.0,5.2,3.9,81.5,0.817,0.537,126.85,0.368,80.17,12275.6,8.4,0.349,False,False
BGW-001,1,2019-09-26,42,93.72,765.2,100.0,4.62,3.87,84.1,0.832,0.54,113.53,0.363,72.36,12419.1,7.66,0.26,False,False
BGW-001,1,2019-09-27,43,92.58,790.2,100.0,4.51,3.84,81.0,0.832,0.534,109.38,0.378,68.02,12437.2,7.71,0.252,False,False
BGW-001,1,2019-09-28,44,91.47,815.6,96.0,3.74,3.8,80.6,0.852,0.539,87.96,0.334,58.55,12131.4,6.29,0.14,False,False
BGW-001,1,2019-09-29,45,90.38,841.4,98.3,3.64,3.77,77.9,0.849,0.53,86.27,0.317,58.93,12199.2,6.86,0.146,False,False
BGW-001,1,2019-09-30,46,89.33,867.4,98.8,3.81,3.74,80.8,0.843,0.52,88.93,0.383,54.84,12290.6,6.83,0.164,False,False
BGW-001,1,2019-10-01,47,88.3,893.7,99.3,3.58,3.71,88.3,0.842,0.513,82.99,0.367,52.53,12199.2,6.63,0.158,False,False
BGW-001,1,2019-10-02,48,87.29,920.3,94.7,3.63,3.67,85.0,0.839,0.505,78.98,0.397,47.64,12388.7,6.5,0.164,False,False
BGW-001,1,2019-10-03,49,86.31,947.1,95.6,3.89,3.64,78.1,0.828,0.491,82.99,0.386,50.96,12363.8,6.47,0.213,False,False
BGW-001,1,2019-10-04,50,85.36,974.2,97.6,3.73,3.61,82.7,0.829,0.486,80.46,0.397,48.53,12256.2,6.65,0.198,False,False
BGW-001,1,2019-10-05,51,84.43,1001.4,98.7,3.52,3.58,80.7,0.83,0.48,75.75,0.413,44.47,12631.2,6.49,0.182,False,False
BGW-001,1,2019-10-06,52,83.52,1028.9,96.6,4.93,3.55,76.1,0.78,0.445,96.41,0.402,57.67,12114.8,7.87,0.431,False,False
BGW-001,1,2019-10-07,53,82.63,1056.6,96.4,3.94,3.52,75.2,0.809,0.456,78.7,0.414,46.11,12146.9,6.89,0.269,False,False
BGW-001,1,2019-10-08,54,81.77,1084.4,95.3,3.67,3.49,81.8,0.814,0.452,71.96,0.426,41.29,11989.2,6.66,0.233,False,False
BGW-001,1,2019-10-09,55,80.92,1112.4,100.0,4.88,3.46,80.4,0.769,0.422,93.61,0.422,54.14,12239.4,7.99,0.456,True,False
BGW-001,1,2019-10-10,56,80.1,1140.6,96.6,3.45,3.43,85.0,0.813,0.44,66.61,0.408,39.42,12307.2,6.59,0.217,False,False
BGW-001,1,2019-10-11,57,79.3,1168.8,92.9,3.27,3.4,82.4,0.81,0.433,59.81,0.427,34.25,12248.5,6.15,0.22,False,False
BGW-001,1,2019-10-12,58,78.52,1197.2,93.0,3.47,3.37,79.0,0.804,0.423,62.15,0.43,35.41,12215.4,6.43,0.244,False,False
BGW-001,1,2019-10-13,59,77.76,1225.6,92.9,3.2,3.35,80.5,0.804,0.418,56.41,0.42,32.73,12204.3,5.89,0.233,False,False
BGW-001,1,2019-10-14,60,77.01,1254.2,93.6,3.55,3.32,78.7,0.793,0.407,61.42,0.444,34.12,12172.4,6.43,0.28,False,False
BGW-001,1,2019-10-15,61,76.29,1282.7,97.0,3.26,3.29,79.8,0.797,0.404,58.05,0.438,32.65,11949.1,6.25,0.246,False,False
BGW-001,1,2019-10-16,62,75.58,1311.3,94.0,3.3,3.27,74.6,0.793,0.396,55.82,0.46,30.15,12027.8,6.15,0.258,False,False
BGW-001,1,2019-10-17,63,74.89,1340.0,100.0,4.45,3.24,70.8,0.75,0.37,74.87,0.462,40.28,12418.0,7.56,0.471,True,False
BGW-001,1,2019-10-18,64,74.22,1368.6,95.0,4.14,3.21,78.4,0.756,0.369,65.92,0.511,32.25,12219.6,7.3,0.428,False,False
BGW-001,1,2019-10-19,65,73.56,1397.2,93.8,3.04,3.19,78.0,0.784,0.377,48.78,0.503,24.24,12150.2,5.57,0.272,False,False
BGW-001,1,2019-10-20,66,72.92,1425.8,96.1,3.1,3.17,73.0,0.78,0.371,50.14,0.452,27.49,12367.9,5.87,0.279,False,False
BGW-001,1,2019-10-21,67,72.3,1454.4,93.2,4.12,3.14,69.7,0.744,0.349,60.92,0.506,30.1,12236.5,7.39,0.456,True,False
BGW-001,1,2019-10-22,68,71.69,1482.9,94.9,4.25,3.12,71.5,0.736,0.341,62.54,0.519,30.06,12180.7,7.1,0.49,True,False
BGW-001,1,2019-10-23,69,71.09,1511.4,97.7,3.38,3.09,79.4,0.761,0.348,52.23,0.506,25.81,12338.8,6.39,0.347,False,False
BGW-001,1,2019-10-24,70,70.52,1539.7,91.7,2.93,3.07,69.8,0.767,0.347,42.35,0.486,21.75,12106.7,5.86,0.304,False,False
BGW-001,1,2019-10-25,71,69.95,1568.0,90.4,3.01,3.05,76.7,0.764,0.341,42.27,0.492,21.49,12176.2,5.77,0.311,False,False
BGW-001,1,2019-10-26,72,69.4,1596.2,94.7,2.91,3.03,68.5,0.76,0.336,42.06,0.511,20.58,12085.4,5.43,0.317,False,False
BGW-001,1,2019-10-27,73,68.86,1624.2,91.5,4.17,3.01,68.1,0.718,0.313,54.33,0.474,28.55,11918.8,6.83,0.527,True,False
BGW-001,1,2019-10-28,74,68.34,1652.1,89.8,3.11,2.99,72.6,0.75,0.323,41.09,0.534,19.14,12089.2,5.97,0.353,False,False
BGW-001,1,2019-10-29,75,67.83,1679.9,90.1,3.12,2.97,67.4,0.745,0.318,40.66,0.498,20.41,11759.9,5.96,0.364,False,False
BGW-001,1,2019-10-30,76,67.33,1707.5,87.4,4.09,2.95,72.9,0.709,0.299,48.6,0.571,20.82,12070.0,6.89,0.544,True,False
BGW-001,1,2019-10-31,77,66.84,1734.9,91.5,3.05,2.93,73.3,0.74,0.308,39.1,0.576,16.56,12330.9,5.74,0.37,False,False
BGW-001,1,2019-11-01,78,66.37,1762.2,90.0,3.75,2.91,68.6,0.713,0.294,45.05,0.561,19.79,12198.4,6.67,0.503,True,False
BGW-001,1,2019-11-02,79,65.91,1789.3,92.6,2.79,2.89,74.3,0.738,0.301,35.34,0.586,14.65,12417.1,5.66,0.361,False,False
BGW-001,1,2019-11-03,80,65.46,1816.2,92.3,2.77,2.87,68.0,0.735,0.296,34.37,0.557,15.22,12007.3,5.48,0.367,False,False
BGW-001,1,2019-11-04,81,65.02,1842.9,88.2,3.66,2.85,72.9,0.705,0.281,41.25,0.562,18.06,12013.8,6.3,0.515,True,False
BGW-001,1,2019-11-05,82,64.59,1869.3,89.8,2.86,2.83,72.7,0.728,0.287,33.51,0.531,15.73,12090.5,5.76,0.384,False,False
BGW-001,1,2019-11-06,83,64.17,1895.6,94.5,3.24,2.82,69.9,0.711,0.278,38.68,0.578,16.31,12358.2,6.3,0.46,True,False
BGW-001,1,2019-11-07,84,63.76,1921.6,91.7,4.04,2.8,66.6,0.681,0.263,44.33,0.573,18.95,12106.9,6.94,0.608,True,False
BGW-001,1,2019-11-08,85,63.37,1947.4,89.8,2.89,2.78,71.8,0.716,0.274,32.32,0.587,13.34,11949.9,5.54,0.416,False,False
BGW-001,1,2019-11-09,86,62.98,1972.9,88.5,3.92,2.77,65.8,0.678,0.257,40.49,0.55,18.23,12079.0,6.76,0.604,True,False
BGW-001,1,2019-11-10,87,62.6,1998.2,96.1,3.69,2.75,67.2,0.682,0.256,41.28,0.57,17.77,12322.8,6.48,0.574,True,False
BGW-001,1,2019-11-11,88,62.23,2023.2,91.2,2.65,2.74,64.2,0.711,0.264,29.05,0.635,10.59,12191.4,5.68,0.414,False,False
BGW-001,1,2019-11-12,89,61.87,2047.9,90.3,2.67,2.72,69.9,0.708,0.261,28.56,0.588,11.76,12299.0,5.4,0.42,False,False
BGW-001,1,2019-11-13,90,61.52,2072.4,88.9,2.67,2.71,64.8,0.705,0.257,27.78,0.614,10.72,12168.0,5.14,0.426,False,False
BGW-001,1,2019-11-14,91,61.18,2096.6,90.7,2.58,2.69,72.5,0.702,0.254,27.03,0.599,10.85,12302.7,5.16,0.431,False,False
BGW-001,1,2019-11-15,92,60.85,2120.6,86.8,2.61,2.68,68.0,0.699,0.25,25.81,0.632,9.49,12032.5,5.05,0.436,False,False
BGW-001,1,2019-11-16,93,60.52,2144.2,90.5,2.61,2.66,71.8,0.697,0.247,26.52,0.627,9.88,12315.9,5.23,0.442,False,False
BGW-001,1,2019-11-17,94,60.2,2167.6,87.8,2.55,2.65,68.2,0.694,0.244,24.9,0.578,10.51,11816.7,5.09,0.447,False,False
BGW-001,1,2019-11-18,95,59.89,2190.7,86.9,2.57,2.64,71.0,0.691,0.241,24.51,0.62,9.32,11909.1,5.33,0.452,True,False
BGW-001,1,2019-11-19,96,59.59,2213.5,90.0,2.69,2.62,63.9,0.686,0.237,26.16,0.626,9.79,12474.6,5.49,0.47,True,False
BGW-001,1,2019-11-20,97,59.3,2235.9,86.7,2.7,2.61,65.7,0.683,0.234,24.97,0.655,8.62,11943.2,5.55,0.479,True,False
BGW-001,1,2019-11-21,98,59.01,2258.1,90.9,3.08,2.6,62.5,0.667,0.227,28.93,0.611,11.25,12158.3,5.74,0.552,True,False
BGW-001,1,2019-11-22,99,58.73,2280.0,90.2,3.25,2.59,64.5,0.658,0.222,29.67,0.662,10.03,12146.6,6.07,0.589,True,False
BGW-001,1,2019-11-23,100,58.46,2301.6,96.2,3.2,2.58,60.8,0.657,0.22,30.83,0.671,10.15,12249.9,6.02,0.587,True,False
BGW-001,1,2019-11-24,101,58.19,2322.9,86.9,2.67,2.57,66.6,0.672,0.224,23.59,0.688,7.36,12098.0,5.36,0.501,True,False
BGW-001,1,2019-11-25,102,57.93,2343.9,93.1,3.52,2.55,62.2,0.641,0.212,31.5,0.678,10.14,12375.7,6.24,0.656,True,False
BGW-001,1,2019-11-26,103,57.68,2364.6,88.2,2.62,2.54,67.7,0.668,0.219,22.99,0.682,7.3,12354.6,5.43,0.505,True,False
BGW-001,1,2019-11-27,104,57.43,2385.0,96.1,2.66,2.53,62.6,0.664,0.216,25.12,0.665,8.42,12568.3,5.52,0.519,True,False
BGW-001,1,2019-11-28,105,57.19,2405.0,95.0,3.04,2.52,61.5,0.649,0.21,27.56,0.664,9.27,12554.5,5.88,0.591,True,False
BGW-001,1,2019-11-29,106,56.96,2424.8,86.3,2.63,2.51,61.2,0.66,0.212,21.82,0.704,6.45,12100.9,5.45,0.52,True,False
BGW-001,1,2019-11-30,107,56.73,2444.3,95.6,3.38,2.5,61.9,0.632,0.202,29.59,0.685,9.31,12549.3,6.54,0.653,True,False
BGW-001,2,2019-12-19,1,176.98,112.6,100.0,6.41,5.12,82.5,0.857,0.762,222.07,0.149,189.02,12018.0,9.37,0.227,False,False
BGW-001,2,2019-12-20,2,173.73,119.8,100.0,4.89,5.1,89.8,0.9,0.798,177.29,0.171,147.05,12188.1,7.68,0.0,False,False
BGW-001,2,2019-12-21,3,170.56,127.3,98.7,6.5,5.07,85.3,0.852,0.754,219.78,0.162,184.19,12042.3,9.49,0.249,False,False
BGW-001,2,2019-12-22,4,167.47,135.1,98.0,6.5,5.05,83.6,0.852,0.751,217.43,0.124,190.43,12006.3,9.2,0.253,False,False
BGW-001,2,2019-12-23,5,164.46,143.4,100.0,5.93,5.03,83.5,0.87,0.764,205.9,0.162,172.59,12216.5,8.94,0.157,False,False
BGW-001,2,2019-12-24,6,161.52,152.1,100.0,6.15,5.01,88.6,0.862,0.755,210.79,0.158,177.46,12294.1,9.41,0.199,False,False
BGW-001,2,2019-12-25,7,158.66,161.2,100.0,4.86,4.98,93.5,0.9,0.785,173.2,0.164,144.87,12218.0,7.65,0.0,False,False
BGW-001,2,2019-12-26,8,155.86,170.6,100.0,6.16,4.96,80.5,0.86,0.747,209.1,0.191,169.14,12218.4,9.29,0.21,False,False
BGW-001,2,2019-12-27,9,153.14,180.6,100.0,4.79,4.93,92.6,0.9,0.778,169.61,0.181,138.97,12152.2,7.58,0.0,False,False
BGW-001,2,2019-12-28,10,150.49,190.9,100.0,5.42,4.91,81.0,0.883,0.76,187.36,0.194,150.93,11926.9,8.19,0.09,False,False
BGW-001,2,2019-12-29,11,147.9,201.8,100.0,4.94,4.88,94.0,0.898,0.77,172.73,0.209,136.57,12147.8,7.96,0.011,False,False
BGW-001,2,2019-12-30,12,145.38,213.0,96.7,6.38,4.85,87.0,0.849,0.724,203.03,0.223,157.76,12000.7,9.31,0.271,False,False
BGW-001,2,2019-12-31,13,142.93,224.8,100.0,6.33,4.83,89.2,0.85,0.721,207.25,0.214,162.9,12416.8,9.64,0.268,False,False
BGW-001,2,2020-01-01,14,140.53,237.0,99.5,4.78,4.8,81.7,0.9,0.759,164.08,0.231,126.15,12002.1,7.77,0.008,False,False
BGW-001,2,2020-01-02,15,138.2,249.7,99.8,5.8,4.77,87.6,0.866,0.726,190.98,0.221,148.81,12009.7,8.73,0.192,False,False
BGW-001,2,2020-01-03,16,135.92,262.8,97.3,5.16,4.74,86.8,0.886,0.738,168.38,0.212,132.7,12154.2,8.14,0.088,False,False
BGW-001,2,2020-01-04,17,133.7,276.5,100.0,5.01,4.71,91.1,0.89,0.737,167.73,0.235,128.29,12163.0,7.67,0.07,False,False
BGW-001,2,2020-01-05,18,131.54,290.6,97.6,4.83,4.68,85.8,0.895,0.736,157.51,0.268,115.24,12116.1,7.77,0.047,False,False
BGW-001,2,2020-01-06,19,129.43,305.3,100.0,5.74,4.64,80.6,0.863,0.705,184.0,0.237,140.36,12211.9,8.91,0.216,False,False
BGW-001,2,2020-01-07,20,127.37,320.5,100.0,4.46,4.61,86.4,0.9,0.73,148.03,0.273,107.66,12255.7,7.34,0.027,False,False
BGW-001,2,2020-01-08,21,125.37,336.1,100.0,4.75,4.58,92.2,0.894,0.72,155.44,0.231,119.6,12041.9,7.6,0.061,False,False
BGW-001,2,2020-01-09,22,123.41,352.3,100.0,5.8,4.55,87.9,0.858,0.685,180.77,0.3,126.47,12163.5,8.8,0.255,False,False
BGW-001,2,2020-01-10,23,121.51,369.0,99.5,4.41,4.51,91.2,0.9,0.713,142.04,0.238,108.26,12096.7,7.32,0.038,False,False
BGW-001,2,2020-01-11,24,119.65,386.1,100.0,4.4,4.48,90.1,0.9,0.707,141.27,0.288,100.6,12234.2,7.14,0.042,False,False
BGW-001,2,2020-01-12,25,117.84,403.8,100.0,4.97,4.45,85.6,0.882,0.687,155.25,0.301,108.54,12202.6,8.08,0.139,False,False
BGW-001,2,2020-01-13,26,116.08,422.0,100.0,4.98,4.41,81.9,0.879,0.678,153.37,0.265,112.73,12048.1,7.82,0.149,False,False
BGW-001,2,2020-01-14,27,114.36,440.7,98.9,4.54,4.38,84.9,0.89,0.68,138.73,0.274,100.72,12551.1,7.67,0.082,False,False
BGW-001,2,2020-01-15,28,112.68,459.9,100.0,4.51,4.34,81.2,0.887,0.672,137.77,0.269,100.65,11985.8,7.03,0.089,False,False
BGW-001,2,2020-01-16,29,111.04,479.6,100.0,5.82,4.31,82.2,0.84,0.63,166.72,0.318,113.68,12127.7,8.93,0.329,False,False
BGW-001,2,2020-01-17,30,109.45,499.8,100.0,5.47,4.27,78.5,0.848,0.63,156.62,0.285,111.91,12090.6,8.47,0.278,False,False
BGW-001,2,2020-01-18,31,107.9,520.4,99.7,4.67,4.24,81.0,0.872,0.64,135.37,0.344,88.75,12452.5,7.58,0.148,False,False
BGW-001,2,2020-01-19,32,106.38,541.5,100.0,4.17,4.2,91.8,0.883,0.642,121.81,0.283,87.38,12253.5,6.87,0.078,False,False
BGW-001,2,2020-01-20,33,104.91,563.1,100.0,5.15,4.17,83.4,0.848,0.61,142.63,0.312,98.18,12400.9,8.24,0.254,False,False
BGW-001,2,2020-01-21,34,103.47,585.2,98.8,4.22,4.13,81.6,0.875,0.622,118.01,0.321,80.16,12233.7,7.13,0.104,False,False
BGW-001,2,2020-01-22,35,102.06,607.7,100.0,5.28,4.1,75.9,0.836,0.588,141.09,0.364,89.72,12239.6,8.37,0.3,False,False
BGW-001,2,2020-01-23,36,100.7,630.6,100.0,3.87,4.06,85.9,0.873,0.607,106.83,0.336,70.91,12480.4,6.53,0.098,False,False
BGW-001,2,2020-01-24,37,99.36,654.0,100.0,3.83,4.03,82.7,0.87,0.598,103.98,0.346,68.04,12607.4,6.97,0.103,False,False
BGW-001,2,2020-01-25,38,98.06,677.8,98.8,4.1,3.99,84.7,0.864,0.586,107.96,0.368,68.19,12027.9,6.84,0.128,False,False
BGW-001,2,2020-01-26,39,96.8,701.9,99.3,5.55,3.96,74.3,0.812,0.544,136.13,0.369,85.87,12401.5,8.65,0.392,False,False
BGW-001,2,2020-01-27,40,95.56,726.5,99.0,4.79,3.92,80.2,0.833,0.552,118.81,0.339,78.56,12405.4,7.74,0.271,False,False
BGW-001,2,2020-01-28,41,94.36,751.5,95.5,4.03,3.89,83.5,0.854,0.558,97.8,0.338,64.73,12328.1,6.86,0.151,False,False
BGW-001,2,2020-01-29,42,93.18,776.8,95.4,3.9,3.85,82.8,0.855,0.552,93.33,0.379,57.95,11914.0,6.66,0.139,False,False
BGW-001,2,2020-01-30,43,92.04,802.4,100.0,3.67,3.82,82.0,0.853,0.544,90.6,0.387,55.54,12618.9,6.73,0.137,False,False
BGW-001,2,2020-01-31,44,90.92,828.4,99.2,4.94,3.79,78.3,0.812,0.511,113.69,0.393,69.02,12235.0,7.78,0.344,False,False
BGW-001,2,2020-02-01,45,89.84,854.7,96.5,3.83,3.75,87.4,0.844,0.524,88.08,0.385,54.21,12294.1,6.54,0.162,False,False
BGW-001,2,2020-02-02,46,88.78,881.4,95.4,3.84,3.72,82.3,0.84,0.515,85.84,0.385,52.8,12112.5,6.65,0.177,False,False
BGW-001,2,2020-02-03,47,87.74,908.3,96.2,3.86,3.69,77.5,0.835,0.505,85.22,0.408,50.45,12039.5,6.88,0.191,False,False
BGW-001,2,2020-02-04,48,86.74,935.4,100.0,5.05,3.66,81.2,0.791,0.472,108.4,0.374,67.88,12363.4,8.18,0.412,False,False
BGW-001,2,2020-02-05,49,85.75,962.8,99.7,3.77,3.62,83.4,0.83,0.489,83.38,0.354,53.86,12311.1,6.65,0.199,False,False
BGW-001,2,2020-02-06,50,84.8,990.5,94.3,3.44,3.59,84.5,0.831,0.483,71.28,0.399,42.88,12048.0,6.46,0.18,False,False
BGW-001,2,2020-02-07,51,83.86,1018.4,99.3,3.46,3.56,77.2,0.828,0.475,74.03,0.419,43.04,12441.3,6.16,0.186,False,False
BGW-001,2,2020-02-08,52,82.95,1046.4,93.8,3.41,3.53,76.6,0.825,0.466,67.78,0.442,37.85,12179.9,6.33,0.192,False,False
BGW-001,2,2020-02-09,53,82.07,1074.7,96.8,3.6,3.5,84.2,0.818,0.456,72.41,0.458,39.22,12472.5,6.42,0.217,False,False
BGW-001,2,2020-02-10,54,81.2,1103.1,95.3,3.62,3.47,82.6,0.813,0.448,70.24,0.434,39.72,12268.3,6.71,0.232,False,False
BGW-001,2,2020-02-11,55,80.36,1131.7,94.3,4.21,3.44,79.6,0.789,0.429,77.33,0.459,41.84,12134.4,6.96,0.347,False,False
BGW-001,2,2020-02-12,56,79.54,1160.4,95.6,3.42,3.41,78.3,0.811,0.435,64.58,0.39,39.37,12047.5,6.37,0.219,False,False
BGW-001,2,2020-02-13,57,78.74,1189.2,93.8,3.41,3.38,80.3,0.807,0.427,62.13,0.461,33.5,12516.6,6.57,0.23,False,False
BGW-001,2,2020-02-14,58,77.96,1218.1,97.1,3.21,3.35,80.2,0.805,0.42,59.38,0.452,32.51,12521.0,6.1,0.231,False,False
BGW-001,2,2020-02-15,59,77.19,1247.1,99.7,3.95,3.33,78.1,0.78,0.402,72.0,0.451,39.5,12284.2,6.94,0.348,False,False
BGW-001,2,2020-02-16,60,76.45,1276.1,94.6,3.38,3.3,74.1,0.795,0.404,58.66,0.436,33.09,12229.0,6.39,0.258,False,False
BGW-001,2,2020-02-17,61,75.73,1305.2,93.8,4.61,3.27,68.7,0.75,0.376,73.82,0.448,40.78,12125.7,7.78,0.485,True,False
BGW-001,2,2020-02-18,62,75.02,1334.3,95.9,3.37,3.25,79.2,0.787,0.389,57.2,0.466,30.55,12406.6,6.06,0.28,False,False
BGW-001,2,2020-02-19,63,74.34,1363.4,92.1,3.16,3.22,77.4,0.788,0.385,50.87,0.466,27.16,12075.5,5.77,0.264,False,False
BGW-001,2,2020-02-20,64,73.67,1392.6,95.7,4.4,3.19,76.1,0.744,0.359,68.57,0.481,35.62,12473.4,7.48,0.481,True,False
BGW-001,2,2020-02-21,65,73.01,1421.7,95.3,3.09,3.17,73.9,0.781,0.372,49.68,0.501,24.78,12273.6,5.99,0.278,False,False
BGW-001,2,2020-02-22,66,72.38,1450.7,95.1,3.06,3.14,80.8,0.777,0.365,48.37,0.53,22.72,12215.4,5.58,0.284,False,False
BGW-001,2,2020-02-23,67,71.76,1479.7,100.0,4.39,3.12,74.6,0.732,0.34,67.72,0.531,31.76,12641.4,7.47,0.513,True,False
BGW-001,2,2020-02-24,68,71.15,1508.6,93.7,3.07,3.1,75.7,0.771,0.353,46.13,0.492,23.45,12513.7,5.81,0.297,False,False
BGW-001,2,2020-02-25,69,70.56,1537.5,100.0,4.45,3.07,74.6,0.721,0.327,66.05,0.537,30.57,12506.1,7.49,0.545,True,False
BGW-001,2,2020-02-26,70,69.99,1566.3,96.0,3.62,3.05,70.3,0.745,0.333,52.66,0.534,24.56,12080.2,6.33,0.411,False,False
BGW-001,2,2020-02-27,71,69.42,1594.9,93.7,3.13,3.03,70.3,0.757,0.334,44.59,0.547,20.21,12349.0,5.96,0.335,False,False
BGW-001,2,2020-02-28,72,68.88,1623.4,94.3,3.06,3.01,70.7,0.755,0.33,43.23,0.524,20.58,12079.2,5.85,0.333,False,False
BGW-001,2,2020-02-29,73,68.35,1651.8,93.8,2.91,2.99,76.6,0.754,0.325,40.39,0.542,18.5,12023.6,5.46,0.33,False,False
BGW-001,2,2020-03-01,74,67.83,1680.0,88.1,4.29,2.97,65.8,0.706,0.301,51.72,0.544,23.56,12096.8,7.07,0.569,True,False
BGW-001,2,2020-03-02,75,67.32,1708.1,90.0,3.53,2.94,67.6,0.728,0.307,44.25,0.544,20.18,11886.1,6.06,0.445,False,False
BGW-001,2,2020-03-03,76,66.83,1736.0,92.8,4.22,2.92,67.3,0.701,0.292,51.99,0.563,22.71,12450.3,7.07,0.576,True,False
BGW-001,2,2020-03-04,77,66.34,1763.7,89.9,2.9,2.91,68.7,0.741,0.305,36.11,0.591,14.77,12177.4,5.7,0.355,False,False
BGW-001,2,2020-03-05,78,65.88,1791.3,90.6,3.34,2.89,67.8,0.723,0.294,40.43,0.571,17.35,12029.4,6.19,0.441,False,False
BGW-001,2,2020-03-06,79,65.42,1818.6,87.1,3.47,2.87,66.0,0.714,0.288,39.52,0.576,16.77,12111.2,6.46,0.473,True,False
BGW-001,2,2020-03-07,80,64.97,1845.7,89.6,3.96,2.85,63.0,0.694,0.277,44.58,0.602,17.75,11916.0,6.62,0.568,True,False
BGW-001,2,2020-03-08,81,64.54,1872.6,93.2,2.91,2.83,73.2,0.726,0.286,35.27,0.605,13.93,12250.1,5.68,0.394,False,False
BGW-001,2,2020-03-09,82,64.11,1899.2,90.1,3.8,2.81,63.5,0.692,0.27,41.97,0.561,18.41,12133.1,6.63,0.558,True,False
BGW-001,2,2020-03-10,83,63.7,1925.7,92.7,2.88,2.8,67.4,0.719,0.278,33.67,0.607,13.22,12178.3,5.62,0.406,False,False
BGW-001,2,2020-03-11,84,63.3,1951.8,95.6,3.99,2.78,70.4,0.679,0.259,44.91,0.65,15.73,12188.5,6.86,0.609,True,False
BGW-001,2,2020-03-12,85,62.91,1977.7,91.2,3.01,2.76,73.0,0.708,0.268,33.36,0.613,12.91,12077.5,5.75,0.446,False,False
BGW-001,2,2020-03-13,86,62.52,2003.4,95.9,3.22,2.75,66.3,0.697,0.261,36.6,0.633,13.44,12426.7,5.99,0.492,True,False
BGW-001,2,2020-03-14,87,62.15,2028.8,90.2,2.79,2.73,69.0,0.708,0.263,30.02,0.606,11.84,12242.6,5.49,0.426,False,False
BGW-001,2,2020-03-15,88,61.79,2053.9,87.2,2.84,2.72,71.2,0.703,0.258,29.05,0.621,11.02,11825.6,5.44,0.443,False,False
BGW-001,2,2020-03-16,89,61.43,2078.7,88.1,2.78,2.7,65.6,0.702,0.255,28.4,0.633,10.41,11902.3,5.4,0.44,False,False
BGW-001,2,2020-03-17,90,61.09,2103.3,91.2,3.39,2.69,65.6,0.678,0.244,34.38,0.64,12.38,12353.1,6.25,0.556,True,False
BGW-001,2,2020-03-18,91,60.75,2127.5,87.2,2.69,2.67,73.0,0.698,0.249,26.63,0.643,9.52,11955.1,5.32,0.442,False,False
BGW-001,2,2020-03-19,92,60.42,2151.5,87.0,2.55,2.66,63.4,0.696,0.246,24.83,0.684,7.85,12204.2,5.32,0.444,False,False
BGW-001,2,2020-03-20,93,60.1,2175.2,92.8,3.6,2.65,68.3,0.661,0.232,35.22,0.65,12.31,12239.4,6.25,0.615,True,False
BGW-001,2,2020-03-21,94,59.79,2198.5,86.9,2.62,2.63,70.4,0.69,0.24,24.9,0.659,8.5,11981.1,5.55,0.454,True,False
BGW-001,2,2020-03-22,95,59.49,2221.6,90.4,2.67,2.62,62.5,0.686,0.237,25.95,0.668,8.61,12108.5,5.54,0.468,True,False
BGW-001,2,2020-03-23,96,59.19,2244.4,91.5,3.05,2.61,63.2,0.67,0.229,29.04,0.68,9.3,12484.7,6.26,0.541,True,False
BGW-001,2,2020-03-24,97,58.9,2266.8,89.1,2.65,2.6,68.2,0.681,0.231,24.76,0.652,8.62,11979.4,5.33,0.479,True,False
BGW-001,2,2020-03-25,98,58.62,2288.9,89.4,2.57,2.58,63.6,0.68,0.229,23.87,0.672,7.83,12080.7,5.3,0.475,True,False
BGW-001,2,2020-03-26,99,58.34,2310.8,90.2,2.6,2.57,65.8,0.676,0.226,24.09,0.688,7.52,12016.1,5.53,0.485,True,False
BGW-001,2,2020-03-27,100,58.08,2332.3,90.0,2.56,2.56,65.7,0.675,0.224,23.38,0.713,6.7,12346.1,5.1,0.485,True,False
BGW-001,2,2020-03-28,101,57.82,2353.5,85.0,2.45,2.55,64.8,0.672,0.221,20.9,0.689,6.51,11705.0,5.03,0.489,True,False
BGW-001,3,2020-04-11,1,186.21,95.0,99.5,5.24,5.17,91.0,0.898,0.804,190.35,0.112,169.11,12167.5,8.24,0.013,False,False
BGW-001,3,2020-04-12,2,183.08,100.6,98.4,6.5,5.15,80.6,0.855,0.764,221.94,0.156,187.23,12080.3,9.5,0.236,False,False
BGW-001,3,2020-04-13,3,180.02,106.4,100.0,6.47,5.13,88.0,0.855,0.762,224.28,0.178,184.25,12307.1,9.77,0.234,False,False
BGW-001,3,2020-04-14,4,177.03,112.5,100.0,5.09,5.12,94.3,0.9,0.8,184.98,0.165,154.44,12239.4,8.11,0.0,False,False
BGW-001,3,2020-04-15,5,174.1,118.9,100.0,5.13,5.1,89.5,0.899,0.797,185.9,0.171,154.1,12352.6,8.07,0.005,False,False
BGW-001,3,2020-04-16,6,171.24,125.6,100.0,4.92,5.08,87.0,0.9,0.796,178.1,0.142,152.81,12139.4,7.71,0.0,False,False
BGW-001,3,2020-04-17,7,168.45,132.6,100.0,4.9,5.06,84.7,0.9,0.794,176.72,0.203,140.89,12209.4,7.78,0.0,False,False
BGW-001,3,2020-04-18,8,165.71,139.9,100.0,5.61,5.04,85.2,0.881,0.775,197.48,0.174,163.09,12353.8,8.89,0.099,False,False
BGW-001,3,2020-04-19,9,163.04,147.5,100.0,4.86,5.02,88.4,0.9,0.789,174.27,0.207,138.18,12276.5,7.78,0.0,False,False
BGW-001,3,2020-04-20,10,160.44,155.4,100.0,6.5,5.0,80.3,0.85,0.743,219.48,0.245,165.68,12363.4,9.49,0.263,False,False
BGW-001,3,2020-04-21,11,157.89,163.7,97.1,5.08,4.98,86.6,0.896,0.781,175.15,0.221,136.48,11878.4,7.96,0.018,False,False
BGW-001,3,2020-04-22,12,155.39,172.3,100.0,5.41,4.95,87.7,0.885,0.768,188.7,0.179,154.94,12117.6,8.31,0.079,False,False
BGW-001,3,2020-04-23,13,152.96,181.3,100.0,4.77,4.93,93.5,0.9,0.778,168.76,0.25,126.57,12252.0,7.74,0.0,False,False
BGW-001,3,2020-04-24,14,150.58,190.6,100.0,5.18,4.91,93.2,0.891,0.767,180.53,0.244,136.51,12048.6,8.19,0.047,False,False
BGW-001,3,2020-04-25,15,148.25,200.3,100.0,6.33,4.88,82.0,0.852,0.73,210.06,0.262,154.99,12122.2,9.18,0.253,False,False
BGW-001,3,2020-04-26,16,145.97,210.3,100.0,6.5,4.86,82.5,0.845,0.722,213.16,0.224,165.34,12086.6,9.42,0.289,False,False
BGW-001,3,2020-04-27,17,143.75,220.7,99.8,4.7,4.83,93.7,0.9,0.765,162.96,0.281,117.23,11967.1,7.8,0.005,False,False
BGW-001,3,2020-04-28,18,141.58,231.5,100.0,5.51,4.81,91.1,0.876,0.741,185.73,0.263,136.85,11998.4,8.13,0.131,False,False
BGW-001,3,2020-04-29,19,139.45,242.7,99.0,4.87,4.78,81.7,0.897,0.755,165.32,0.308,114.42,12156.9,7.86,0.024,False,False
BGW-001,3,2020-04-30,20,137.38,254.3,100.0,5.98,4.76,83.1,0.859,0.719,195.49,0.25,146.55,12148.4,8.95,0.227,False,False
BGW-001,3,2020-05-01,21,135.35,266.2,97.9,4.56,4.73,90.3,0.9,0.749,151.97,0.291,107.8,12148.2,7.47,0.015,False,False
BGW-001,3,2020-05-02,22,133.37,278.6,98.7,4.71,4.7,81.4,0.9,0.744,157.29,0.321,106.73,11946.4,7.68,0.02,False,False
BGW-001,3,2020-05-03,23,131.43,291.4,99.7,4.56,4.67,86.3,0.9,0.74,152.86,0.283,109.63,12199.1,7.47,0.021,False,False
BGW-001,3,2020-05-04,24,129.54,304.5,99.1,4.65,4.65,86.7,0.9,0.735,154.04,0.273,111.93,12230.8,7.7,0.025,False,False
BGW-001,3,2020-05-05,25,127.68,318.1,99.3,6.26,4.62,86.1,0.845,0.686,193.79,0.305,134.63,12105.3,9.65,0.314,False,False
BGW-001,3,2020-05-06,26,125.87,332.1,97.9,4.61,4.59,85.5,0.899,0.725,148.72,0.336,98.73,12119.8,7.36,0.034,False,False
BGW-001,3,2020-05-07,27,124.11,346.4,100.0,4.55,4.56,87.4,0.9,0.721,149.03,0.32,101.34,12461.9,7.63,0.033,False,False
BGW-001,3,2020-05-08,28,122.38,361.2,100.0,4.49,4.53,87.8,0.9,0.716,146.17,0.311,100.71,12247.6,7.44,0.037,False,False
BGW-001,3,2020-05-09,29,120.69,376.4,100.0,4.4,4.5,86.3,0.9,0.71,142.03,0.324,96.05,12429.1,7.35,0.04,False,False
BGW-001,3,2020-05-10,30,119.04,392.0,98.2,4.42,4.47,90.2,0.9,0.705,139.06,0.36,89.02,12016.6,7.33,0.044,False,False
BGW-001,3,2020-05-11,31,117.42,408.0,99.8,4.53,4.44,85.5,0.896,0.696,143.16,0.327,96.41,12333.4,7.61,0.064,False,False
BGW-001,3,2020-05-12,32,115.85,424.5,100.0,4.2,4.41,82.4,0.897,0.691,132.07,0.41,77.91,12300.9,7.24,0.051,False,False
BGW-001,3,2020-05-13,33,114.3,441.3,100.0,5.84,4.38,88.8,0.846,0.647,171.67,0.394,104.04,12293.0,9.02,0.311,False,False
BGW-001,3,2020-05-14,34,112.8,458.5,97.1,4.39,4.35,92.6,0.892,0.676,130.99,0.362,83.55,12089.0,7.07,0.067,False,False
BGW-001,3,2020-05-15,35,111.33,476.1,98.7,4.11,4.31,82.8,0.891,0.669,123.44,0.372,77.53,12217.0,6.7,0.063,False,False
BGW-001,3,2020-05-16,36,109.89,494.1,98.2,4.08,4.28,90.1,0.889,0.662,120.49,0.4,72.34,12311.8,7.01,0.067,False,False
BGW-001,3,2020-05-17,37,108.48,512.6,100.0,4.37,4.25,90.7,0.883,0.651,129.26,0.388,79.06,12394.5,7.39,0.091,False,False
BGW-001,3,2020-05-18,38,107.1,531.3,97.4,4.4,4.22,92.2,0.879,0.642,124.99,0.397,75.32,11913.9,7.11,0.107,False,False
BGW-001,3,2020-05-19,39,105.76,550.5,100.0,5.74,4.19,85.5,0.831,0.601,156.71,0.383,96.71,12313.3,8.92,0.351,False,False
BGW-001,3,2020-05-20,40,104.45,570.1,98.9,4.06,4.16,84.8,0.88,0.63,115.03,0.407,68.25,12258.3,7.01,0.084,False,False
BGW-001,3,2020-05-21,41,103.16,590.0,98.9,4.13,4.13,82.4,0.878,0.623,115.47,0.411,67.97,12276.8,7.39,0.089,False,False
BGW-001,3,2020-05-22,42,101.91,610.2,97.8,4.23,4.09,91.1,0.871,0.611,114.87,0.411,67.67,12257.7,7.04,0.116,False,False
BGW-001,3,2020-05-23,43,100.68,630.9,100.0,3.93,4.06,86.2,0.873,0.607,108.27,0.423,62.46,12251.6,7.24,0.098,False,False
BGW-001,3,2020-05-24,44,99.48,651.8,100.0,4.33,4.03,88.0,0.861,0.592,116.35,0.424,66.99,12325.5,7.29,0.155,False,False
BGW-001,3,2020-05-25,45,98.31,673.1,100.0,4.17,4.0,80.0,0.862,0.586,111.24,0.445,61.77,12189.9,7.18,0.138,False,False
BGW-001,3,2020-05-26,46,97.17,694.8,100.0,3.81,3.97,83.8,0.866,0.582,100.85,0.471,53.38,12411.3,6.85,0.112,False,False
BGW-001,3,2020-05-27,47,96.05,716.7,100.0,4.11,3.94,81.2,0.857,0.57,106.45,0.434,60.23,12159.6,6.95,0.147,False,False
BGW-001,3,2020-05-28,48,94.95,739.0,100.0,4.5,3.91,76.5,0.841,0.553,113.05,0.47,59.94,12270.2,7.78,0.226,False,False
BGW-001,3,2020-05-29,49,93.89,761.5,99.7,4.05,3.88,87.9,0.852,0.554,101.72,0.462,54.74,12249.7,7.27,0.158,False,False
BGW-001,3,2020-05-30,50,92.84,784.4,97.3,3.68,3.84,80.2,0.855,0.55,89.42,0.474,47.01,11950.9,6.43,0.133,False,False
BGW-001,3,2020-05-31,51,91.82,807.5,98.1,3.75,3.81,86.6,0.852,0.542,90.78,0.479,47.28,12357.7,6.84,0.138,False,False
BGW-001,3,2020-06-01,52,90.82,830.9,93.8,5.17,3.78,77.5,0.803,0.505,111.32,0.5,55.69,12243.5,8.4,0.387,False,False
BGW-001,3,2020-06-02,53,89.85,854.5,100.0,4.13,3.75,81.4,0.834,0.518,97.31,0.477,50.85,12127.9,7.02,0.215,False,False
BGW-001,3,2020-06-03,54,88.89,878.4,100.0,5.17,3.72,72.1,0.796,0.489,114.73,0.5,57.36,12442.5,8.61,0.406,False,False
BGW-001,3,2020-06-04,55,87.96,902.5,96.4,3.58,3.69,84.6,0.841,0.51,80.02,0.485,41.2,12059.0,6.38,0.16,False,False
BGW-001,3,2020-06-05,56,87.05,926.8,99.9,3.59,3.67,84.4,0.839,0.503,81.92,0.482,42.41,12503.0,6.61,0.165,False,False
BGW-001,3,2020-06-06,57,86.16,951.4,92.2,3.88,3.64,83.5,0.828,0.49,79.72,0.496,40.19,12045.9,6.81,0.214,False,False
BGW-001,3,2020-06-07,58,85.29,976.1,97.0,3.54,3.61,80.3,0.833,0.487,76.12,0.545,34.64,12335.6,6.08,0.176,False,False
BGW-001,3,2020-06-08,59,84.44,1001.0,95.8,3.47,3.58,78.3,0.83,0.48,72.4,0.542,33.17,12179.6,6.02,0.182,False,False
BGW-001,3,2020-06-09,60,83.61,1026.1,95.9,3.4,3.55,75.4,0.827,0.472,69.99,0.539,32.28,11762.1,5.91,0.188,False,False
BGW-001,3,2020-06-10,61,82.8,1051.4,99.9,4.4,3.52,76.0,0.795,0.449,89.65,0.565,39.0,12426.4,7.49,0.347,False,False
BGW-001,3,2020-06-11,62,82.0,1076.8,99.5,4.19,3.5,72.6,0.798,0.445,84.32,0.558,37.24,12546.4,7.41,0.32,False,False
BGW-001,3,2020-06-12,63,81.23,1102.3,100.0,3.74,3.47,83.0,0.809,0.446,75.69,0.546,34.38,12352.5,6.58,0.252,False,False
BGW-001,3,2020-06-13,64,80.47,1127.9,95.4,3.46,3.44,83.0,0.815,0.443,66.5,0.601,26.52,12220.6,6.5,0.214,False,False
BGW-001,3,2020-06-14,65,79.73,1153.7,97.7,3.66,3.42,83.1,0.804,0.432,70.25,0.579,29.58,12371.0,6.53,0.259,False,False
BGW-001,3,2020-06-15,66,79.0,1179.5,95.3,3.4,3.39,76.8,0.809,0.43,63.22,0.598,25.39,12224.0,5.88,0.224,False,False
BGW-001,3,2020-06-16,67,78.29,1205.5,92.4,4.34,3.37,77.7,0.773,0.406,74.11,0.564,32.3,11881.5,7.19,0.4,False,False
BGW-001,3,2020-06-17,68,77.6,1231.5,97.9,3.43,3.34,72.5,0.8,0.415,63.3,0.61,24.71,12463.9,6.57,0.25,False,False
BGW-001,3,2020-06-18,69,76.93,1257.5,95.5,3.15,3.32,83.9,0.8,0.41,56.11,0.592,22.91,12141.5,6.17,0.24,False,False
BGW-001,3,2020-06-19,70,76.26,1283.6,100.0,4.5,3.29,78.2,0.757,0.383,78.36,0.578,33.06,12102.0,7.42,0.458,True,False
BGW-001,3,2020-06-20,71,75.62,1309.7,95.6,3.41,3.27,82.6,0.789,0.395,58.51,0.601,23.33,12331.7,6.66,0.277,False,False
BGW-001,3,2020-06-21,72,74.99,1335.9,92.0,3.25,3.24,82.2,0.791,0.391,53.16,0.593,21.64,12081.9,6.02,0.26,False,False
BGW-001,3,2020-06-22,73,74.37,1362.0,90.5,4.32,3.22,75.4,0.751,0.367,65.2,0.622,24.63,12050.3,7.14,0.456,True,False
BGW-001,3,2020-06-23,74,73.77,1388.2,99.2,3.77,3.2,79.9,0.766,0.37,62.89,0.596,25.42,12516.0,6.92,0.37,False,False
BGW-001,3,2020-06-24,75,73.18,1414.3,92.1,3.54,3.18,75.5,0.77,0.368,54.4,0.617,20.85,11959.7,6.24,0.339,False,False
BGW-001,3,2020-06-25,76,72.6,1440.4,98.3,4.05,3.15,75.5,0.749,0.354,63.94,0.647,22.59,12282.2,6.85,0.439,False,False
BGW-001,3,2020-06-26,77,72.04,1466.5,95.7,3.14,3.13,77.7,0.775,0.362,49.4,0.63,18.3,12521.9,5.78,0.289,False,False
BGW-001,3,2020-06-27,78,71.49,1492.5,97.0,4.0,3.11,70.6,0.743,0.343,60.5,0.666,20.18,11994.4,6.54,0.45,True,False
BGW-001,3,2020-06-28,79,70.95,1518.5,91.2,2.95,3.09,71.5,0.77,0.351,42.95,0.703,12.76,12029.6,5.69,0.3,False,False
BGW-001,3,2020-06-29,80,70.42,1544.3,94.8,3.02,3.07,73.4,0.766,0.346,44.99,0.662,15.19,12119.9,5.65,0.306,False,False
BGW-001,3,2020-06-30,81,69.91,1570.1,95.0,3.18,3.05,74.3,0.759,0.339,46.49,0.654,16.07,12386.6,6.16,0.334,False,False
BGW-001,3,2020-07-01,82,69.41,1595.9,95.2,3.08,3.03,77.7,0.759,0.335,44.69,0.67,14.76,12226.9,5.97,0.327,False,False
BGW-001,3,2020-07-02,83,68.91,1621.5,92.3,3.05,3.01,72.8,0.756,0.33,42.28,0.65,14.79,11888.4,5.58,0.331,False,False
BGW-001,3,2020-07-03,84,68.44,1647.0,92.6,2.91,2.99,70.3,0.755,0.326,39.91,0.685,12.59,12390.3,5.84,0.329,False,False
BGW-001,4,2020-07-20,1,184.49,98.1,100.0,6.5,5.16,84.9,0.855,0.765,225.93,0.154,191.08,12233.1,9.61,0.235,False,False
BGW-001,4,2020-07-21,2,181.35,103.8,100.0,6.5,5.14,77.1,0.855,0.763,225.29,0.152,191.13,12138.3,9.73,0.238,False,False
BGW-001,4,2020-07-22,3,178.29,109.9,99.3,5.14,5.12,94.0,0.9,0.801,185.58,0.144,158.89,12210.8,8.03,0.002,False,False
BGW-001,4,2020-07-23,4,175.29,116.3,100.0,5.18,5.11,84.6,0.898,0.797,187.6,0.186,152.63,12212.4,8.23,0.013,False,False
BGW-001,4,2020-07-24,5,172.36,122.9,100.0,5.15,5.09,90.9,0.898,0.795,186.04,0.173,153.88,12268.8,8.14,0.01,False,False
BGW-001,4,2020-07-25,6,169.5,129.9,100.0,5.15,5.07,81.0,0.897,0.793,185.38,0.158,156.1,12138.4,8.34,0.014,False,False
BGW-001,4,2020-07-26,7,166.71,137.2,100.0,6.5,5.05,78.2,0.852,0.75,221.55,0.184,180.69,12108.5,9.31,0.254,False,False
BGW-001,4,2020-07-27,8,163.97,144.8,99.7,4.78,5.03,85.5,0.9,0.79,171.0,0.167,142.5,12303.5,7.87,0.0,False,False
BGW-001,4,2020-07-28,9,161.31,152.7,96.9,6.5,5.01,80.3,0.85,0.744,212.9,0.164,177.96,11779.7,9.48,0.262,False,False
BGW-001,4,2020-07-29,10,158.7,161.0,100.0,6.05,4.98,83.7,0.864,0.754,207.36,0.184,169.11,12079.2,9.03,0.187,False,False
BGW-001,4,2020-07-30,11,156.15,169.6,99.1,5.04,4.96,92.7,0.897,0.78,177.12,0.181,145.13,11807.8,7.92,0.014,False,False
BGW-001,4,2020-07-31,12,153.66,178.6,100.0,4.79,4.94,92.1,0.9,0.779,169.55,0.2,135.57,12167.3,7.94,0.0,False,False
BGW-001,4,2020-08-01,13,151.23,188.0,100.0,6.28,4.91,84.1,0.854,0.737,210.33,0.161,176.48,12234.9,9.76,0.24,False,False
BGW-001,4,2020-08-02,14,148.85,197.7,100.0,5.08,4.89,87.4,0.894,0.767,177.12,0.185,144.4,12024.2,8.19,0.033,False,False
BGW-001,4,2020-08-03,15,146.53,207.8,100.0,4.97,4.87,88.4,0.896,0.766,173.09,0.214,136.01,12322.1,8.03,0.02,False,False
BGW-001,4,2020-08-04,16,144.26,218.3,100.0,6.37,4.84,89.1,0.849,0.722,209.05,0.218,163.41,12284.2,9.3,0.272,False,False
BGW-001,4,2020-08-05,17,142.05,229.1,100.0,5.82,4.81,79.4,0.867,0.734,193.87,0.202,154.71,12393.3,8.97,0.182,False,False
BGW-001,4,2020-08-06,18,139.88,240.4,100.0,4.78,4.79,93.1,0.9,0.758,164.79,0.233,126.34,11986.4,7.41,0.009,False,False
BGW-001,4,2020-08-07,19,137.77,252.1,99.8,4.71,4.76,88.9,0.9,0.754,161.21,0.221,125.65,12323.3,7.61,0.012,False,False
BGW-001,4,2020-08-08,20,135.7,264.1,100.0,4.88,4.73,82.6,0.895,0.746,165.26,0.214,129.96,12171.8,8.05,0.039,False,False
BGW-001,4,2020-08-09,21,133.68,276.6,100.0,5.42,4.71,91.3,0.876,0.725,178.78,0.227,138.12,12200.4,8.62,0.143,False,False
BGW-001,4,2020-08-10,22,131.71,289.5,97.2,4.83,4.68,85.8,0.895,0.737,157.09,0.246,118.48,12004.1,7.8,0.047,False,False
BGW-001,4,2020-08-11,23,129.78,302.8,100.0,6.2,4.65,87.7,0.848,0.694,195.54,0.269,142.9,12131.8,9.32,0.295,False,False
BGW-001,4,2020-08-12,24,127.89,316.5,97.8,4.51,4.62,92.6,0.9,0.731,146.48,0.224,113.69,12123.9,7.33,0.026,False,False
BGW-001,4,2020-08-13,25,126.05,330.6,100.0,5.76,4.59,82.1,0.861,0.695,181.94,0.23,140.04,12166.1,8.59,0.235,False,False
BGW-001,4,2020-08-14,26,124.25,345.2,100.0,4.51,4.56,81.0,0.9,0.721,147.91,0.235,113.14,12326.6,7.72,0.033,False,False
BGW-001,4,2020-08-15,27,122.5,360.2,100.0,4.39,4.53,90.5,0.9,0.716,142.75,0.262,105.3,11961.7,7.29,0.036,False,False
BGW-001,4,2020-08-16,28,120.78,375.6,100.0,5.38,4.5,81.1,0.871,0.688,167.96,0.259,124.48,11969.1,8.25,0.193,False,False
BGW-001,4,2020-08-17,29,119.1,391.4,96.2,6.19,4.47,87.0,0.843,0.66,178.7,0.253,133.55,12295.7,9.49,0.345,False,False
BGW-001,4,2020-08-18,30,117.47,407.6,100.0,4.51,4.44,82.1,0.897,0.697,142.77,0.242,108.26,12367.6,7.69,0.059,False,False
BGW-001,4,2020-08-19,31,115.86,424.3,100.0,6.11,4.41,77.7,0.84,0.648,179.91,0.266,132.13,12239.6,9.34,0.349,False,False
BGW-001,4,2020-08-20,32,114.3,441.3,100.0,4.44,4.38,83.9,0.893,0.682,137.76,0.275,99.87,12408.0,7.3,0.066,False,False
BGW-001,4,2020-08-21,33,112.77,458.8,100.0,4.22,4.35,89.6,0.893,0.677,129.83,0.268,95.0,12121.3,7.08,0.059,False,False
BGW-001,4,2020-08-22,34,111.28,476.7,100.0,4.42,4.31,91.2,0.888,0.666,133.77,0.27,97.6,12258.2,7.31,0.081,False,False
BGW-001,4,2020-08-23,35,109.82,495.0,100.0,6.21,4.28,75.0,0.825,0.614,173.04,0.297,121.73,12142.3,9.01,0.404,False,False
BGW-001,4,2020-08-24,36,108.39,513.7,97.4,4.77,4.25,78.8,0.869,0.641,135.39,0.302,94.43,12226.6,7.69,0.163,False,False
BGW-001,4,2020-08-25,37,107.0,532.8,99.4,4.26,4.22,91.7,0.883,0.645,124.0,0.298,87.04,12365.1,7.37,0.083,False,False
BGW-001,4,2020-08-26,38,105.64,552.3,100.0,5.63,4.19,77.8,0.834,0.603,154.3,0.281,110.87,12008.8,8.85,0.333,False,False
BGW-001,4,2020-08-27,39,104.31,572.2,100.0,4.29,4.15,87.2,0.875,0.626,122.1,0.296,85.96,12222.9,7.61,0.108,False,False
BGW-001,4,2020-08-28,40,103.01,592.4,100.0,5.04,4.12,79.3,0.847,0.6,137.43,0.29,97.58,12367.2,8.27,0.25,False,False
BGW-001,4,2020-08-29,41,101.74,613.0,99.9,4.91,4.09,81.8,0.848,0.594,132.53,0.298,93.01,12516.8,8.01,0.237,False,False
BGW-001,4,2020-08-30,42,100.5,634.0,100.0,4.96,4.06,81.6,0.843,0.584,131.76,0.322,89.29,12263.5,8.06,0.257,False,False
BGW-001,4,2020-08-31,43,99.29,655.3,98.4,3.87,4.03,85.6,0.87,0.597,103.48,0.298,72.65,12260.8,7.03,0.103,False,False
BGW-001,4,2020-09-01,44,98.1,677.0,96.6,3.89,3.99,80.9,0.868,0.589,100.62,0.312,69.26,12111.5,6.66,0.108,False,False
BGW-001,4,2020-09-02,45,96.95,699.0,99.0,3.8,3.96,82.1,0.865,0.581,99.27,0.34,65.55,12044.8,6.67,0.113,False,False
BGW-001,4,2020-09-03,46,95.82,721.3,96.4,3.78,3.93,90.3,0.863,0.572,94.93,0.365,60.26,11930.0,6.94,0.118,False,False
BGW-001,4,2020-09-04,47,94.71,744.0,100.0,4.41,3.9,81.2,0.843,0.553,110.9,0.329,74.46,12410.5,7.46,0.213,False,False
BGW-001,4,2020-09-05,48,93.63,767.0,100.0,3.93,3.87,77.7,0.855,0.555,98.98,0.349,64.41,12232.6,6.66,0.139,False,False
BGW-001,4,2020-09-06,49,92.58,790.2,97.8,3.9,3.84,78.7,0.852,0.547,94.82,0.367,60.01,12454.9,6.91,0.146,False,False
BGW-001,4,2020-09-07,50,91.55,813.7,95.4,4.01,3.81,84.6,0.845,0.536,93.04,0.325,62.83,11937.1,6.9,0.175,False,False
BGW-001,4,2020-09-08,51,90.54,837.5,98.3,3.85,3.78,78.8,0.846,0.53,91.19,0.377,56.81,12289.1,6.84,0.158,False,False
BGW-001,4,2020-09-09,52,89.56,861.6,96.1,3.59,3.74,76.3,0.846,0.524,82.11,0.306,57.02,11997.7,6.3,0.15,False,False
BGW-001,4,2020-09-10,53,88.6,885.9,96.4,3.68,3.71,86.0,0.843,0.516,83.26,0.377,51.86,12212.9,6.6,0.156,False,False
BGW-001,4,2020-09-11,54,87.66,910.5,97.4,3.84,3.69,79.4,0.835,0.505,85.72,0.367,54.29,12242.7,6.63,0.188,False,False
BGW-001,4,2020-09-12,55,86.74,935.2,95.7,3.69,3.66,82.1,0.836,0.499,80.11,0.378,49.8,12110.3,6.31,0.173,False,False
BGW-001,4,2020-09-13,56,85.85,960.2,94.8,3.68,3.63,86.6,0.833,0.491,77.87,0.366,49.33,11982.8,6.55,0.182,False,False
BGW-001,4,2020-09-14,57,84.97,985.4,100.0,5.04,3.6,73.8,0.784,0.457,104.52,0.409,61.78,12613.1,8.49,0.43,False,False
BGW-001,4,2020-09-15,58,84.12,1010.7,94.6,3.59,3.57,82.1,0.828,0.477,73.51,0.361,46.97,12065.1,6.53,0.187,False,False
BGW-001,4,2020-09-16,59,83.28,1036.3,100.0,4.39,3.54,74.3,0.798,0.453,90.41,0.395,54.68,12563.0,7.62,0.338,False,False
BGW-001,4,2020-09-17,60,82.46,1061.9,93.9,3.6,3.51,83.3,0.82,0.46,70.68,0.367,44.76,12391.6,6.7,0.211,False,False
BGW-001,4,2020-09-18,61,81.67,1087.8,97.6,3.62,3.49,81.9,0.815,0.452,72.63,0.394,44.0,12408.4,6.72,0.226,False,False
BGW-001,4,2020-09-19,62,80.89,1113.7,95.3,3.37,3.46,82.6,0.817,0.448,65.25,0.347,42.6,12059.5,6.23,0.208,False,False
BGW-001,4,2020-09-20,63,80.12,1139.8,96.3,3.55,3.43,77.5,0.81,0.438,68.19,0.4,40.94,12147.6,6.39,0.235,False,False
BGW-001,4,2020-09-21,64,79.38,1166.0,99.6,4.54,3.4,69.6,0.773,0.413,84.9,0.418,49.4,12387.3,7.55,0.418,False,False
BGW-001,4,2020-09-22,65,78.65,1192.2,100.0,4.15,3.38,81.8,0.782,0.413,77.92,0.386,47.86,12395.6,7.04,0.361,False,False
BGW-001,4,2020-09-23,66,77.94,1218.6,99.7,3.65,3.35,80.8,0.795,0.415,68.6,0.379,42.61,12340.2,6.59,0.284,False,False
BGW-001,4,2020-09-24,67,77.25,1245.0,94.7,3.36,3.33,75.0,0.8,0.413,59.66,0.408,35.31,12570.0,6.23,0.243,False,False
BGW-001,4,2020-09-25,68,76.57,1271.4,94.6,3.38,3.3,71.8,0.796,0.405,58.86,0.438,33.07,12313.6,6.54,0.257,False,False
BGW-001,4,2020-09-26,69,75.91,1297.9,98.6,3.88,3.28,76.8,0.775,0.39,67.9,0.412,39.94,12488.2,7.22,0.356,False,False
BGW-001,4,2020-09-27,70,75.26,1324.5,94.3,4.41,3.25,70.2,0.754,0.375,70.75,0.408,41.85,12365.8,7.46,0.457,True,False
BGW-001,4,2020-09-28,71,74.63,1351.0,100.0,4.49,3.23,72.4,0.747,0.367,74.9,0.433,42.46,12326.7,7.46,0.482,True,False
BGW-001,4,2020-09-29,72,74.01,1377.5,92.4,3.35,3.21,81.5,0.781,0.379,53.4,0.434,30.2,12127.6,6.24,0.293,False,False
BGW-001,4,2020-09-30,73,73.41,1404.1,100.0,3.58,3.18,72.8,0.77,0.369,60.09,0.431,34.2,12324.4,6.46,0.343,False,False
BGW-001,4,2020-10-01,74,72.82,1430.6,98.6,3.52,3.16,72.2,0.768,0.364,57.43,0.429,32.78,12469.9,6.53,0.343,False,False
BGW-001,4,2020-10-02,75,72.24,1457.0,91.9,3.04,3.14,76.2,0.777,0.364,46.25,0.439,25.94,12066.2,5.63,0.286,False,False
BGW-001,4,2020-10-03,76,71.68,1483.5,89.4,3.4,3.12,77.1,0.764,0.354,48.85,0.449,26.93,12407.9,6.32,0.34,False,False
BGW-001,4,2020-10-04,77,71.13,1509.8,91.4,3.04,3.1,80.9,0.771,0.353,44.52,0.432,25.3,12252.7,5.88,0.298,False,False
BGW-001,4,2020-10-05,78,70.59,1536.1,91.0,4.28,3.08,65.5,0.727,0.329,58.36,0.418,33.96,11921.7,7.25,0.515,True,False
BGW-001,4,2020-10-06,79,70.06,1562.3,90.4,2.92,3.05,79.3,0.764,0.342,41.13,0.471,21.75,11918.0,5.5,0.31,False,False
BGW-001,4,2020-10-07,80,69.55,1588.4,97.7,3.91,3.03,66.9,0.732,0.324,56.36,0.445,31.3,12660.8,6.79,0.47,True,False
BGW-001,4,2020-10-08,81,69.05,1614.5,100.0,4.02,3.01,72.6,0.725,0.317,58.02,0.454,31.69,12599.3,7.22,0.498,True,True
BGW-001,4,2020-10-09,82,68.56,1640.4,90.6,2.99,2.99,68.6,0.755,0.327,40.31,0.493,20.46,12352.0,5.94,0.327,False,False
BGW-001,4,2020-10-10,83,68.08,1666.2,89.6,2.88,2.98,74.0,0.752,0.322,37.88,0.447,20.94,12124.2,5.68,0.333,False,False
BGW-001,4,2020-10-11,84,67.61,1691.8,94.4,2.85,2.96,76.0,0.749,0.318,38.93,0.484,20.08,12162.2,5.68,0.339,False,False
BGW-001,4,2020-10-12,85,67.15,1717.4,89.5,2.79,2.94,68.4,0.746,0.313,35.56,0.458,19.29,12266.1,5.74,0.345,False,False
BGW-001,4,2020-10-13,86,66.71,1742.7,97.4,3.24,2.92,69.8,0.733,0.304,43.62,0.479,22.71,12436.0,6.06,0.406,False,False
BGW-001,4,2020-10-14,87,66.27,1768.0,96.5,3.93,2.9,65.0,0.706,0.29,50.04,0.493,25.36,12229.1,6.89,0.536,True,False
BGW-001,4,2020-10-15,88,65.85,1793.0,89.3,2.87,2.89,72.1,0.737,0.3,34.9,0.463,18.76,11973.5,5.58,0.362,False,False
BGW-001,4,2020-10-16,89,65.43,1817.9,90.2,2.83,2.87,76.0,0.735,0.296,34.3,0.478,17.9,12028.3,5.42,0.368,False,False
BGW-001,4,2020-10-17,90,65.02,1842.7,97.4,3.39,2.85,73.7,0.714,0.285,42.72,0.515,20.71,12148.9,6.33,0.467,True,False
BGW-001,4,2020-10-18,91,64.62,1867.2,92.5,2.7,2.84,66.7,0.729,0.288,32.74,0.489,16.72,12305.0,5.6,0.379,False,False
BGW-001,4,2020-10-19,92,64.24,1891.5,92.7,3.04,2.82,68.3,0.719,0.281,36.0,0.479,18.76,12105.8,5.83,0.423,False,False
BGW-001,4,2020-10-20,93,63.86,1915.7,91.1,2.93,2.8,71.6,0.719,0.279,33.81,0.532,15.82,12105.6,5.61,0.412,False,False
BGW-001,4,2020-10-21,94,63.49,1939.6,88.3,2.74,2.79,72.0,0.72,0.277,30.38,0.525,14.43,12107.0,5.64,0.395,False,False
BGW-001,4,2020-10-22,95,63.12,1963.3,91.4,3.61,2.77,63.0,0.69,0.262,39.34,0.54,18.11,12258.9,6.28,0.547,True,False
BGW-001,4,2020-10-23,96,62.77,1986.9,92.6,2.75,2.76,72.4,0.715,0.269,31.23,0.49,15.93,11962.6,5.5,0.406,False,False
BGW-001,4,2020-10-24,97,62.42,2010.2,92.6,2.68,2.74,71.8,0.712,0.266,29.97,0.539,13.8,12025.2,5.33,0.411,False,False
BGW-001,4,2020-10-25,98,62.09,2033.2,92.1,2.85,2.73,69.3,0.706,0.261,31.15,0.553,13.92,12337.6,5.8,0.437,False,False
BGW-001,4,2020-10-26,99,61.76,2056.1,88.6,2.6,2.72,63.7,0.707,0.259,27.19,0.545,12.38,12139.1,5.22,0.422,False,False
BGW-001,4,2020-10-27,100,61.43,2078.7,96.4,3.28,2.7,66.9,0.685,0.249,35.78,0.511,17.5,12547.8,6.14,0.528,True,False
BGW-001,4,2020-10-28,101,61.12,2101.1,88.5,2.65,2.69,68.7,0.702,0.253,27.02,0.545,12.29,11927.4,5.4,0.432,False,False
BGW-001,4,2020-10-29,102,60.81,2123.2,86.1,2.98,2.68,67.2,0.689,0.247,28.73,0.541,13.2,11874.3,5.85,0.49,True,False
BGW-001,4,2020-10-30,103,60.51,2145.1,87.0,2.54,2.66,63.1,0.696,0.247,24.81,0.57,10.67,11718.6,5.06,0.442,False,False
BGW-001,4,2020-10-31,104,60.22,2166.8,89.8,2.7,2.65,65.6,0.692,0.244,26.83,0.54,12.35,12301.1,5.28,0.455,True,False
BGW-001,4,2020-11-01,105,59.93,2188.2,89.5,2.69,2.64,63.5,0.69,0.241,26.37,0.549,11.9,12225.6,5.37,0.461,True,False
BGW-001,4,2020-11-02,106,59.65,2209.3,88.2,2.63,2.63,62.1,0.689,0.239,25.16,0.574,10.73,12401.4,5.57,0.457,True,False
BGW-001,4,2020-11-03,107,59.37,2230.3,91.4,3.71,2.62,60.5,0.65,0.224,34.47,0.546,15.64,12157.4,6.48,0.653,True,False
BGW-001,4,2020-11-04,108,59.11,2250.9,89.4,2.51,2.6,71.6,0.684,0.234,23.81,0.567,10.31,12044.0,5.39,0.466,True,False
BGW-001,4,2020-11-05,109,58.84,2271.3,89.0,2.64,2.59,61.9,0.68,0.23,24.62,0.592,10.03,12173.5,5.48,0.479,True,False
BGW-001,4,2020-11-06,110,58.59,2291.4,87.0,3.24,2.58,64.1,0.657,0.221,28.35,0.541,13.03,11994.0,6.01,0.591,True,False
BGW-001,4,2020-11-07,111,58.34,2311.3,86.5,2.52,2.57,67.2,0.677,0.226,22.4,0.575,9.52,12152.0,5.51,0.48,True,False
BGW-001,4,2020-11-08,112,58.09,2330.9,87.3,2.6,2.56,62.2,0.673,0.223,23.05,0.597,9.29,11933.0,5.3,0.491,True,False
BGW-001,4,2020-11-09,113,57.86,2350.3,90.6,3.25,2.55,68.0,0.649,0.214,28.64,0.578,12.1,12127.7,5.9,0.611,True,False
BGW-001,4,2020-11-10,114,57.62,2369.3,86.3,2.57,2.54,62.1,0.669,0.219,22.04,0.604,8.73,11843.8,5.24,0.497,True,False
BGW-001,4,2020-11-11,115,57.39,2388.2,87.3,3.42,2.53,65.3,0.638,0.207,28.19,0.568,12.17,11992.6,6.19,0.653,True,False
BGW-001,4,2020-11-12,116,57.17,2406.7,95.2,3.44,2.52,65.8,0.635,0.205,30.51,0.606,12.01,12445.4,6.63,0.66,True,False
BGW-001,4,2020-11-13,117,56.95,2425.0,88.5,2.46,2.51,67.6,0.664,0.213,21.06,0.575,8.96,12053.5,5.01,0.5,True,False
BGW-001,4,2020-11-14,118,56.74,2443.1,87.3,2.49,2.5,63.6,0.662,0.211,20.84,0.592,8.51,12046.9,4.92,0.5,True,False
BGW-001,4,2020-11-15,119,56.53,2460.9,88.3,3.18,2.49,64.0,0.637,0.202,25.77,0.583,10.74,11942.0,6.03,0.62,True,False
BGW-001,4,2020-11-16,120,56.33,2478.4,85.2,3.35,2.49,61.3,0.629,0.198,25.69,0.587,10.62,11998.8,5.79,0.652,True,False
BGW-001,4,2020-11-17,121,56.13,2495.6,87.8,2.56,2.48,66.2,0.653,0.204,20.85,0.624,7.85,12254.1,5.34,0.514,True,False
BGW-001,4,2020-11-18,122,55.94,2512.6,87.7,2.5,2.47,64.3,0.652,0.203,20.27,0.682,6.45,12166.4,5.3,0.506,True,False
BGW-001,4,2020-11-19,123,55.75,2529.4,95.0,3.28,2.46,65.3,0.624,0.193,27.35,0.622,10.32,12418.0,5.97,0.643,True,False
BGW-001,4,2020-11-20,124,55.57,2545.8,86.5,2.52,2.45,66.7,0.647,0.199,19.72,0.673,6.45,12071.2,5.24,0.511,True,False
BGW-001,4,2020-11-21,125,55.39,2562.1,88.0,2.36,2.44,63.0,0.648,0.198,18.71,0.626,6.99,12121.7,4.84,0.5,True,False
BGW-001,4,2020-11-22,126,55.21,2578.0,84.8,3.33,2.44,60.9,0.616,0.188,24.1,0.646,8.53,11859.4,6.02,0.657,True,False
BGW-001,4,2020-11-23,127,55.04,2593.8,86.0,2.77,2.43,61.4,0.633,0.192,20.75,0.655,7.16,12360.7,5.79,0.56,True,False
BGW-001,4,2020-11-24,128,54.87,2609.2,86.1,3.08,2.42,60.7,0.62,0.187,22.52,0.671,7.41,12138.6,5.67,0.615,True,False
BGW-001,4,2020-11-25,129,54.7,2624.4,90.7,3.03,2.42,60.5,0.62,0.186,23.23,0.643,8.3,12376.2,6.02,0.608,True,False
BGW-001,4,2020-11-26,130,54.54,2639.4,92.2,2.99,2.41,58.6,0.619,0.185,23.17,0.659,7.91,12269.6,5.62,0.602,True,False
BGW-001,4,2020-11-27,131,54.39,2654.1,87.3,2.37,2.4,59.8,0.637,0.189,17.81,0.681,5.68,12271.5,5.09,0.5,True,False
BGW-001,4,2020-11-28,132,54.23,2668.6,87.7,2.45,2.4,64.6,0.634,0.187,18.26,0.668,6.06,12374.1,5.2,0.509,True,False
BGW-001,4,2020-11-29,133,54.08,2682.8,91.5,2.82,2.39,56.5,0.619,0.182,21.36,0.656,7.35,12443.2,5.71,0.576,True,False
BGW-001,4,2020-11-30,134,53.94,2696.8,85.4,2.29,2.38,59.0,0.632,0.185,16.46,0.658,5.63,12043.7,4.94,0.5,True,False
BGW-001,4,2020-12-01,135,53.79,2710.6,86.1,2.31,2.38,59.8,0.63,0.184,16.6,0.646,5.88,12050.4,5.24,0.5,True,False
BGW-001,4,2020-12-02,136,53.65,2724.1,84.3,2.29,2.37,65.7,0.629,0.182,15.99,0.699,4.81,11946.3,5.09,0.5,True,False
BGW-001,4,2020-12-03,137,53.52,2737.3,92.1,3.01,2.36,60.6,0.606,0.175,22.06,0.679,7.08,12215.6,6.05,0.613,True,False
BGW-001,4,2020-12-04,138,53.38,2750.4,88.3,2.87,2.36,55.4,0.609,0.175,20.14,0.709,5.86,11904.0,5.71,0.589,True,False
BGW-001,4,2020-12-05,139,53.25,2763.2,86.5,2.24,2.35,57.8,0.624,0.179,15.76,0.706,4.63,12108.6,4.76,0.5,True,False
BGW-001,4,2020-12-06,140,53.13,2775.8,83.8,2.43,2.35,57.8,0.62,0.177,16.37,0.706,4.82,12111.7,5.26,0.515,True,False
BGW-001,5,2020-12-23,1,145.2,213.9,100.0,4.71,4.85,93.0,0.9,0.767,164.25,0.161,137.78,11974.9,7.67,0.003,False,False
BGW-001,5,2020-12-24,2,141.59,231.5,100.0,4.75,4.81,85.9,0.9,0.761,164.33,0.134,142.38,12213.1,7.6,0.007,False,False
BGW-001,5,2020-12-25,3,138.11,250.2,100.0,5.62,4.77,82.1,0.872,0.731,186.57,0.151,158.48,12563.7,8.79,0.161,False,False
BGW-001,5,2020-12-26,4,134.76,269.9,97.6,4.57,4.72,85.7,0.9,0.748,151.58,0.134,131.22,12318.6,7.58,0.016,False,False
BGW-001,5,2020-12-27,5,131.53,290.7,100.0,5.08,4.68,89.8,0.886,0.729,168.42,0.179,138.26,12089.8,7.94,0.092,False,False
BGW-001,5,2020-12-28,6,128.43,312.6,98.5,4.81,4.63,88.2,0.894,0.728,156.54,0.194,126.17,12045.5,7.76,0.057,False,False
BGW-001,5,2020-12-29,7,125.43,335.6,100.0,5.61,4.58,89.2,0.866,0.697,177.81,0.173,147.05,12523.1,8.84,0.212,False,False
BGW-001,5,2020-12-30,8,122.55,359.7,100.0,6.08,4.53,88.2,0.848,0.675,186.6,0.165,155.77,12208.5,9.16,0.308,False,False
BGW-001,5,2020-12-31,9,119.78,384.9,100.0,4.63,4.48,93.5,0.895,0.704,147.92,0.151,125.55,12485.1,7.68,0.067,False,False
BGW-001,5,2021-01-01,10,117.11,411.2,100.0,5.67,4.43,79.3,0.857,0.665,171.42,0.214,134.78,12251.1,8.97,0.265,False,False
BGW-001,5,2021-01-02,11,114.54,438.7,98.1,4.25,4.38,92.1,0.895,0.685,130.04,0.186,105.88,12464.0,7.14,0.054,False,False
BGW-001,5,2021-01-03,12,112.06,467.2,98.0,5.08,4.33,79.1,0.867,0.654,148.09,0.191,119.79,11942.2,7.96,0.192,False,False
BGW-001,5,2021-01-04,13,109.68,496.8,98.7,4.18,4.28,92.4,0.889,0.661,123.71,0.21,97.75,11924.3,6.78,0.067,False,False
BGW-001,5,2021-01-05,14,107.38,527.5,100.0,4.04,4.23,86.5,0.885,0.648,118.94,0.19,96.35,12359.8,7.01,0.074,False,False
BGW-001,5,2021-01-06,15,105.17,559.2,100.0,5.52,4.17,85.2,0.837,0.603,151.16,0.259,111.99,12486.3,8.81,0.317,False,False
BGW-001,5,2021-01-07,16,103.04,591.9,100.0,4.47,4.12,90.1,0.866,0.614,124.61,0.197,100.1,12267.1,7.27,0.15,False,False
BGW-001,5,2021-01-08,17,100.99,625.6,100.0,4.01,4.07,81.5,0.874,0.609,110.87,0.225,85.9,12265.3,6.9,0.097,False,False
BGW-001,5,2021-01-09,18,99.02,660.2,100.0,5.26,4.02,79.7,0.828,0.567,135.56,0.216,106.31,12320.4,8.22,0.322,False,False
BGW-001,5,2021-01-10,19,97.12,695.8,96.7,3.78,3.97,86.5,0.865,0.582,96.54,0.224,74.94,12287.6,6.82,0.113,False,False
BGW-001,5,2021-01-11,20,95.28,732.2,95.9,3.94,3.92,83.0,0.86,0.568,97.51,0.232,74.84,12196.3,6.71,0.125,False,False
BGW-001,5,2021-01-12,21,93.52,769.4,100.0,5.25,3.86,79.5,0.811,0.525,125.26,0.221,97.56,12564.5,8.33,0.371,False,False
BGW-001,5,2021-01-13,22,91.82,807.4,98.7,3.98,3.81,82.3,0.847,0.538,96.12,0.291,68.16,12233.2,6.63,0.167,False,False
BGW-001,5,2021-01-14,23,90.19,846.1,95.0,3.83,3.76,86.2,0.846,0.527,87.31,0.235,66.76,12262.6,6.7,0.159,False,False
BGW-001,5,2021-01-15,24,88.61,885.5,100.0,5.33,3.72,79.7,0.79,0.483,116.92,0.251,87.58,12088.6,8.23,0.438,False,False
BGW-001,5,2021-01-16,25,87.1,925.5,96.5,3.62,3.67,83.1,0.839,0.503,79.85,0.266,58.65,12293.1,6.64,0.165,False,False
BGW-001,5,2021-01-17,26,85.64,966.1,94.1,3.61,3.62,83.5,0.834,0.49,75.73,0.273,55.06,11998.5,6.26,0.174,False,False
BGW-001,5,2021-01-18,27,84.23,1007.2,96.4,3.62,3.57,79.1,0.828,0.477,75.62,0.236,57.75,12440.7,6.82,0.191,False,False
BGW-001,5,2021-01-19,28,82.88,1048.7,99.0,3.35,3.53,74.4,0.824,0.466,70.22,0.25,52.69,12579.3,6.24,0.193,False,False
BGW-001,5,2021-01-20,29,81.58,1090.7,93.4,3.65,3.48,85.3,0.814,0.451,69.81,0.242,52.91,12258.5,6.52,0.231,False,False
BGW-001,5,2021-01-21,30,80.32,1133.0,98.5,4.32,3.44,81.5,0.785,0.426,82.44,0.215,64.74,12219.5,7.27,0.366,False,False
BGW-001,5,2021-01-22,31,79.11,1175.5,97.3,3.27,3.4,81.4,0.81,0.431,62.37,0.266,45.75,12474.7,6.07,0.222,False,False
BGW-001,5,2021-01-23,32,77.95,1218.3,95.3,3.46,3.35,77.8,0.801,0.418,62.63,0.3,43.84,12220.3,6.27,0.25,False,False
BGW-001,5,2021-01-24,33,76.83,1261.3,95.8,3.33,3.31,77.1,0.799,0.409,59.24,0.257,44.02,12114.6,6.45,0.244,False,False
BGW-001,5,2021-01-25,34,75.75,1304.4,94.8,3.29,3.27,81.3,0.794,0.398,56.51,0.281,40.65,12179.4,6.08,0.254,False,False
BGW-001,5,2021-01-26,35,74.71,1347.5,94.3,3.08,3.23,74.2,0.789,0.388,51.35,0.241,38.98,12199.7,6.3,0.261,False,False
BGW-001,5,2021-01-27,36,73.71,1390.7,92.3,3.1,3.2,77.8,0.784,0.379,49.16,0.285,35.17,12153.9,5.6,0.271,False,False
BGW-001,5,2021-01-28,37,72.75,1433.8,95.1,3.69,3.16,79.5,0.762,0.361,57.5,0.31,39.68,12079.6,6.76,0.373,False,False
BGW-001,5,2021-01-29,38,71.82,1476.8,90.3,4.46,3.12,70.0,0.73,0.339,62.09,0.311,42.79,12075.8,7.2,0.525,True,False
BGW-001,5,2021-01-30,39,70.92,1519.6,93.2,2.96,3.09,71.1,0.769,0.351,44.02,0.281,31.64,12243.4,5.57,0.3,False,False
BGW-001,5,2021-01-31,40,70.06,1562.3,90.6,2.96,3.05,71.1,0.764,0.342,41.73,0.293,29.52,12105.0,5.58,0.31,False,False
BGW-001,5,2021-02-01,41,69.24,1604.7,93.1,3.0,3.02,71.0,0.759,0.334,42.45,0.265,31.2,12045.7,5.85,0.319,False,False
BGW-001,5,2021-02-02,42,68.44,1646.9,100.0,4.33,2.99,68.4,0.71,0.307,60.37,0.329,40.53,12586.4,7.18,0.563,True,False
BGW-001,5,2021-02-03,43,67.67,1688.7,91.2,2.95,2.96,69.5,0.75,0.318,38.85,0.299,27.24,11916.2,5.86,0.338,False,False
BGW-001,5,2021-02-04,44,66.93,1730.1,91.8,2.84,2.93,68.7,0.745,0.311,36.78,0.318,25.1,12072.4,5.62,0.348,False,False
BGW-001,5,2021-02-05,45,66.22,1771.2,94.7,3.1,2.9,72.1,0.734,0.301,40.11,0.328,26.95,12426.6,6.08,0.391,False,False
BGW-001,5,2021-02-06,46,65.53,1811.8,90.2,2.78,2.87,76.1,0.735,0.297,33.9,0.339,22.41,12285.3,5.64,0.366,False,False
BGW-001,5,2021-02-07,47,64.87,1852.0,91.0,2.96,2.85,69.3,0.727,0.289,35.37,0.338,23.41,12112.6,5.6,0.396,False,False
BGW-001,5,2021-02-08,48,64.23,1891.7,97.4,3.39,2.82,68.3,0.707,0.277,41.45,0.339,27.4,12410.5,6.17,0.484,True,False
BGW-001,5,2021-02-09,49,63.62,1930.8,89.2,2.72,2.79,68.9,0.721,0.278,30.65,0.304,21.33,11980.8,5.58,0.393,False,False
BGW-001,5,2021-02-10,50,63.03,1969.5,92.1,2.86,2.77,67.4,0.714,0.271,32.42,0.339,21.43,12180.5,5.51,0.418,False,False
BGW-001,5,2021-02-11,51,62.46,2007.5,93.4,3.06,2.75,64.4,0.702,0.262,34.08,0.357,21.93,12307.3,6.14,0.466,True,False
BGW-001,5,2021-02-12,52,61.92,2044.9,90.5,2.69,2.72,68.2,0.708,0.261,28.91,0.372,18.16,12211.5,5.42,0.419,False,False
BGW-001,5,2021-02-13,53,61.39,2081.8,91.0,3.0,2.7,66.3,0.694,0.252,31.33,0.369,19.77,12368.2,5.71,0.481,True,False
BGW-001,5,2021-02-14,54,60.88,2118.0,93.0,3.39,2.68,61.6,0.676,0.242,34.73,0.351,22.55,12424.4,6.25,0.56,True,False
BGW-001,5,2021-02-15,55,60.39,2153.6,88.0,2.58,2.66,68.8,0.695,0.246,25.44,0.413,14.93,12292.6,5.31,0.444,False,False
BGW-001,5,2021-02-16,56,59.92,2188.5,88.4,3.36,2.64,69.1,0.667,0.233,31.46,0.378,19.58,12199.5,6.45,0.578,True,False
BGW-001,5,2021-02-17,57,59.47,2222.8,90.3,2.57,2.62,69.8,0.687,0.237,25.02,0.377,15.6,12205.3,5.38,0.46,True,False
BGW-001,5,2021-02-18,58,59.03,2256.4,90.3,3.06,2.6,69.7,0.668,0.228,28.59,0.393,17.35,12155.9,5.88,0.548,True,False
BGW-001,5,2021-02-19,59,58.61,2289.3,88.0,2.59,2.58,69.3,0.679,0.229,23.67,0.388,14.49,12422.5,5.39,0.476,True,False
BGW-001,5,2021-02-20,60,58.21,2321.5,85.3,2.57,2.57,65.9,0.676,0.225,22.4,0.36,14.34,11846.9,5.22,0.483,True,False
BGW-001,5,2021-02-21,61,57.82,2353.0,87.0,2.43,2.55,65.3,0.672,0.221,21.26,0.391,12.96,12123.2,5.07,0.489,True,False
BGW-001,5,2021-02-22,62,57.45,2383.9,87.6,2.47,2.53,64.6,0.669,0.218,21.41,0.411,12.61,12179.8,5.19,0.496,True,False
BGW-001,5,2021-02-23,63,57.08,2414.0,85.7,2.51,2.52,65.1,0.665,0.214,20.9,0.409,12.35,11894.3,5.17,0.5,True,False
BGW-001,5,2021-02-24,64,56.74,2443.5,86.5,2.38,2.5,64.9,0.662,0.211,19.77,0.433,11.2,11872.5,4.92,0.5,True,False
BGW-001,5,2021-02-25,65,56.4,2472.2,87.1,2.56,2.49,65.0,0.656,0.207,20.99,0.426,12.05,12094.0,5.23,0.513,True,False
BGW-001,5,2021-02-26,66,56.08,2500.3,86.6,2.52,2.47,67.8,0.653,0.204,20.28,0.428,11.6,12404.8,5.33,0.509,True,False
BGW-001,5,2021-02-27,67,55.77,2527.7,87.6,2.36,2.46,64.1,0.652,0.202,18.96,0.433,10.74,12174.5,5.05,0.5,True,False
BGW-001,5,2021-02-28,68,55.47,2554.4,83.3,2.74,2.45,59.5,0.639,0.196,20.36,0.436,11.47,11576.3,5.55,0.551,True,False
BGW-001,5,2021-03-01,69,55.18,2580.4,82.6,2.74,2.44,61.5,0.635,0.193,19.91,0.436,11.23,11793.1,5.32,0.554,True,False
BGW-001,5,2021-03-02,70,54.91,2605.8,84.3,2.44,2.42,64.3,0.642,0.194,18.12,0.444,10.08,11836.1,5.15,0.503,True,False
BGW-001,5,2021-03-03,71,54.64,2630.5,84.0,2.37,2.41,59.7,0.64,0.191,17.34,0.414,10.17,12128.4,4.97,0.5,True,False
BGW-001,5,2021-03-04,72,54.38,2654.6,83.2,2.52,2.4,63.9,0.633,0.188,17.88,0.441,9.99,11796.3,5.22,0.52,True,False
BGW-001,5,2021-03-05,73,54.13,2677.9,89.6,3.02,2.39,62.4,0.613,0.181,22.23,0.47,11.79,11929.2,5.76,0.611,True,False
BGW-001,5,2021-03-06,74,53.9,2700.7,82.9,2.46,2.38,58.4,0.629,0.184,17.06,0.453,9.34,11812.8,5.02,0.515,True,False
BGW-001,5,2021-03-07,75,53.67,2722.8,83.0,2.45,2.37,56.7,0.626,0.182,16.81,0.423,9.71,11746.4,5.17,0.514,True,False
BGW-001,5,2021-03-08,76,53.44,2744.3,91.2,2.75,2.36,61.5,0.614,0.177,20.13,0.451,11.04,12352.4,5.71,0.567,True,False
BGW-001,5,2021-03-09,77,53.23,2765.3,86.7,3.41,2.35,60.1,0.589,0.169,22.64,0.436,12.77,12024.3,6.25,0.685,True,False
BGW-001,5,2021-03-10,78,53.03,2785.6,89.4,2.73,2.34,54.9,0.609,0.173,19.21,0.433,10.89,12563.7,5.58,0.568,True,False
BGW-001,5,2021-03-11,79,52.83,2805.3,83.2,2.43,2.33,64.6,0.616,0.174,15.99,0.486,8.23,12086.5,5.23,0.517,True,False
BGW-001,5,2021-03-12,80,52.64,2824.4,85.4,3.2,2.33,56.9,0.588,0.165,20.48,0.429,11.7,12100.9,5.86,0.652,True,False
BGW-001,5,2021-03-13,81,52.46,2843.0,84.6,3.36,2.32,52.3,0.58,0.162,20.92,0.474,11.01,12156.8,6.34,0.682,True,False
BGW-001,5,2021-03-14,82,52.28,2861.0,90.1,2.91,2.31,55.7,0.593,0.165,19.6,0.475,10.29,12454.2,5.94,0.604,True,False
BGW-001,5,2021-03-15,83,52.11,2878.5,90.3,2.78,2.3,58.4,0.595,0.164,18.77,0.547,8.5,12078.5,5.42,0.584,True,False
BGW-001,5,2021-03-16,84,51.95,2895.5,85.7,2.35,2.3,63.0,0.607,0.167,15.27,0.509,7.5,12181.2,4.93,0.51,True,False
BGW-001,5,2021-03-17,85,51.79,2911.9,80.0,2.47,2.29,54.3,0.601,0.164,14.72,0.488,7.54,11941.8,5.16,0.531,True,False
BGW-001,5,2021-03-18,86,51.64,2927.8,88.8,2.61,2.28,61.9,0.594,0.161,17.01,0.498,8.54,12197.4,5.4,0.557,True,False
BGW-001,5,2021-03-19,87,51.49,2943.3,84.5,2.18,2.28,54.8,0.603,0.163,13.65,0.507,6.72,11755.3,4.69,0.5,True,False
BGW-001,5,2021-03-20,88,51.35,2958.2,82.3,2.33,2.27,58.8,0.6,0.161,14.04,0.508,6.91,12113.4,4.97,0.51,True,False
BGW-001,5,2021-03-21,89,51.22,2972.7,84.8,2.51,2.26,55.8,0.592,0.159,15.33,0.529,7.22,12016.7,5.02,0.543,True,False
BGW-001,5,2021-03-22,90,51.09,2986.7,81.9,2.31,2.26,61.7,0.597,0.159,13.68,0.525,6.5,11895.7,4.92,0.509,True,False
BGW-001,5,2021-03-23,91,50.96,3000.3,85.4,2.33,2.25,56.2,0.594,0.158,14.28,0.506,7.06,12327.5,4.98,0.513,True,False
BGW-001,5,2021-03-24,92,50.84,3013.5,87.2,2.83,2.25,54.9,0.576,0.152,17.08,0.501,8.53,12340.5,5.65,0.601,True,False
BGW-001,5,2021-03-25,93,50.72,3026.2,88.3,3.07,2.24,51.1,0.566,0.15,18.49,0.513,9.0,12357.1,5.81,0.645,True,False
BGW-001,5,2021-03-26,94,50.61,3038.5,81.4,2.32,2.24,56.3,0.589,0.155,13.3,0.533,6.21,11560.7,4.97,0.515,True,False
BGW-001,5,2021-03-27,95,50.5,3050.4,79.0,2.82,2.23,51.4,0.571,0.15,15.21,0.529,7.16,11915.6,5.45,0.603,True,False
BGW-001,5,2021-03-28,96,50.4,3061.9,82.3,2.25,2.23,54.6,0.589,0.154,12.92,0.537,5.99,11816.8,4.83,0.504,True,False
BGW-001,5,2021-03-29,97,50.3,3073.1,83.3,3.08,2.22,55.2,0.56,0.15,17.47,0.514,8.49,12227.6,6.04,0.649,True,False
BGW-001,5,2021-03-30,98,50.2,3083.8,81.9,2.12,2.22,60.5,0.587,0.152,11.98,0.537,5.54,11634.8,4.89,0.5,True,False
BGW-001,5,2021-03-31,99,50.11,3094.3,80.3,2.23,2.22,60.1,0.585,0.151,12.3,0.501,6.13,11941.6,4.97,0.502,True,False
BGW-001,5,2021-04-01,100,50.02,3104.3,83.1,2.14,2.21,53.0,0.584,0.15,12.13,0.535,5.63,12117.4,4.77,0.5,True,False
BGW-001,5,2021-04-02,101,49.94,3114.1,80.3,2.47,2.21,53.1,0.575,0.15,13.55,0.542,6.2,11554.4,5.22,0.546,True,False
BGW-001,5,2021-04-03,102,49.85,3123.5,80.2,2.24,2.21,56.6,0.581,0.15,12.24,0.547,5.55,11709.6,5.12,0.506,True,False
BGW-001,5,2021-04-04,103,49.77,3132.6,86.2,2.72,2.2,57.5,0.564,0.15,15.96,0.536,7.41,12411.0,5.58,0.59,True,False
BGW-001,5,2021-04-05,104,49.7,3141.3,82.6,2.15,2.2,56.8,0.58,0.15,12.11,0.579,5.1,11730.5,5.01,0.5,True,False
BGW-001,5,2021-04-06,105,49.62,3149.8,82.3,2.19,2.2,59.6,0.579,0.15,12.29,0.576,5.22,11975.6,4.79,0.5,True,False
BGW-001,5,2021-04-07,106,49.55,3158.0,81.8,2.11,2.19,55.6,0.578,0.15,11.77,0.606,4.64,11933.0,4.96,0.5,True,False
BGW-001,5,2021-04-08,107,49.48,3165.9,80.4,2.27,2.19,52.7,0.575,0.15,12.45,0.576,5.28,12001.7,4.84,0.514,True,False
BGW-001,5,2021-04-09,108,49.42,3173.6,81.8,2.1,2.19,58.6,0.576,0.15,11.68,0.61,4.56,12119.5,4.9,0.5,True,False
BGW-001,5,2021-04-10,109,49.35,3180.9,84.8,2.5,2.18,57.4,0.565,0.15,14.44,0.559,6.37,12040.7,4.98,0.555,True,False
BGW-001,5,2021-04-11,110,49.29,3188.1,83.9,2.22,2.18,52.8,0.574,0.15,12.68,0.629,4.7,12160.0,4.86,0.506,True,False
BGW-001,5,2021-04-12,111,49.23,3195.0,80.9,2.15,2.18,60.1,0.574,0.15,11.85,0.594,4.81,11762.3,4.79,0.5,True,False
BGW-001,5,2021-04-13,112,49.18,3201.6,86.2,2.29,2.18,53.4,0.569,0.15,13.44,0.584,5.6,12090.0,4.79,0.519,True,False
BGW-001,5,2021-04-14,113,49.12,3208.0,80.8,3.14,2.17,50.8,0.54,0.15,17.32,0.591,7.08,11944.8,5.94,0.67,True,False
BGW-001,5,2021-04-15,114,49.07,3214.2,82.3,2.18,2.17,54.0,0.571,0.15,12.25,0.607,4.82,11924.2,5.21,0.502,True,False
BGW-001,5,2021-04-16,115,49.02,3220.2,79.8,2.24,2.17,55.4,0.569,0.15,12.18,0.597,4.9,11949.8,4.95,0.512,True,False
BGW-001,5,2021-04-17,116,48.97,3225.9,87.2,2.86,2.17,53.4,0.547,0.15,16.99,0.624,6.39,12203.0,5.65,0.621,True,False
BGW-001,5,2021-04-18,117,48.92,3231.5,80.3,2.22,2.17,52.9,0.568,0.15,12.13,0.654,4.19,11759.9,4.73,0.509,True,False
BGW-001,5,2021-04-19,118,48.88,3236.8,83.8,2.19,2.16,59.5,0.568,0.15,12.52,0.628,4.66,11960.9,4.63,0.505,True,False
BGW-001,5,2021-04-20,119,48.83,3242.0,84.0,2.08,2.16,58.5,0.568,0.15,11.9,0.642,4.26,11893.7,4.59,0.5,True,False
BGW-001,5,2021-04-21,120,48.79,3247.0,81.9,2.08,2.16,54.9,0.568,0.15,11.62,0.633,4.26,12104.1,4.89,0.5,True,False
BGW-001,5,2021-04-22,121,48.75,3251.8,85.2,2.36,2.16,57.6,0.561,0.15,13.71,0.614,5.29,12140.1,5.06,0.535,True,False
BGW-001,5,2021-04-23,122,48.71,3256.5,80.5,2.12,2.16,56.5,0.567,0.15,11.63,0.625,4.36,12119.6,4.95,0.5,True,False
BGW-001,5,2021-04-24,123,48.67,3261.0,79.2,2.09,2.15,55.0,0.566,0.15,11.28,0.625,4.23,11896.4,4.57,0.5,True,False
BGW-001,5,2021-04-25,124,48.64,3265.3,81.4,2.11,2.15,58.1,0.566,0.15,11.72,0.659,4.0,11944.4,4.37,0.5,True,False
BGW-001,5,2021-04-26,125,48.6,3269.5,84.5,2.35,2.15,51.6,0.559,0.15,13.54,0.638,4.91,12119.3,5.33,0.535,True,False
BGW-001,5,2021-04-27,126,48.57,3273.5,87.3,2.61,2.15,52.3,0.549,0.15,15.54,0.668,5.15,12070.4,5.38,0.58,True,False
BGW-001,5,2021-04-28,127,48.54,3277.3,78.8,2.38,2.15,51.2,0.557,0.15,12.77,0.672,4.18,11904.7,5.03,0.54,True,False
BGW-001,5,2021-04-29,128,48.51,3281.1,80.9,2.55,2.15,53.3,0.55,0.15,14.08,0.684,4.44,11976.8,5.12,0.571,True,False
BGW-001,5,2021-04-30,129,48.48,3284.7,82.2,2.99,2.15,53.6,0.535,0.15,16.75,0.671,5.52,12170.9,5.73,0.647,True,False
BGW-001,5,2021-05-01,130,48.45,3288.2,81.5,2.63,2.14,52.3,0.547,0.15,14.63,0.668,4.86,12076.3,5.59,0.585,True,False
BGW-001,5,2021-05-02,131,48.42,3291.5,82.8,2.11,2.14,52.7,0.563,0.15,11.92,0.693,3.66,11947.5,4.82,0.5,True,False
BGW-001,5,2021-05-03,132,48.39,3294.7,81.4,2.16,2.14,51.8,0.562,0.15,12.0,0.691,3.71,11927.5,4.85,0.503,True,False
BGW-001,5,2021-05-04,133,48.37,3297.9,82.8,2.11,2.14,52.8,0.562,0.15,11.89,0.724,3.29,11939.0,4.66,0.5,True,False
BGW-001,5,2021-05-05,134,48.34,3300.9,83.3,2.08,2.14,56.8,0.562,0.15,11.84,0.7,3.55,11856.5,4.72,0.5,True,False
BGW-001,5,2021-05-06,135,48.32,3303.8,82.7,2.08,2.14,52.9,0.561,0.15,11.73,0.708,3.43,11891.8,4.57,0.5,True,False
BGW-001,5,2021-05-07,136,48.3,3306.5,79.6,2.34,2.14,54.3,0.554,0.15,12.7,0.672,4.17,11403.4,4.74,0.535,True,False
BGW-001,6,2021-05-18,1,188.05,92.0,100.0,5.18,5.18,87.8,0.9,0.807,189.8,0.135,164.24,12140.6,8.12,0.0,False,False
BGW-001,6,2021-05-19,2,184.95,97.2,100.0,5.27,5.16,86.0,0.896,0.802,191.99,0.152,162.76,11988.2,8.2,0.019,False,False
BGW-001,6,2021-05-20,3,181.92,102.8,98.7,4.93,5.14,89.8,0.9,0.803,177.55,0.144,151.99,12445.9,8.15,0.0,False,False
BGW-001,6,2021-05-21,4,178.95,108.6,99.8,6.5,5.13,86.5,0.854,0.761,224.28,0.16,188.45,12049.5,9.63,0.24,False,False
BGW-001,6,2021-05-22,5,176.05,114.6,98.9,5.34,5.11,82.7,0.892,0.793,190.4,0.147,162.42,11920.0,8.47,0.041,False,False
BGW-001,6,2021-05-23,6,173.22,120.9,97.3,4.94,5.09,87.2,0.9,0.798,174.37,0.144,149.27,11798.0,7.72,0.0,False,False
BGW-001,6,2021-05-24,7,170.44,127.5,100.0,5.11,5.07,90.1,0.899,0.795,184.66,0.171,153.06,12189.7,8.22,0.007,False,False
BGW-001,6,2021-05-25,8,167.73,134.4,100.0,5.06,5.05,88.5,0.9,0.793,182.3,0.141,156.55,12179.4,8.15,0.0,False,False
BGW-001,6,2021-05-26,9,165.08,141.6,98.1,4.99,5.04,86.6,0.9,0.791,175.83,0.19,142.43,11981.6,8.04,0.0,False,False
BGW-001,6,2021-05-27,10,162.49,149.1,100.0,6.5,5.02,87.1,0.851,0.745,220.16,0.191,178.08,12169.1,9.21,0.26,False,False
BGW-001,6,2021-05-28,11,159.95,157.0,99.1,6.09,4.99,83.3,0.863,0.754,207.03,0.183,169.17,11956.7,9.11,0.192,False,False
BGW-001,6,2021-05-29,12,157.47,165.1,98.2,5.11,4.97,90.4,0.895,0.78,177.8,0.185,144.83,12082.0,7.94,0.024,False,False
BGW-001,6,2021-05-30,13,155.05,173.6,97.1,5.02,4.95,84.6,0.898,0.779,172.46,0.195,138.82,12031.9,7.9,0.011,False,False
BGW-001,6,2021-05-31,14,152.68,182.3,99.4,5.4,4.93,82.7,0.884,0.764,186.49,0.218,145.76,12175.6,8.5,0.083,False,False
BGW-001,6,2021-06-01,15,150.36,191.5,100.0,6.3,4.91,83.9,0.854,0.735,210.31,0.185,171.35,12084.1,9.38,0.244,False,False
BGW-001,6,2021-06-02,16,148.09,201.0,100.0,4.93,4.88,85.4,0.898,0.77,172.54,0.189,139.91,12329.1,7.75,0.008,False,False
BGW-001,6,2021-06-03,17,145.87,210.8,98.4,5.1,4.86,84.0,0.892,0.761,173.57,0.226,134.35,12072.7,8.15,0.045,False,False
BGW-001,6,2021-06-04,18,143.7,221.0,100.0,4.84,4.83,91.7,0.9,0.765,168.07,0.241,127.51,12050.8,7.79,0.005,False,False
BGW-001,6,2021-06-05,19,141.58,231.5,100.0,6.15,4.81,78.5,0.855,0.723,202.14,0.232,155.18,11923.7,8.63,0.242,False,False
BGW-001,6,2021-06-06,20,139.51,242.4,98.9,4.99,4.78,91.3,0.893,0.751,168.74,0.242,127.98,12077.5,7.87,0.047,False,False
BGW-001,6,2021-06-07,21,137.48,253.7,100.0,4.65,4.76,87.4,0.9,0.753,159.23,0.219,124.31,11991.9,7.82,0.012,False,False
BGW-001,6,2021-06-08,22,135.5,265.4,100.0,4.85,4.73,91.2,0.896,0.746,164.51,0.232,126.32,12189.5,7.85,0.036,False,False
BGW-001,6,2021-06-09,23,133.56,277.4,97.8,6.13,4.7,87.7,0.853,0.706,192.28,0.227,148.63,12011.7,9.35,0.267,False,False
BGW-001,6,2021-06-10,24,131.66,289.8,100.0,6.03,4.68,85.4,0.855,0.704,192.69,0.266,141.43,11920.8,8.77,0.256,False,False
BGW-001,6,2021-06-11,25,129.81,302.6,98.6,5.31,4.65,90.3,0.878,0.718,170.7,0.204,135.88,11998.1,8.41,0.138,False,False
BGW-001,6,2021-06-12,26,127.99,315.8,98.5,4.62,4.62,84.2,0.9,0.732,151.1,0.247,113.72,12282.0,7.74,0.026,False,False
BGW-001,6,2021-06-13,27,126.22,329.3,96.1,5.98,4.59,80.9,0.854,0.69,179.88,0.293,127.2,11796.0,8.81,0.271,False,False
BGW-001,6,2021-06-14,28,124.48,343.3,100.0,4.71,4.57,92.8,0.895,0.718,153.63,0.224,119.19,12311.6,7.82,0.057,False,False
BGW-001,6,2021-06-15,29,122.79,357.6,98.1,4.6,4.54,93.2,0.898,0.715,146.64,0.303,102.2,12166.8,7.36,0.046,False,False
BGW-001,6,2021-06-16,30,121.13,372.4,98.3,4.55,4.51,83.1,0.899,0.711,144.5,0.283,103.66,12252.0,7.6,0.047,False,False
BGW-001,6,2021-06-17,31,119.51,387.5,97.5,6.08,4.48,76.8,0.847,0.665,178.91,0.277,129.41,12083.9,9.14,0.322,False,False
BGW-001,6,2021-06-18,32,117.92,403.0,100.0,4.33,4.45,83.7,0.9,0.701,137.9,0.25,103.46,12115.9,7.09,0.046,False,False
BGW-001,6,2021-06-19,33,116.37,418.9,99.6,4.46,4.42,93.0,0.896,0.693,139.95,0.234,107.2,12241.2,7.42,0.058,False,False
BGW-001,6,2021-06-20,34,114.85,435.2,99.8,5.37,4.39,85.3,0.863,0.662,161.22,0.269,117.79,12229.4,8.29,0.225,False,False
BGW-001,6,2021-06-21,35,113.37,451.9,98.2,4.41,4.36,92.3,0.892,0.678,133.42,0.249,100.2,12174.9,7.37,0.066,False,False
BGW-001,6,2021-06-22,36,111.92,468.9,99.4,4.25,4.33,83.6,0.892,0.672,128.99,0.259,95.56,12403.7,7.42,0.061,False,False
BGW-001,6,2021-06-23,37,110.5,486.3,100.0,4.9,4.3,85.6,0.87,0.65,144.71,0.326,97.52,12345.1,7.89,0.171,False,False
BGW-001,6,2021-06-24,38,109.11,504.1,97.3,4.31,4.27,82.0,0.886,0.656,125.1,0.303,87.22,12083.4,7.15,0.077,False,False
BGW-001,6,2021-06-25,39,107.76,522.3,99.0,4.29,4.24,83.2,0.884,0.649,125.13,0.299,87.74,12360.8,7.44,0.082,False,False
BGW-001,6,2021-06-26,40,106.43,540.9,98.1,4.41,4.2,85.3,0.877,0.637,125.23,0.305,87.05,11883.2,7.31,0.113,False,False
BGW-001,6,2021-06-27,41,105.13,559.7,95.4,5.08,4.17,88.5,0.851,0.613,134.93,0.294,95.24,12118.5,7.98,0.24,False,False
BGW-001,6,2021-06-28,42,103.86,579.0,100.0,4.11,4.14,83.7,0.879,0.627,116.99,0.331,78.28,11877.9,6.82,0.086,False,False
BGW-001,6,2021-06-29,43,102.62,598.6,100.0,5.68,4.11,81.2,0.825,0.582,150.27,0.327,101.17,12323.0,8.54,0.365,False,False
BGW-001,6,2021-06-30,44,101.41,618.5,97.9,3.94,4.08,85.4,0.875,0.611,107.33,0.309,74.16,12340.5,6.65,0.095,False,False
BGW-001,6,2021-07-01,45,100.22,638.8,100.0,4.44,4.05,85.1,0.859,0.594,119.99,0.316,82.07,12420.4,7.47,0.168,False,False
BGW-001,6,2021-07-02,46,99.06,659.4,99.3,3.99,4.02,85.5,0.87,0.596,107.25,0.331,71.7,12039.9,6.58,0.104,False,False
BGW-001,6,2021-07-03,47,97.93,680.3,96.5,4.67,3.99,78.8,0.845,0.572,117.08,0.302,81.67,12422.3,7.77,0.228,False,False
BGW-001,6,2021-07-04,48,96.82,701.5,99.4,4.09,3.96,84.7,0.86,0.577,106.64,0.319,72.61,12456.9,7.03,0.138,False,False
BGW-001,6,2021-07-05,49,95.73,723.0,100.0,4.88,3.93,78.2,0.83,0.551,122.24,0.355,78.84,12039.7,7.97,0.286,False,False
BGW-001,6,2021-07-06,50,94.67,744.8,97.3,3.7,3.9,85.0,0.86,0.564,92.42,0.357,59.45,12105.2,6.29,0.124,False,False
BGW-001,6,2021-07-07,51,93.64,766.9,99.1,3.83,3.87,86.6,0.857,0.556,96.05,0.304,66.86,12502.1,6.95,0.129,False,False
BGW-001,6,2021-07-08,52,92.62,789.3,93.9,5.32,3.84,74.6,0.805,0.517,117.14,0.372,73.53,11981.8,8.24,0.392,False,False
BGW-001,6,2021-07-09,53,91.63,811.9,97.2,3.87,3.81,76.5,0.85,0.539,92.18,0.333,61.46,12352.0,6.65,0.15,False,False
BGW-001,6,2021-07-10,54,90.66,834.8,98.2,3.93,3.78,83.7,0.844,0.53,92.83,0.345,60.83,12457.4,6.83,0.17,False,False
BGW-001,6,2021-07-11,55,89.71,857.9,97.8,4.6,3.75,82.9,0.818,0.507,103.74,0.37,65.31,12273.1,7.71,0.299,False,False
BGW-001,6,2021-07-12,56,88.78,881.2,94.7,3.6,3.72,76.6,0.844,0.517,80.06,0.38,49.61,12337.9,6.35,0.155,False,False
BGW-001,6,2021-07-13,57,87.87,904.8,99.7,3.86,3.69,80.3,0.835,0.506,88.6,0.343,58.19,12348.8,6.87,0.19,False,False
BGW-001,6,2021-07-14,58,86.99,928.6,97.5,3.52,3.66,76.7,0.838,0.502,78.26,0.356,50.37,12506.5,6.62,0.166,False,False
BGW-001,6,2021-07-15,59,86.12,952.5,95.4,3.52,3.64,85.2,0.836,0.495,75.6,0.373,47.43,12279.5,6.37,0.171,False,False
BGW-001,6,2021-07-16,60,85.27,976.7,93.5,4.05,3.61,79.0,0.818,0.478,82.46,0.398,49.65,12086.8,6.8,0.255,False,False
BGW-001,6,2021-07-17,61,84.44,1001.0,97.5,3.57,3.58,81.0,0.83,0.48,75.86,0.376,47.37,12503.8,6.58,0.182,False,False
BGW-001,6,2021-07-18,62,83.63,1025.5,98.3,3.47,3.55,83.8,0.827,0.473,73.16,0.39,44.63,12109.5,6.2,0.188,False,False
BGW-001,6,2021-07-19,63,82.83,1050.2,96.8,3.58,3.53,75.9,0.822,0.464,73.14,0.39,44.62,11831.4,6.24,0.203,False,False
BGW-001,6,2021-07-20,64,82.06,1074.9,98.4,4.96,3.5,80.6,0.773,0.431,95.63,0.398,57.61,12135.1,8.16,0.454,True,False
BGW-001,6,2021-07-21,65,81.3,1099.9,100.0,4.45,3.47,72.8,0.786,0.433,87.62,0.388,53.58,12472.2,7.4,0.375,False,False
BGW-001,6,2021-07-22,66,80.56,1124.9,93.6,3.34,3.45,83.0,0.815,0.444,63.21,0.387,38.73,12041.9,5.84,0.21,False,False
BGW-001,6,2021-07-23,67,79.83,1150.0,96.6,3.55,3.42,82.0,0.808,0.435,67.79,0.401,40.63,12128.7,6.68,0.238,False,False
BGW-001,6,2021-07-24,68,79.12,1175.2,96.1,3.41,3.4,81.6,0.809,0.431,64.24,0.4,38.56,12245.3,6.25,0.225,False,False
BGW-001,6,2021-07-25,69,78.43,1200.5,94.1,3.26,3.37,77.7,0.807,0.424,59.23,0.417,34.52,12195.6,5.93,0.227,False,False
BGW-001,6,2021-07-26,70,77.75,1225.9,94.6,3.49,3.35,75.8,0.799,0.415,62.29,0.44,34.89,12216.0,6.16,0.258,False,False
BGW-001,6,2021-07-27,71,77.09,1251.3,95.6,3.2,3.32,83.1,0.801,0.412,57.28,0.401,34.3,11999.8,5.93,0.239,False,False
BGW-001,6,2021-07-28,72,76.44,1276.8,94.0,3.19,3.3,81.1,0.798,0.405,55.17,0.444,30.69,12106.9,5.91,0.245,False,False
BGW-001,6,2021-07-29,73,75.8,1302.3,96.7,3.12,3.27,78.5,0.795,0.399,54.83,0.445,30.43,12441.7,5.7,0.251,False,False
BGW-001,6,2021-07-30,74,75.18,1327.8,100.0,3.68,3.25,78.8,0.778,0.386,64.53,0.431,36.7,12492.3,6.59,0.331,False,False
BGW-001,6,2021-07-31,75,74.57,1353.3,94.7,3.93,3.23,78.3,0.765,0.376,63.53,0.436,35.83,12098.7,6.83,0.385,False,False
BGW-001,6,2021-08-01,76,73.98,1378.8,95.5,4.59,3.21,75.3,0.74,0.359,71.43,0.461,38.5,12422.9,7.65,0.51,True,False
BGW-001,6,2021-08-02,77,73.4,1404.4,94.8,3.21,3.18,78.4,0.782,0.375,51.95,0.447,28.75,12456.4,6.36,0.279,False,False
BGW-001,6,2021-08-03,78,72.83,1429.9,95.4,3.22,3.16,72.2,0.778,0.369,51.57,0.423,29.77,12305.5,6.15,0.29,False,False
BGW-001,6,2021-08-04,79,72.28,1455.3,94.0,3.28,3.14,74.0,0.772,0.362,50.69,0.426,29.08,11916.4,6.12,0.309,False,False
BGW-001,6,2021-08-05,80,71.73,1480.7,94.5,3.07,3.12,70.1,0.774,0.359,47.27,0.447,26.13,11965.5,5.82,0.291,False,False
BGW-001,6,2021-08-06,81,71.2,1506.1,93.6,4.16,3.1,68.0,0.736,0.338,59.69,0.444,33.17,12345.6,7.16,0.482,True,False
BGW-001,6,2021-08-07,82,70.68,1531.4,94.4,2.98,3.08,74.5,0.768,0.349,44.6,0.478,23.29,12110.7,5.8,0.303,False,False
BGW-001,6,2021-08-08,83,70.18,1556.7,94.5,3.06,3.06,68.9,0.765,0.343,45.09,0.485,23.24,12315.0,5.77,0.308,False,False
BGW-001,6,2021-08-09,84,69.68,1581.8,93.1,3.92,3.04,70.8,0.733,0.325,54.01,0.479,28.15,12155.4,6.99,0.468,True,False
BGW-001,6,2021-08-10,85,69.19,1606.9,100.0,3.42,3.02,68.9,0.746,0.328,50.91,0.479,26.5,12641.9,6.5,0.389,False,False
BGW-001,6,2021-08-11,86,68.72,1631.8,99.3,3.48,3.0,70.6,0.74,0.322,50.51,0.471,26.73,12330.5,6.36,0.409,False,False
BGW-001,6,2021-08-12,87,68.25,1656.7,100.0,3.34,2.98,72.6,0.741,0.319,48.43,0.496,24.43,12548.3,6.32,0.394,False,False
BGW-001,6,2021-08-13,88,67.8,1681.4,89.0,3.24,2.96,74.9,0.741,0.316,41.41,0.498,20.79,12221.2,6.1,0.386,False,False
BGW-001,6,2021-08-14,89,67.36,1706.0,92.7,2.83,2.95,68.0,0.748,0.315,37.54,0.472,19.82,12418.4,5.74,0.342,False,False
BGW-001,6,2021-08-15,90,66.92,1730.5,92.2,2.91,2.93,78.2,0.745,0.311,37.96,0.496,19.15,12186.4,5.83,0.348,False,False
BGW-001,6,2021-08-16,91,66.5,1754.9,99.2,4.12,2.91,64.7,0.702,0.29,53.83,0.506,26.58,12757.5,7.18,0.565,True,False
BGW-001,6,2021-08-17,92,66.08,1779.1,93.5,2.84,2.89,69.3,0.739,0.302,36.53,0.543,16.69,12356.7,5.71,0.359,False,False
BGW-001,6,2021-08-18,93,65.68,1803.1,89.2,2.88,2.88,73.2,0.736,0.298,34.83,0.505,17.24,12039.6,5.77,0.365,False,False
BGW-001,6,2021-08-19,94,65.28,1827.0,91.0,2.87,2.86,69.6,0.733,0.294,34.95,0.538,16.14,11964.3,5.55,0.372,False,False
BGW-001,6,2021-08-20,95,64.89,1850.7,90.7,2.87,2.85,68.4,0.73,0.29,34.29,0.507,16.92,12019.5,5.64,0.379,False,False
BGW-001,6,2021-08-21,96,64.51,1874.3,93.3,2.74,2.83,74.4,0.728,0.287,33.38,0.488,17.09,12430.4,5.52,0.381,False,False
BGW-001,6,2021-08-22,97,64.14,1897.6,90.2,3.8,2.82,68.6,0.692,0.27,42.12,0.495,21.25,12135.4,6.49,0.559,True,False
BGW-001,6,2021-08-23,98,63.78,1920.8,93.5,3.61,2.8,65.6,0.696,0.269,41.27,0.558,18.23,12018.6,6.5,0.533,True,False
BGW-001,6,2021-08-24,99,63.42,1943.8,89.6,2.66,2.79,66.7,0.72,0.276,29.91,0.531,14.02,12105.5,5.51,0.396,False,False
BGW-001,6,2021-08-25,100,63.07,1966.6,98.3,3.07,2.77,67.5,0.707,0.269,36.89,0.509,18.12,12511.1,5.8,0.455,True,False
BGW-001,6,2021-08-26,101,62.73,1989.2,88.2,3.07,2.76,72.7,0.704,0.265,32.59,0.549,14.69,12135.4,5.85,0.461,True,False
BGW-001,6,2021-08-27,102,62.4,2011.6,92.5,2.64,2.74,71.3,0.712,0.266,29.51,0.515,14.32,12234.1,5.6,0.412,False,False
BGW-001,6,2021-08-28,103,62.08,2033.8,90.9,2.79,2.73,73.8,0.707,0.262,30.18,0.536,14.0,12264.4,5.3,0.427,False,False
BGW-001,6,2021-08-29,104,61.76,2055.8,90.1,2.8,2.72,63.5,0.704,0.258,29.58,0.533,13.8,12126.4,5.4,0.436,False,False
BGW-001,6,2021-08-30,105,61.45,2077.6,92.1,3.35,2.7,62.1,0.683,0.249,34.88,0.553,15.6,12161.0,6.24,0.54,True,False
BGW-001,6,2021-08-31,106,61.15,2099.1,89.0,2.72,2.69,70.5,0.701,0.253,27.8,0.58,11.67,11960.3,5.52,0.436,False,False
BGW-001,6,2021-09-01,107,60.85,2120.4,90.6,3.05,2.68,70.4,0.687,0.246,30.95,0.605,12.24,12072.2,5.67,0.502,True,False
BGW-001,6,2021-09-02,108,60.56,2141.5,84.7,3.45,2.67,66.5,0.671,0.238,31.7,0.586,13.12,11997.9,6.14,0.579,True,False
BGW-001,6,2021-09-03,109,60.27,2162.4,88.5,2.57,2.65,63.2,0.694,0.245,25.3,0.552,11.32,11986.4,5.28,0.446,False,False
BGW-001,6,2021-09-04,110,60.0,2183.0,88.2,2.66,2.64,70.5,0.691,0.242,25.78,0.586,10.67,12090.6,5.16,0.454,True,False
BGW-001,6,2021-09-05,111,59.73,2203.5,90.7,2.55,2.63,66.7,0.69,0.24,25.14,0.598,10.1,12042.5,5.36,0.455,True,False
BGW-001,6,2021-09-06,112,59.46,2223.6,85.9,3.59,2.62,66.3,0.655,0.226,31.61,0.595,12.8,12032.5,6.35,0.629,True,False
BGW-001,6,2021-09-07,113,59.2,2243.6,87.1,2.66,2.61,70.6,0.683,0.234,24.61,0.597,9.92,11878.7,5.21,0.473,True,False
BGW-001,6,2021-09-08,114,58.95,2263.3,88.3,2.61,2.6,70.6,0.682,0.232,24.29,0.606,9.57,11923.4,5.29,0.471,True,False
BGW-001,6,2021-09-09,115,58.7,2282.8,86.0,3.1,2.59,65.5,0.663,0.224,27.13,0.612,10.52,11989.6,5.93,0.564,True,False
BGW-001,6,2021-09-10,116,58.45,2302.0,90.8,3.62,2.58,58.9,0.643,0.216,32.23,0.59,13.21,12005.8,6.66,0.661,True,False
BGW-001,6,2021-09-11,117,58.22,2321.0,84.2,3.57,2.57,65.8,0.642,0.214,29.21,0.633,10.73,11763.2,6.26,0.658,True,False
BGW-001,6,2021-09-12,118,57.98,2339.7,89.5,2.66,2.56,60.9,0.67,0.222,23.98,0.632,8.82,12148.9,5.47,0.504,True,False
BGW-001,6,2021-09-13,119,57.76,2358.2,85.8,2.78,2.55,68.0,0.664,0.218,23.64,0.644,8.43,11858.0,5.38,0.531,True,False
BGW-001,6,2021-09-14,120,57.54,2376.5,89.5,2.43,2.54,68.3,0.669,0.218,21.58,0.619,8.23,12191.8,5.3,0.495,True,False
BGW-001,6,2021-09-15,121,57.32,2394.5,89.4,2.47,2.53,66.9,0.667,0.216,21.73,0.627,8.1,12113.1,5.45,0.499,True,False
BGW-001,6,2021-09-16,122,57.11,2412.3,87.9,3.57,2.52,63.5,0.63,0.203,28.93,0.621,10.96,12119.5,6.42,0.683,True,False
BGW-001,6,2021-09-17,123,56.9,2429.8,89.5,2.43,2.51,69.3,0.663,0.212,21.0,0.645,7.46,12113.2,5.13,0.5,True,False
BGW-001,6,2021-09-18,124,56.69,2447.1,90.6,2.71,2.5,60.3,0.654,0.208,23.26,0.646,8.22,11965.6,5.35,0.537,True,False
BGW-001,6,2021-09-19,125,56.5,2464.2,94.7,3.36,2.49,61.2,0.63,0.199,28.85,0.651,10.08,12671.7,6.03,0.652,True,False
BGW-001,6,2021-09-20,126,56.3,2481.0,93.9,3.4,2.48,58.7,0.627,0.197,28.63,0.65,10.02,12524.6,6.39,0.661,True,False
BGW-001,6,2021-09-21,127,56.11,2497.6,84.5,2.53,2.48,68.6,0.653,0.204,19.89,0.668,6.61,11683.1,4.93,0.51,True,False
BGW-001,6,2021-09-22,128,55.93,2513.9,92.8,3.46,2.47,63.4,0.62,0.193,28.17,0.664,9.45,12404.8,6.28,0.673,True,False
BGW-001,6,2021-09-23,129,55.74,2530.0,87.1,2.53,2.46,63.5,0.649,0.201,20.1,0.66,6.83,12124.9,5.22,0.512,True,False
BGW-001,6,2021-09-24,130,55.57,2545.8,89.4,3.32,2.45,60.6,0.621,0.191,25.76,0.644,9.18,12258.1,6.08,0.652,True,False
BGW-001,6,2021-09-25,131,55.39,2561.4,82.9,3.07,2.45,62.8,0.627,0.192,22.2,0.628,8.26,11981.2,5.84,0.609,True,False
BGW-001,6,2021-09-26,132,55.22,2576.8,85.7,2.4,2.44,64.9,0.646,0.197,18.4,0.645,6.54,11776.6,5.28,0.5,True,False
BGW-001,6,2021-09-27,133,55.06,2592.0,84.8,2.48,2.43,62.9,0.643,0.195,18.58,0.663,6.26,12216.7,5.32,0.508,True,False
BGW-001,6,2021-09-28,134,54.89,2606.9,82.9,3.08,2.42,64.0,0.621,0.187,21.7,0.667,7.23,12100.4,5.94,0.614,True,False
BGW-001,6,2021-09-29,135,54.73,2621.6,86.2,2.36,2.42,62.1,0.641,0.192,17.79,0.68,5.7,11943.0,5.17,0.5,True,False
BGW-001,6,2021-09-30,136,54.58,2636.0,92.6,3.49,2.41,54.5,0.603,0.18,26.44,0.68,8.46,12250.0,6.5,0.689,True,False
BGW-001,6,2021-10-01,137,54.43,2650.2,84.4,2.42,2.4,63.1,0.637,0.189,17.55,0.687,5.49,12022.8,4.86,0.502,True,False
BGW-001,6,2021-10-02,138,54.28,2664.2,86.7,2.48,2.4,58.2,0.633,0.187,18.26,0.716,5.19,12092.9,5.14,0.514,True,False
BGW-001,6,2021-10-03,139,54.13,2678.0,85.4,2.31,2.39,62.9,0.634,0.187,16.74,0.707,4.9,12205.5,5.13,0.5,True,False
BGW-001,6,2021-10-04,140,53.99,2691.5,87.7,2.45,2.38,61.4,0.63,0.185,18.07,0.681,5.76,12112.9,5.23,0.512,True,False
BGW-002,1,2019-01-31,1,190.92,62.9,100.0,5.59,5.27,81.6,0.889,0.805,204.44,0.198,163.92,12180.1,8.54,0.056,False,False
BGW-002,1,2019-02-01,2,187.72,66.6,100.0,5.06,5.25,87.3,0.9,0.814,187.31,0.154,158.53,12120.3,8.2,0.0,False,False
BGW-002,1,2019-02-02,3,184.59,70.4,97.6,5.48,5.24,87.4,0.892,0.805,195.99,0.164,163.88,12031.4,8.63,0.042,False,False
BGW-002,1,2019-02-03,4,181.53,74.5,99.4,6.5,5.23,83.2,0.858,0.773,227.09,0.166,189.38,12344.7,9.8,0.222,False,False
BGW-002,1,2019-02-04,5,178.54,78.7,100.0,5.38,5.22,92.3,0.894,0.805,197.04,0.164,164.71,12275.2,8.3,0.029,False,False
BGW-002,1,2019-02-05,6,175.61,83.1,100.0,5.08,5.2,84.2,0.9,0.809,186.88,0.187,151.96,12038.9,7.8,0.0,False,False
BGW-002,1,2019-02-06,7,172.75,87.8,100.0,5.75,5.19,79.8,0.881,0.791,206.85,0.181,169.33,12028.1,8.58,0.099,False,False
BGW-002,1,2019-02-07,8,169.96,92.6,100.0,6.15,5.17,84.0,0.867,0.777,217.27,0.182,177.76,12156.4,9.19,0.171,False,False
BGW-002,1,2019-02-08,9,167.23,97.7,98.9,5.25,5.16,80.9,0.897,0.802,189.09,0.192,152.83,11789.2,8.14,0.015,False,False
BGW-002,1,2019-02-09,10,164.55,103.0,98.7,5.28,5.14,88.9,0.895,0.799,189.45,0.206,150.47,12100.9,8.13,0.025,False,False
BGW-002,1,2019-02-10,11,161.94,108.5,98.3,6.5,5.13,86.6,0.854,0.761,220.99,0.179,181.48,11970.3,9.46,0.24,False,False
BGW-002,1,2019-02-11,12,159.39,114.2,99.0,5.28,5.11,89.4,0.894,0.795,188.83,0.242,143.14,12174.5,8.28,0.029,False,False
BGW-002,1,2019-02-12,13,156.89,120.2,100.0,4.89,5.09,94.0,0.9,0.798,177.52,0.213,139.66,12248.5,7.89,0.0,False,False
BGW-002,1,2019-02-13,14,154.45,126.4,100.0,6.5,5.08,82.6,0.853,0.754,222.77,0.234,170.61,12043.8,9.3,0.249,False,False
BGW-002,1,2019-02-14,15,152.06,132.9,100.0,6.5,5.06,86.4,0.852,0.752,222.04,0.279,160.05,12165.0,9.62,0.252,False,False
BGW-002,1,2019-02-15,16,149.73,139.6,100.0,4.87,5.04,91.0,0.9,0.792,175.17,0.259,129.78,12311.6,7.84,0.0,False,False
BGW-002,1,2019-02-16,17,147.45,146.6,100.0,6.5,5.02,78.5,0.851,0.746,220.48,0.281,158.49,12279.9,9.65,0.259,False,False
BGW-002,1,2019-02-17,18,145.21,153.8,97.1,4.81,5.0,94.4,0.9,0.787,167.31,0.248,125.83,12001.3,7.79,0.0,False,False
BGW-002,1,2019-02-18,19,143.03,161.3,97.0,4.96,4.98,91.5,0.9,0.785,171.64,0.25,128.75,12054.1,8.14,0.0,False,False
BGW-002,1,2019-02-19,20,140.9,169.1,100.0,4.93,4.96,92.5,0.9,0.782,175.22,0.291,124.17,12186.6,7.99,0.0,False,False
BGW-002,1,2019-02-20,21,138.82,177.1,100.0,6.5,4.94,84.4,0.848,0.735,216.99,0.274,157.61,12115.6,9.55,0.273,False,False
BGW-002,1,2019-02-21,22,136.78,185.5,98.4,6.13,4.92,81.1,0.86,0.742,203.26,0.268,148.73,12233.5,9.33,0.211,False,False
BGW-002,1,2019-02-22,23,134.79,194.0,100.0,5.05,4.9,88.9,0.895,0.769,176.67,0.244,133.5,11993.0,7.78,0.027,False,False
BGW-002,1,2019-02-23,24,132.84,202.9,97.5,4.91,4.88,82.2,0.899,0.77,167.59,0.295,118.15,11654.1,7.84,0.007,False,False
BGW-002,1,2019-02-24,25,130.94,212.1,96.7,5.23,4.86,88.1,0.888,0.757,174.01,0.242,131.89,12148.9,7.94,0.068,False,False
BGW-002,1,2019-02-25,26,129.07,221.5,100.0,5.34,4.83,82.1,0.883,0.75,182.16,0.264,134.02,12364.8,8.39,0.094,False,False
BGW-002,1,2019-02-26,27,127.25,231.2,100.0,5.3,4.81,87.5,0.884,0.747,179.97,0.283,129.04,12169.7,8.32,0.093,False,False
BGW-002,1,2019-02-27,28,125.47,241.2,99.3,4.91,4.79,82.4,0.896,0.754,167.21,0.331,111.9,12159.7,7.82,0.031,False,False
BGW-002,1,2019-02-28,29,123.74,251.5,96.0,5.65,4.76,82.5,0.87,0.729,179.81,0.306,124.74,12135.8,8.3,0.167,False,False
BGW-002,1,2019-03-01,30,122.03,262.1,99.0,6.35,4.74,80.3,0.846,0.706,201.49,0.274,146.35,12290.7,9.56,0.296,False,False
BGW-002,1,2019-03-02,31,120.37,273.0,97.9,4.57,4.71,82.3,0.9,0.747,151.8,0.326,102.32,11908.5,7.43,0.017,False,False
BGW-002,1,2019-03-03,32,118.75,284.1,100.0,4.89,4.69,91.2,0.893,0.737,163.72,0.308,113.37,11989.0,7.74,0.053,False,False
BGW-002,1,2019-03-04,33,117.16,295.6,97.3,4.64,4.67,81.1,0.9,0.739,151.57,0.316,103.68,11949.7,7.65,0.022,False,False
BGW-002,1,2019-03-05,34,115.6,307.3,100.0,6.5,4.64,83.0,0.838,0.684,202.03,0.336,134.12,12302.4,9.5,0.35,False,False
BGW-002,1,2019-03-06,35,114.08,319.3,99.6,4.58,4.61,94.4,0.9,0.73,151.38,0.352,98.14,12439.5,7.85,0.027,False,False
BGW-002,1,2019-03-07,36,112.6,331.6,100.0,4.6,4.59,89.9,0.9,0.726,151.76,0.334,101.02,12332.1,7.93,0.032,False,False
BGW-002,1,2019-03-08,37,111.15,344.2,100.0,5.91,4.56,78.7,0.855,0.686,184.07,0.374,115.27,12142.6,9.08,0.268,False,False
BGW-002,1,2019-03-09,38,109.73,357.0,100.0,5.03,4.54,92.6,0.883,0.704,161.05,0.36,103.06,12323.4,8.0,0.123,False,False
BGW-002,1,2019-03-10,39,108.34,370.1,97.2,4.42,4.51,92.4,0.9,0.712,138.99,0.371,87.45,12193.3,7.59,0.039,False,False
BGW-002,1,2019-03-11,40,106.98,383.5,98.2,4.57,4.49,86.6,0.897,0.705,143.95,0.352,93.31,11962.1,7.54,0.057,False,False
BGW-002,1,2019-03-12,41,105.66,397.2,99.9,4.29,4.46,85.2,0.9,0.703,136.85,0.42,79.34,12018.3,7.01,0.045,False,False
BGW-002,1,2019-03-13,42,104.36,411.1,100.0,5.05,4.43,80.0,0.878,0.681,156.46,0.4,93.81,12350.0,8.39,0.157,False,False
BGW-002,1,2019-03-14,43,103.09,425.3,95.6,4.94,4.41,89.6,0.879,0.677,145.28,0.4,87.18,12222.4,8.08,0.144,False,False
BGW-002,1,2019-03-15,44,101.85,439.8,100.0,5.26,4.38,80.6,0.866,0.662,158.38,0.385,97.38,12513.0,8.47,0.209,False,False
BGW-002,1,2019-03-16,45,100.64,454.4,100.0,4.76,4.35,82.4,0.88,0.668,144.63,0.397,87.27,12223.7,7.76,0.13,False,False
BGW-002,1,2019-03-17,46,99.45,469.4,97.4,4.47,4.33,90.5,0.887,0.668,132.41,0.398,79.69,12092.4,7.67,0.087,False,False
BGW-002,1,2019-03-18,47,98.3,484.5,95.5,4.56,4.3,88.9,0.881,0.659,130.49,0.429,74.49,12159.0,7.68,0.11,False,False
BGW-002,1,2019-03-19,48,97.16,499.9,97.5,4.23,4.27,91.1,0.888,0.659,123.47,0.434,69.88,12166.0,6.97,0.068,False,False
BGW-002,1,2019-03-20,49,96.06,515.6,100.0,5.68,4.25,86.9,0.839,0.618,159.44,0.464,85.42,12266.0,8.91,0.323,False,False
BGW-002,1,2019-03-21,50,94.97,531.4,100.0,4.9,4.22,80.2,0.862,0.63,140.25,0.418,81.64,12156.4,7.69,0.195,False,False
BGW-002,1,2019-03-22,51,93.92,547.5,100.0,4.99,4.19,79.1,0.856,0.62,140.67,0.416,82.19,12429.0,8.12,0.218,False,False
BGW-002,1,2019-03-23,52,92.88,563.7,100.0,4.18,4.17,85.7,0.88,0.633,120.2,0.456,65.44,11884.9,6.96,0.085,False,False
BGW-002,1,2019-03-24,53,91.87,580.2,97.6,4.18,4.14,90.1,0.878,0.625,115.98,0.482,60.06,12228.9,6.99,0.093,False,False
BGW-002,1,2019-03-25,54,90.88,596.8,98.6,4.22,4.11,84.2,0.874,0.617,116.68,0.415,68.28,12181.3,7.27,0.108,False,False
BGW-002,1,2019-03-26,55,89.91,613.6,100.0,5.73,4.09,77.3,0.82,0.575,149.76,0.456,81.48,12425.5,8.71,0.382,False,False
BGW-002,1,2019-03-27,56,88.97,630.6,100.0,5.52,4.06,83.6,0.824,0.573,143.72,0.482,74.44,12384.5,8.54,0.353,False,False
BGW-002,1,2019-03-28,57,88.04,647.8,99.8,3.98,4.04,85.2,0.871,0.6,108.23,0.47,57.41,12054.5,7.02,0.102,False,False
BGW-002,1,2019-03-29,58,87.14,665.1,100.0,4.03,4.01,89.6,0.868,0.593,108.65,0.464,58.23,12491.4,7.18,0.109,False,False
BGW-002,1,2019-03-30,59,86.26,682.6,100.0,3.9,3.99,81.8,0.867,0.587,104.12,0.5,52.02,12209.5,7.01,0.11,False,False
BGW-002,1,2019-03-31,60,85.39,700.2,100.0,4.43,3.96,79.9,0.849,0.57,114.77,0.487,58.83,12451.6,7.37,0.196,False,False
BGW-002,1,2019-04-01,61,84.55,717.9,95.6,4.63,3.94,83.1,0.84,0.558,112.38,0.491,57.24,12109.5,7.52,0.24,False,False
BGW-002,1,2019-04-02,62,83.72,735.8,96.6,4.36,3.91,76.2,0.846,0.557,106.61,0.49,54.39,12372.4,7.58,0.2,False,False
BGW-002,1,2019-04-03,63,82.92,753.8,96.6,3.94,3.89,77.3,0.857,0.56,96.88,0.5,48.45,12301.5,7.02,0.136,False,False
BGW-002,1,2019-04-04,64,82.13,771.8,96.4,3.84,3.86,88.4,0.857,0.554,93.34,0.489,47.73,12043.3,6.58,0.13,False,False
BGW-002,1,2019-04-05,65,81.36,790.0,93.5,4.15,3.84,77.4,0.844,0.541,95.49,0.525,45.33,12246.8,7.06,0.189,False,False
BGW-002,1,2019-04-06,66,80.6,808.3,100.0,3.66,3.81,84.4,0.852,0.542,90.2,0.52,43.3,12323.3,6.68,0.138,False,False
BGW-002,1,2019-04-07,67,79.87,826.6,100.0,4.73,3.79,84.0,0.819,0.516,110.83,0.541,50.92,12171.8,7.72,0.307,False,False
BGW-002,1,2019-04-08,68,79.14,845.0,99.2,3.83,3.77,79.9,0.846,0.528,91.28,0.523,43.55,12540.9,6.84,0.159,False,False
BGW-002,1,2019-04-09,69,78.44,863.5,100.0,4.64,3.74,79.7,0.816,0.505,106.34,0.559,46.88,12268.6,7.85,0.307,False,False
BGW-002,1,2019-04-10,70,77.75,882.0,99.5,3.74,3.72,79.0,0.843,0.517,87.41,0.513,42.57,12652.2,6.5,0.159,False,False
BGW-002,1,2019-04-11,71,77.08,900.6,100.0,5.35,3.7,72.1,0.787,0.478,116.09,0.553,51.94,12442.7,8.75,0.448,False,False
BGW-002,1,2019-04-12,72,76.42,919.2,100.0,4.54,3.67,81.9,0.811,0.488,100.67,0.529,47.38,12325.9,7.55,0.315,False,False
BGW-002,1,2019-04-13,73,75.78,937.8,95.7,3.83,3.65,83.1,0.831,0.496,82.6,0.583,34.46,12231.0,6.93,0.199,False,False
BGW-002,1,2019-04-14,74,75.15,956.4,96.2,3.62,3.63,82.5,0.835,0.493,78.12,0.576,33.14,12015.8,6.6,0.172,False,False
BGW-002,1,2019-04-15,75,74.53,975.1,100.0,3.85,3.61,74.8,0.825,0.483,84.48,0.554,37.66,12553.0,6.9,0.218,False,False
BGW-002,1,2019-04-16,76,73.93,993.7,94.7,3.68,3.59,80.3,0.828,0.48,76.02,0.621,28.8,12078.3,6.73,0.196,False,False
BGW-002,1,2019-04-17,77,73.34,1012.4,92.4,4.39,3.57,74.8,0.801,0.461,84.86,0.607,33.36,12354.7,7.34,0.328,False,False
BGW-002,1,2019-04-18,78,72.77,1031.0,99.3,3.47,3.55,83.1,0.826,0.471,73.69,0.572,31.52,12599.3,6.52,0.189,False,False
BGW-002,1,2019-04-19,79,72.2,1049.6,100.0,4.42,3.53,82.1,0.795,0.449,90.08,0.561,39.51,12491.5,7.51,0.349,False,False
BGW-002,1,2019-04-20,80,71.65,1068.2,99.5,3.73,3.51,82.1,0.815,0.456,76.93,0.613,29.79,12682.4,6.98,0.237,False,False
BGW-002,1,2019-04-21,81,71.12,1086.7,95.4,3.37,3.49,84.3,0.82,0.455,66.45,0.616,25.51,12210.2,6.49,0.202,False,False
BGW-002,1,2019-04-22,82,70.59,1105.2,98.5,3.33,3.47,79.0,0.818,0.45,67.17,0.636,24.47,12196.3,6.16,0.206,False,False
BGW-002,1,2019-04-23,83,70.08,1123.6,98.7,4.58,3.45,77.5,0.778,0.424,87.23,0.597,35.14,12253.2,7.82,0.409,False,False
BGW-002,1,2019-04-24,84,69.58,1142.0,100.0,4.92,3.43,75.6,0.764,0.413,92.29,0.653,32.05,12384.1,8.26,0.474,True,False
BGW-002,1,2019-04-25,85,69.08,1160.3,97.7,3.57,3.41,78.7,0.806,0.432,68.48,0.63,25.32,12539.1,6.67,0.246,False,False
BGW-002,1,2019-04-26,86,68.6,1178.5,94.2,4.04,3.39,74.1,0.788,0.419,72.34,0.619,27.57,12209.6,6.9,0.335,False,False
BGW-002,1,2019-04-27,87,68.14,1196.7,96.7,3.26,3.37,73.9,0.807,0.425,60.93,0.658,20.81,12495.4,6.26,0.227,False,False
BGW-002,1,2019-04-28,88,67.68,1214.8,97.8,3.87,3.36,72.2,0.788,0.412,70.79,0.681,22.59,12327.1,6.72,0.32,False,False
BGW-002,1,2019-04-29,89,67.23,1232.7,96.9,3.26,3.34,75.5,0.803,0.416,59.76,0.654,20.69,12196.7,6.1,0.235,False,False
BGW-002,1,2019-04-30,90,66.79,1250.6,93.1,4.26,3.32,77.3,0.769,0.396,71.37,0.654,24.67,12262.5,7.22,0.403,False,False
BGW-002,1,2019-05-01,91,66.36,1268.4,91.9,3.82,3.31,78.6,0.782,0.399,63.55,0.68,20.35,12139.6,6.7,0.333,False,False
BGW-002,1,2019-05-02,92,65.94,1286.1,95.5,3.24,3.29,72.9,0.797,0.403,56.6,0.66,19.22,12212.7,6.02,0.247,False,False
BGW-002,1,2019-05-03,93,65.53,1303.6,99.4,4.73,3.27,73.0,0.746,0.374,80.04,0.676,25.95,12405.6,7.67,0.506,True,False
BGW-002,1,2019-05-04,94,65.13,1321.0,94.5,3.97,3.26,79.4,0.769,0.383,65.31,0.685,20.56,11920.8,6.76,0.38,False,False
BGW-002,1,2019-05-05,95,64.74,1338.4,92.4,4.02,3.24,78.5,0.765,0.378,63.81,0.745,16.3,12249.3,6.96,0.395,False,False
BGW-002,1,2019-05-06,96,64.36,1355.5,95.7,3.56,3.23,80.3,0.777,0.381,59.1,0.681,18.84,12168.5,6.47,0.322,False,False
BGW-002,2,2019-05-19,1,180.15,76.4,100.0,6.5,5.22,83.3,0.857,0.773,228.27,0.171,189.14,12196.1,9.67,0.223,False,False
BGW-002,2,2019-05-20,2,176.97,81.1,99.1,5.09,5.21,82.7,0.9,0.81,185.71,0.152,157.57,12024.5,8.19,0.0,False,False
BGW-002,2,2019-05-21,3,173.86,86.0,100.0,5.71,5.19,86.0,0.883,0.793,205.71,0.16,172.8,12063.5,8.46,0.09,False,False
BGW-002,2,2019-05-22,4,170.83,91.1,98.9,5.36,5.18,88.9,0.894,0.801,193.11,0.171,160.02,12322.5,8.02,0.032,False,False
BGW-002,2,2019-05-23,5,167.87,96.5,100.0,6.35,5.16,82.3,0.86,0.77,222.15,0.166,185.23,12127.5,9.52,0.208,False,False
BGW-002,2,2019-05-24,6,164.98,102.1,100.0,5.03,5.15,88.8,0.9,0.804,183.71,0.196,147.72,12053.6,8.15,0.0,False,False
BGW-002,2,2019-05-25,7,162.16,108.0,97.1,5.37,5.13,88.3,0.892,0.795,188.39,0.18,154.5,12196.1,8.62,0.043,False,False
BGW-002,2,2019-05-26,8,159.41,114.2,97.6,4.86,5.11,82.3,0.9,0.8,172.39,0.169,143.21,12104.4,7.5,0.0,False,False
BGW-002,2,2019-05-27,9,156.73,120.6,100.0,4.98,5.09,93.3,0.9,0.798,180.46,0.226,139.75,12174.6,7.86,0.0,False,False
BGW-002,2,2019-05-28,10,154.1,127.3,97.3,4.94,5.07,89.0,0.9,0.796,173.92,0.204,138.47,11947.3,7.78,0.0,False,False
BGW-002,2,2019-05-29,11,151.55,134.4,100.0,6.27,5.06,82.4,0.86,0.758,215.95,0.236,164.95,12172.5,9.48,0.213,False,False
BGW-002,2,2019-05-30,12,149.05,141.7,99.4,4.98,5.04,88.4,0.9,0.791,177.85,0.181,145.72,11955.4,7.85,0.0,False,False
BGW-002,2,2019-05-31,13,146.61,149.3,100.0,5.39,5.01,86.6,0.888,0.778,190.46,0.26,140.92,12058.1,8.33,0.065,False,False
BGW-002,2,2019-06-01,14,144.24,157.1,100.0,4.91,4.99,88.9,0.9,0.786,175.34,0.243,132.72,12226.9,7.86,0.0,False,False
BGW-002,2,2019-06-02,15,141.92,165.4,100.0,5.54,4.97,88.1,0.881,0.767,192.98,0.226,149.38,12166.0,8.53,0.099,False,False
BGW-002,2,2019-06-03,16,139.65,173.9,99.5,5.17,4.95,90.9,0.893,0.774,181.19,0.255,134.95,12055.0,7.96,0.039,False,False
BGW-002,2,2019-06-04,17,137.44,182.7,100.0,4.78,4.93,83.6,0.9,0.778,168.81,0.234,129.29,12285.1,7.71,0.0,False,False
BGW-002,2,2019-06-05,18,135.28,191.9,100.0,4.68,4.91,88.5,0.9,0.775,164.61,0.27,120.11,12327.0,7.42,0.0,False,False
BGW-002,2,2019-06-06,19,133.18,201.3,98.5,4.94,4.88,93.9,0.898,0.77,170.27,0.277,123.15,12049.3,7.98,0.01,False,False
BGW-002,2,2019-06-07,20,131.12,211.1,100.0,6.5,4.86,88.6,0.845,0.721,213.07,0.256,158.43,12473.3,9.7,0.29,False,False
BGW-002,2,2019-06-08,21,129.12,221.3,98.2,4.79,4.83,93.9,0.9,0.764,163.57,0.308,113.15,11879.2,7.42,0.005,False,False
BGW-002,2,2019-06-09,22,127.16,231.7,98.4,4.73,4.81,85.4,0.9,0.761,160.96,0.334,107.22,12391.8,7.74,0.007,False,False
BGW-002,2,2019-06-10,23,125.25,242.5,100.0,4.7,4.78,85.8,0.9,0.757,161.72,0.306,112.31,12117.0,7.58,0.01,False,False
BGW-002,2,2019-06-11,24,123.38,253.7,100.0,6.08,4.76,81.5,0.856,0.717,197.84,0.298,138.82,12191.0,9.09,0.243,False,False
BGW-002,2,2019-06-12,25,121.56,265.1,95.9,5.17,4.73,88.3,0.885,0.737,166.29,0.33,111.47,11915.8,7.9,0.092,False,False
BGW-002,2,2019-06-13,26,119.79,276.9,100.0,4.6,4.71,89.5,0.9,0.745,155.61,0.364,99.02,12368.0,7.53,0.017,False,False
BGW-002,2,2019-06-14,27,118.05,289.0,100.0,4.5,4.68,81.2,0.9,0.741,151.64,0.377,94.43,11945.0,7.48,0.02,False,False
BGW-002,2,2019-06-15,28,116.36,301.5,100.0,5.48,4.65,89.2,0.873,0.714,177.69,0.384,109.51,12359.6,8.5,0.167,False,False
BGW-002,2,2019-06-16,29,114.71,314.3,100.0,5.97,4.63,86.5,0.855,0.696,188.77,0.366,119.71,12262.2,9.04,0.262,False,False
BGW-002,2,2019-06-17,30,113.1,327.4,100.0,6.28,4.6,82.4,0.844,0.682,194.75,0.347,127.23,12307.1,9.45,0.324,False,False
BGW-002,2,2019-06-18,31,111.53,340.8,98.4,4.79,4.57,90.0,0.893,0.717,153.56,0.388,94.03,12101.3,7.67,0.07,False,False
BGW-002,2,2019-06-19,32,109.99,354.6,96.0,5.79,4.54,80.7,0.858,0.685,173.09,0.413,101.65,11856.9,8.76,0.254,False,False
BGW-002,2,2019-06-20,33,108.49,368.7,100.0,4.64,4.51,90.2,0.896,0.71,149.6,0.369,94.36,12216.2,7.41,0.06,False,False
BGW-002,2,2019-06-21,34,107.03,383.1,100.0,4.55,4.49,87.3,0.898,0.706,145.93,0.385,89.79,12069.1,7.17,0.052,False,False
BGW-002,2,2019-06-22,35,105.6,397.8,100.0,4.31,4.46,86.3,0.9,0.703,137.78,0.406,81.78,12130.8,7.22,0.045,False,False
BGW-002,2,2019-06-23,36,104.21,412.8,100.0,6.02,4.43,79.2,0.845,0.655,179.35,0.397,108.13,12401.4,9.2,0.327,False,False
BGW-002,2,2019-06-24,37,102.85,428.1,100.0,4.53,4.4,93.3,0.893,0.687,141.26,0.43,80.58,12189.7,7.52,0.074,False,False
BGW-002,2,2019-06-25,38,101.52,443.7,95.8,5.64,4.37,76.8,0.853,0.651,159.78,0.411,94.18,12077.2,8.65,0.277,False,False
BGW-002,2,2019-06-26,39,100.23,459.6,100.0,4.47,4.34,89.8,0.889,0.673,136.81,0.434,77.42,12433.1,7.21,0.082,False,False
BGW-002,2,2019-06-27,40,98.96,475.7,100.0,5.56,4.32,87.8,0.85,0.638,161.38,0.454,88.05,12091.0,8.61,0.281,False,True
BGW-002,2,2019-06-28,41,97.73,492.2,97.0,4.49,4.29,88.9,0.882,0.657,130.2,0.428,74.53,12259.0,7.45,0.102,False,False
BGW-002,2,2019-06-29,42,96.53,508.9,100.0,4.28,4.26,92.8,0.887,0.655,127.42,0.476,66.75,12455.2,7.58,0.074,False,False
BGW-002,2,2019-06-30,43,95.35,525.8,94.9,5.96,4.23,77.3,0.828,0.606,155.81,0.491,79.31,12405.1,9.23,0.377,False,False
BGW-002,2,2019-07-01,44,94.21,543.0,100.0,4.3,4.2,91.4,0.88,0.639,124.91,0.475,65.58,12191.8,7.24,0.095,False,False
BGW-002,2,2019-07-02,45,93.09,560.5,99.5,5.02,4.17,83.3,0.853,0.614,139.33,0.47,73.85,12081.6,8.07,0.23,False,False
BGW-002,2,2019-07-03,46,91.99,578.1,98.8,3.99,4.14,90.4,0.879,0.627,112.32,0.475,58.92,12359.0,6.88,0.086,False,False
BGW-002,2,2019-07-04,47,90.93,596.0,96.7,4.02,4.12,83.9,0.877,0.62,109.68,0.507,54.05,12005.2,6.79,0.09,False,False
BGW-002,2,2019-07-05,48,89.89,614.1,97.5,5.38,4.09,78.7,0.832,0.583,138.96,0.487,71.27,12017.2,8.16,0.32,False,False
BGW-002,2,2019-07-06,49,88.87,632.4,100.0,4.45,4.06,87.8,0.86,0.597,120.72,0.485,62.14,12415.7,7.32,0.167,False,False
BGW-002,2,2019-07-07,50,87.88,650.9,98.1,5.44,4.03,76.4,0.824,0.567,137.29,0.523,65.48,12550.0,8.4,0.348,False,False
BGW-002,2,2019-07-08,51,86.91,669.6,97.8,5.29,4.0,80.3,0.826,0.563,132.26,0.545,60.21,12010.5,8.19,0.331,False,False
BGW-002,2,2019-07-09,52,85.97,688.4,96.2,4.01,3.98,81.4,0.865,0.584,102.22,0.509,50.21,12191.7,6.68,0.116,False,False
BGW-002,2,2019-07-10,53,85.05,707.4,99.1,4.13,3.95,86.0,0.858,0.574,106.73,0.517,51.57,12201.7,7.01,0.147,False,False
BGW-002,2,2019-07-11,54,84.15,726.5,100.0,4.48,3.92,80.9,0.843,0.558,113.67,0.541,52.13,12503.4,7.83,0.217,False,False
BGW-002,2,2019-07-12,55,83.27,745.8,100.0,4.59,3.9,86.0,0.837,0.549,114.32,0.565,49.73,12433.7,7.6,0.245,False,False
BGW-002,2,2019-07-13,56,82.41,765.2,99.3,3.8,3.87,78.9,0.857,0.557,95.35,0.506,47.08,12561.4,6.76,0.128,False,False
BGW-002,2,2019-07-14,57,81.58,784.7,94.6,5.21,3.84,83.2,0.809,0.521,116.65,0.609,45.65,12282.9,8.29,0.372,False,False
BGW-002,2,2019-07-15,58,80.76,804.4,100.0,4.86,3.82,85.9,0.818,0.521,115.09,0.579,48.43,12420.2,8.23,0.32,False,False
BGW-002,2,2019-07-16,59,79.97,824.1,95.4,4.27,3.79,82.4,0.834,0.526,97.5,0.554,43.53,12220.0,7.03,0.226,False,False
BGW-002,2,2019-07-17,60,79.19,843.9,95.9,3.85,3.77,82.9,0.845,0.528,88.59,0.577,37.46,12190.9,6.83,0.161,False,False
BGW-002,2,2019-07-18,61,78.43,863.8,92.8,4.47,3.74,75.4,0.822,0.508,95.68,0.561,42.02,11930.3,7.19,0.277,False,False
BGW-002,2,2019-07-19,62,77.69,883.7,96.6,3.79,3.72,76.6,0.841,0.515,85.66,0.591,35.06,12194.6,6.44,0.168,False,False
BGW-002,2,2019-07-20,63,76.97,903.7,96.4,4.66,3.69,79.5,0.809,0.491,100.06,0.634,36.6,12289.8,7.53,0.328,False,False
BGW-002,2,2019-07-21,64,76.26,923.7,100.0,4.89,3.67,76.3,0.798,0.479,106.45,0.582,44.5,12371.0,8.17,0.378,False,False
BGW-002,2,2019-07-22,65,75.57,943.7,94.4,3.66,3.65,77.4,0.836,0.497,78.05,0.653,27.09,12155.1,6.44,0.172,False,False
BGW-002,2,2019-07-23,66,74.9,963.8,93.1,4.98,3.62,79.2,0.789,0.464,97.9,0.601,39.08,12113.8,8.11,0.412,False,False
BGW-002,2,2019-07-24,67,74.25,983.8,94.7,3.61,3.6,83.1,0.832,0.485,75.25,0.649,26.45,12203.8,6.61,0.18,False,False
BGW-002,2,2019-07-25,68,73.61,1003.9,95.0,4.19,3.58,75.2,0.809,0.467,84.52,0.605,33.37,12573.0,7.15,0.29,False,False
BGW-002,2,2019-07-26,69,72.98,1023.9,100.0,4.42,3.55,78.7,0.798,0.457,91.67,0.644,32.67,12620.8,7.58,0.338,False,False
BGW-002,2,2019-07-27,70,72.37,1044.0,94.4,4.95,3.53,79.2,0.778,0.44,93.55,0.675,30.38,12108.9,7.9,0.44,False,False
BGW-002,2,2019-07-28,71,71.78,1064.0,92.1,4.44,3.51,76.6,0.792,0.444,82.58,0.67,27.25,12260.9,7.56,0.359,False,False
BGW-002,2,2019-07-29,72,71.2,1083.9,91.6,4.43,3.49,77.7,0.789,0.438,80.82,0.658,27.64,12185.7,7.35,0.365,False,False
BGW-002,2,2019-07-30,73,70.63,1103.8,98.4,3.59,3.47,73.5,0.814,0.448,71.97,0.703,21.39,12137.7,6.42,0.227,False,False
BGW-002,2,2019-07-31,74,70.08,1123.6,100.0,4.46,3.45,78.8,0.782,0.426,86.5,0.706,25.43,12374.3,7.45,0.388,False,False
BGW-002,2,2019-08-01,75,69.54,1143.4,92.6,4.69,3.43,76.0,0.771,0.417,82.28,0.712,23.66,12284.8,7.72,0.436,False,False
BGW-002,3,2019-08-14,1,176.51,81.8,100.0,5.42,5.21,86.5,0.893,0.803,197.82,0.157,166.76,12100.0,8.48,0.037,False,False
BGW-002,3,2019-08-15,2,173.09,87.2,100.0,4.97,5.19,82.7,0.9,0.808,182.45,0.158,153.63,12083.5,7.84,0.0,False,False
BGW-002,3,2019-08-16,3,169.76,93.0,97.6,6.08,5.17,89.6,0.87,0.779,210.02,0.168,174.64,11812.2,9.09,0.158,False,False
BGW-002,3,2019-08-17,4,166.53,99.1,100.0,5.1,5.16,90.9,0.9,0.804,186.46,0.176,153.59,12265.4,8.19,0.0,False,False
BGW-002,3,2019-08-18,5,163.37,105.4,100.0,4.99,5.14,85.9,0.9,0.803,181.95,0.187,147.92,12155.0,7.99,0.0,False,False
BGW-002,3,2019-08-19,6,160.3,112.1,100.0,4.93,5.12,88.4,0.9,0.801,179.32,0.182,146.73,12130.3,8.0,0.0,False,False
BGW-002,3,2019-08-20,7,157.32,119.2,99.9,5.02,5.1,84.6,0.9,0.798,181.72,0.178,149.31,12074.0,7.88,0.0,False,False
BGW-002,3,2019-08-21,8,154.41,126.6,100.0,6.32,5.08,86.4,0.858,0.759,218.2,0.186,177.51,12106.5,9.44,0.218,False,False
BGW-002,3,2019-08-22,9,151.57,134.3,100.0,6.5,5.06,79.0,0.852,0.751,221.88,0.204,176.57,12003.1,9.44,0.253,False,False
BGW-002,3,2019-08-23,10,148.82,142.4,100.0,5.89,5.03,85.5,0.872,0.766,204.89,0.22,159.79,12057.6,8.86,0.149,False,False
BGW-002,3,2019-08-24,11,146.13,150.8,100.0,6.11,5.01,82.3,0.863,0.756,210.09,0.201,167.76,12068.7,9.02,0.193,False,False
BGW-002,3,2019-08-25,12,143.52,159.6,96.9,6.33,4.99,77.4,0.855,0.746,208.17,0.182,170.19,12055.4,9.31,0.235,False,False
BGW-002,3,2019-08-26,13,140.98,168.8,100.0,6.5,4.96,81.4,0.849,0.738,217.94,0.192,175.99,12253.5,9.66,0.269,False,False
BGW-002,3,2019-08-27,14,138.5,178.4,97.1,4.96,4.94,93.9,0.899,0.778,170.36,0.226,131.89,11903.0,7.95,0.004,False,False
BGW-002,3,2019-08-28,15,136.09,188.4,100.0,5.35,4.91,88.4,0.886,0.763,185.47,0.243,140.33,12414.7,8.48,0.076,False,False
BGW-002,3,2019-08-29,16,133.75,198.7,98.2,4.7,4.89,84.8,0.9,0.772,161.8,0.178,132.97,11928.4,7.61,0.0,False,False
BGW-002,3,2019-08-30,17,131.46,209.5,100.0,4.91,4.86,92.1,0.898,0.767,171.2,0.221,133.45,12028.8,7.8,0.011,False,False
BGW-002,3,2019-08-31,18,129.24,220.6,99.1,4.64,4.84,84.0,0.9,0.765,159.76,0.214,125.55,12155.0,7.75,0.005,False,False
BGW-002,3,2019-09-01,19,127.08,232.2,100.0,4.59,4.81,89.7,0.9,0.761,158.71,0.252,118.66,12462.2,7.72,0.007,False,False
BGW-002,3,2019-09-02,20,124.97,244.2,100.0,6.5,4.78,85.1,0.843,0.708,209.26,0.233,160.46,12511.8,9.78,0.311,False,False
BGW-002,3,2019-09-03,21,122.92,256.5,100.0,5.06,4.75,92.8,0.89,0.744,171.08,0.251,128.16,11958.0,8.03,0.067,False,False
BGW-002,3,2019-09-04,22,120.92,269.3,100.0,5.29,4.72,84.0,0.881,0.732,176.11,0.238,134.2,12167.9,8.36,0.116,False,False
BGW-002,3,2019-09-05,23,118.98,282.5,100.0,4.66,4.69,87.8,0.9,0.743,157.34,0.261,116.2,12226.3,7.54,0.019,False,False
BGW-002,3,2019-09-06,24,117.08,296.1,98.0,4.44,4.66,81.3,0.9,0.738,145.97,0.229,112.59,12015.5,7.26,0.022,False,False
BGW-002,3,2019-09-07,25,115.24,310.1,100.0,4.64,4.63,81.3,0.9,0.733,154.52,0.27,112.85,12029.0,7.49,0.025,False,False
BGW-002,3,2019-09-08,26,113.45,324.5,100.0,4.71,4.6,92.1,0.896,0.726,155.39,0.292,110.07,12414.0,7.97,0.047,False,False
BGW-002,3,2019-09-09,27,111.7,339.3,100.0,4.66,4.57,87.6,0.897,0.721,152.8,0.33,102.39,12166.3,7.9,0.048,False,False
BGW-002,3,2019-09-10,28,110.0,354.5,99.8,4.48,4.54,83.3,0.9,0.718,145.7,0.264,107.18,12032.3,7.45,0.035,False,False
BGW-002,3,2019-09-11,29,108.35,370.1,97.7,4.36,4.51,82.2,0.9,0.712,138.01,0.283,98.95,12217.3,7.39,0.039,False,False
BGW-002,3,2019-09-12,30,106.74,386.0,97.8,4.63,4.48,84.2,0.895,0.703,144.51,0.274,104.87,12168.9,7.51,0.068,False,False
BGW-002,3,2019-09-13,31,105.17,402.4,100.0,5.22,4.45,79.4,0.874,0.681,161.44,0.325,109.02,12234.6,8.25,0.18,False,False
BGW-002,3,2019-09-14,32,103.64,419.1,100.0,4.29,4.42,93.2,0.898,0.694,135.4,0.317,92.46,12038.6,7.02,0.05,False,False
BGW-002,3,2019-09-15,33,102.16,436.1,96.8,5.12,4.39,84.2,0.871,0.668,150.38,0.305,104.53,12112.4,7.96,0.182,False,False
BGW-002,3,2019-09-16,34,100.71,453.6,100.0,6.27,4.35,86.5,0.83,0.63,179.7,0.319,122.37,12045.3,9.29,0.393,False,False
BGW-002,3,2019-09-17,35,99.3,471.3,95.3,4.59,4.32,84.3,0.883,0.665,132.02,0.32,89.74,12157.3,7.66,0.108,False,False
BGW-002,3,2019-09-18,36,97.93,489.4,100.0,4.14,4.29,88.3,0.89,0.664,124.84,0.307,86.54,12686.1,7.18,0.066,False,False
BGW-002,3,2019-09-19,37,96.6,507.9,100.0,5.52,4.26,79.9,0.845,0.625,156.82,0.312,107.93,12199.8,8.7,0.291,False,False
BGW-002,3,2019-09-20,38,95.3,526.6,100.0,5.31,4.23,87.9,0.849,0.622,149.97,0.31,103.52,12307.5,8.36,0.263,False,False
BGW-002,3,2019-09-21,39,94.03,545.6,100.0,5.7,4.2,83.3,0.833,0.604,156.39,0.333,104.25,12255.3,8.94,0.341,False,False
BGW-002,3,2019-09-22,40,92.8,565.0,100.0,5.58,4.16,79.0,0.833,0.599,151.89,0.301,106.13,12447.1,8.77,0.331,False,False
BGW-002,3,2019-09-23,41,91.6,584.6,100.0,4.32,4.13,79.1,0.872,0.62,121.75,0.328,81.85,12273.7,7.43,0.12,False,False
BGW-002,3,2019-09-24,42,90.44,604.4,94.4,4.5,4.1,84.1,0.863,0.608,117.22,0.333,78.2,12184.6,7.2,0.161,False,False
BGW-002,3,2019-09-25,43,89.3,624.6,100.0,4.81,4.07,85.3,0.849,0.592,129.32,0.359,82.9,12352.5,7.82,0.225,False,False
BGW-002,3,2019-09-26,44,88.2,644.9,97.4,5.57,4.04,80.3,0.821,0.566,139.48,0.357,89.68,12326.2,8.7,0.368,False,False
BGW-002,3,2019-09-27,45,87.12,665.5,100.0,4.44,4.01,82.3,0.855,0.583,117.72,0.394,71.28,12404.9,7.3,0.181,False,False
BGW-002,3,2019-09-28,46,86.07,686.3,98.0,4.09,3.98,85.9,0.863,0.583,106.12,0.377,66.08,11780.9,6.78,0.129,False,False
BGW-002,3,2019-09-29,47,85.05,707.3,98.8,3.94,3.95,81.2,0.864,0.578,102.11,0.353,66.03,12240.0,6.65,0.115,False,False
BGW-002,3,2019-09-30,48,84.06,728.5,100.0,4.82,3.92,75.1,0.832,0.55,120.59,0.375,75.4,12055.3,7.88,0.278,False,False
BGW-002,3,2019-10-01,49,83.09,749.8,97.9,3.71,3.89,82.6,0.859,0.562,92.76,0.375,57.93,11968.3,6.37,0.125,False,False
BGW-002,3,2019-10-02,50,82.15,771.3,100.0,4.23,3.86,78.0,0.845,0.547,105.02,0.398,63.21,12477.3,7.23,0.194,False,False
BGW-002,3,2019-10-03,51,81.24,792.9,97.8,3.71,3.83,81.7,0.854,0.547,90.25,0.408,53.47,12315.8,6.68,0.135,False,False
BGW-002,3,2019-10-04,52,80.34,814.6,95.2,3.72,3.8,83.5,0.852,0.54,86.83,0.439,48.68,12104.2,6.45,0.14,False,False
BGW-002,3,2019-10-05,53,79.48,836.5,98.7,4.05,3.78,86.4,0.84,0.526,95.68,0.417,55.83,12100.6,6.88,0.193,False,False
BGW-002,3,2019-10-06,54,78.63,858.4,97.2,3.81,3.75,80.2,0.845,0.524,88.1,0.447,48.73,12286.3,6.68,0.16,False,False
BGW-002,3,2019-10-07,55,77.81,880.4,97.1,3.57,3.72,82.4,0.844,0.518,81.54,0.433,46.2,12353.7,6.49,0.155,False,False
BGW-002,3,2019-10-08,56,77.01,902.5,100.0,4.68,3.69,76.3,0.809,0.49,104.31,0.413,61.25,12239.3,7.6,0.332,False,False
BGW-002,3,2019-10-09,57,76.23,924.6,100.0,4.47,3.67,74.5,0.812,0.487,99.07,0.441,55.37,11975.0,7.42,0.306,False,False
BGW-002,3,2019-10-10,58,75.47,946.8,96.3,4.2,3.64,81.4,0.818,0.485,89.1,0.435,50.38,12421.4,7.19,0.267,False,False
BGW-002,3,2019-10-11,59,74.73,969.0,93.4,3.87,3.62,75.3,0.825,0.485,79.63,0.431,45.32,12215.9,6.61,0.22,False,False
BGW-002,3,2019-10-12,60,74.01,991.2,100.0,4.06,3.59,82.7,0.815,0.474,87.41,0.437,49.25,12371.1,6.83,0.262,False,False
BGW-002,3,2019-10-13,61,73.31,1013.3,100.0,4.73,3.57,77.5,0.79,0.454,97.62,0.42,56.59,12509.7,7.83,0.389,False,False
BGW-002,3,2019-10-14,62,72.63,1035.5,97.8,3.59,3.54,77.2,0.824,0.469,74.78,0.455,40.78,12285.6,6.41,0.198,False,False
BGW-002,3,2019-10-15,63,71.97,1057.6,98.5,4.19,3.52,74.7,0.801,0.451,84.52,0.477,44.23,12290.0,7.34,0.313,False,False
BGW-002,3,2019-10-16,64,71.32,1079.7,96.6,3.37,3.49,82.5,0.821,0.457,67.56,0.465,36.14,12306.5,5.97,0.2,False,False
BGW-002,3,2019-10-17,65,70.69,1101.7,97.8,4.99,3.47,76.5,0.767,0.423,93.83,0.46,50.63,12452.3,8.09,0.472,True,False
BGW-002,3,2019-10-18,66,70.08,1123.6,93.8,3.55,3.45,82.9,0.812,0.443,67.01,0.492,34.03,11954.8,6.19,0.227,False,False
BGW-002,3,2019-10-19,67,69.48,1145.4,95.8,4.42,3.43,73.2,0.78,0.421,81.04,0.442,45.19,11786.2,6.96,0.39,False,False
BGW-002,3,2019-10-20,68,68.9,1167.2,96.1,3.26,3.4,74.2,0.81,0.433,61.63,0.477,32.25,12260.0,6.13,0.22,False,False
BGW-002,3,2019-10-21,69,68.34,1188.8,100.0,4.29,3.38,76.8,0.778,0.411,80.23,0.511,39.19,12393.8,7.18,0.384,False,False
BGW-002,3,2019-10-22,70,67.79,1210.4,96.6,3.48,3.36,79.5,0.802,0.42,64.1,0.483,33.15,12287.2,6.15,0.25,False,False
BGW-002,3,2019-10-23,71,67.25,1231.7,96.2,3.37,3.34,72.6,0.802,0.416,61.3,0.511,30.0,12252.4,5.94,0.24,False,False
BGW-002,3,2019-10-24,72,66.73,1253.0,96.6,3.37,3.32,83.5,0.799,0.41,60.66,0.489,30.98,12324.2,6.17,0.248,False,False
BGW-002,3,2019-10-25,73,66.22,1274.1,95.2,3.54,3.3,74.6,0.79,0.402,61.62,0.534,28.74,12162.9,6.48,0.287,False,False
BGW-002,3,2019-10-26,74,65.73,1295.1,92.1,3.58,3.28,75.2,0.786,0.396,59.31,0.507,29.25,12378.9,6.31,0.301,False,False
BGW-002,3,2019-10-27,75,65.25,1315.9,95.3,3.22,3.26,82.6,0.793,0.396,55.11,0.506,27.23,12137.3,5.84,0.254,False,False
BGW-002,3,2019-10-28,76,64.78,1336.5,94.8,4.07,3.24,80.0,0.763,0.377,66.14,0.528,31.19,12314.4,6.7,0.402,False,False
BGW-002,3,2019-10-29,77,64.33,1356.9,90.3,4.53,3.23,77.4,0.745,0.365,67.81,0.508,33.34,12009.9,7.37,0.491,True,False
BGW-002,3,2019-10-30,78,63.88,1377.2,92.2,4.45,3.21,69.1,0.744,0.361,67.43,0.526,31.94,12128.7,7.44,0.485,True,False
BGW-002,3,2019-10-31,79,63.45,1397.2,91.7,3.44,3.19,77.0,0.775,0.373,53.49,0.535,24.85,12245.7,6.38,0.316,False,False
BGW-002,3,2019-11-01,80,63.03,1417.1,94.3,3.54,3.17,77.1,0.769,0.367,55.72,0.549,25.14,11918.9,6.3,0.342,False,False
BGW-002,3,2019-11-02,81,62.62,1436.8,96.0,3.09,3.16,77.8,0.779,0.368,49.67,0.511,24.27,12316.0,5.78,0.281,False,False
BGW-002,3,2019-11-03,82,62.22,1456.2,92.5,3.75,3.14,69.3,0.756,0.355,55.93,0.526,26.5,12196.5,6.61,0.392,False,False
BGW-002,3,2019-11-04,83,61.84,1475.4,100.0,3.48,3.12,74.5,0.763,0.355,56.1,0.538,25.93,12843.7,6.36,0.352,False,False
BGW-002,3,2019-11-05,84,61.46,1494.4,90.6,3.12,3.11,78.5,0.772,0.356,45.71,0.56,20.1,11922.4,6.17,0.296,False,False
BGW-002,3,2019-11-06,85,61.09,1513.2,95.5,3.06,3.09,80.0,0.77,0.352,46.79,0.539,21.57,12261.2,5.82,0.298,False,False
BGW-002,3,2019-11-07,86,60.73,1531.7,100.0,4.05,3.08,72.4,0.735,0.334,61.47,0.557,27.23,12686.0,7.0,0.473,True,False
BGW-002,3,2019-11-08,87,60.38,1550.0,92.9,2.95,3.06,71.6,0.766,0.345,42.97,0.597,17.31,11998.7,5.75,0.307,False,False
BGW-002,3,2019-11-09,88,60.05,1568.1,94.0,3.13,3.05,74.7,0.761,0.34,45.51,0.599,18.24,12141.1,5.51,0.326,False,False
BGW-002,3,2019-11-10,89,59.72,1585.9,93.2,4.01,3.04,65.7,0.729,0.323,54.88,0.61,21.41,12227.0,7.15,0.485,True,False
BGW-002,3,2019-11-11,90,59.39,1603.5,91.7,3.41,3.02,77.8,0.747,0.329,46.68,0.586,19.31,12457.9,6.64,0.387,False,False
BGW-002,3,2019-11-12,91,59.08,1620.9,96.1,4.32,3.01,70.6,0.714,0.312,58.83,0.625,22.05,12368.8,7.27,0.552,True,True
BGW-002,3,2019-11-13,92,58.78,1638.0,90.1,2.99,3.0,77.5,0.756,0.328,40.18,0.617,15.41,12149.1,5.55,0.327,False,False
BGW-002,3,2019-11-14,93,58.48,1654.8,97.6,3.38,2.98,77.5,0.74,0.319,47.84,0.602,19.03,12280.4,6.26,0.4,False,False
BGW-002,3,2019-11-15,94,58.19,1671.4,100.0,3.96,2.97,71.0,0.719,0.307,55.28,0.595,22.41,12436.5,6.74,0.507,True,False
BGW-002,3,2019-11-16,95,57.91,1687.7,95.0,3.38,2.96,74.5,0.736,0.313,45.65,0.641,16.38,12263.4,6.23,0.412,False,False
BGW-002,3,2019-11-17,96,57.64,1703.8,91.6,3.09,2.95,72.8,0.743,0.314,40.32,0.609,15.77,12271.5,5.83,0.367,False,False
BGW-002,3,2019-11-18,97,57.37,1719.7,94.5,2.86,2.94,78.2,0.746,0.313,38.43,0.618,14.69,12070.2,5.4,0.345,False,False
BGW-002,3,2019-11-19,98,57.11,1735.2,94.2,3.02,2.93,68.6,0.741,0.309,39.89,0.668,13.24,12157.0,5.6,0.365,False,False
BGW-002,3,2019-11-20,99,56.86,1750.6,89.2,3.06,2.91,75.9,0.738,0.305,37.83,0.662,12.8,11990.2,5.69,0.377,False,False
BGW-002,3,2019-11-21,100,56.62,1765.6,92.9,2.81,2.9,74.7,0.741,0.305,36.18,0.657,12.41,12182.1,5.56,0.356,False,False
BGW-002,3,2019-11-22,101,56.38,1780.5,91.0,3.74,2.89,66.8,0.711,0.291,44.89,0.662,15.19,12484.8,6.69,0.506,True,False
BGW-002,3,2019-11-23,102,56.14,1795.0,92.2,3.41,2.88,72.6,0.72,0.293,41.85,0.655,14.43,12081.0,5.92,0.455,True,False
BGW-002,3,2019-11-24,103,55.92,1809.3,92.4,3.43,2.87,72.1,0.717,0.29,41.74,0.682,13.28,12098.4,6.15,0.463,True,False
BGW-002,3,2019-11-25,104,55.7,1823.4,90.2,3.95,2.86,67.2,0.698,0.28,45.41,0.68,14.53,12148.6,6.8,0.559,True,False
BGW-002,3,2019-11-26,105,55.48,1837.2,89.9,2.79,2.86,69.6,0.732,0.293,33.32,0.641,11.95,12357.0,5.6,0.372,False,False
BGW-002,3,2019-11-27,106,55.27,1850.8,93.4,3.09,2.85,70.7,0.722,0.287,37.74,0.689,11.75,12224.3,5.57,0.419,False,False
BGW-002,3,2019-11-28,107,55.07,1864.1,89.6,3.22,2.84,68.2,0.716,0.283,37.19,0.676,12.04,12197.9,5.91,0.446,False,False
BGW-002,3,2019-11-29,108,54.87,1877.2,91.8,2.88,2.83,76.0,0.726,0.286,34.3,0.717,9.72,12174.0,5.91,0.39,False,False
BGW-002,3,2019-11-30,109,54.68,1890.0,87.2,3.57,2.82,72.5,0.701,0.274,38.84,0.69,12.03,11882.7,6.37,0.515,True,False
BGW-002,3,2019-12-01,110,54.49,1902.6,90.7,2.88,2.81,65.4,0.722,0.281,33.44,0.698,10.11,12054.9,6.03,0.4,False,False
BGW-002,4,2019-12-15,1,176.65,81.5,100.0,6.5,5.21,85.2,0.857,0.771,227.72,0.145,194.64,12290.7,9.62,0.226,False,False
BGW-002,4,2019-12-16,2,173.27,86.9,100.0,5.99,5.19,82.5,0.873,0.784,213.45,0.129,186.02,12172.6,8.81,0.14,False,False
BGW-002,4,2019-12-17,3,169.98,92.6,100.0,6.32,5.17,86.2,0.862,0.772,221.8,0.197,178.01,12349.4,9.41,0.201,False,False
BGW-002,4,2019-12-18,4,166.78,98.6,100.0,6.27,5.16,81.7,0.863,0.771,219.81,0.199,176.08,12260.9,9.56,0.195,False,False
BGW-002,4,2019-12-19,5,163.66,104.8,98.0,5.24,5.14,93.5,0.897,0.8,186.6,0.203,148.73,12168.4,7.99,0.018,False,False
BGW-002,4,2019-12-20,6,160.62,111.4,96.7,6.5,5.12,88.7,0.854,0.76,216.94,0.214,170.59,12106.3,9.27,0.242,False,False
BGW-002,4,2019-12-21,7,157.67,118.3,100.0,6.5,5.1,88.9,0.853,0.757,223.68,0.243,169.24,12186.7,9.76,0.245,False,False
BGW-002,4,2019-12-22,8,154.79,125.6,97.8,5.03,5.08,90.9,0.9,0.796,177.95,0.261,131.53,12275.9,8.26,0.0,False,False
BGW-002,4,2019-12-23,9,151.98,133.1,100.0,5.19,5.06,85.5,0.896,0.79,186.34,0.259,138.15,12187.7,8.1,0.023,False,False
BGW-002,4,2019-12-24,10,149.25,141.1,97.9,6.5,5.04,85.9,0.851,0.748,216.51,0.274,157.15,11852.0,9.46,0.256,False,False
BGW-002,4,2019-12-25,11,146.59,149.3,100.0,5.8,5.01,84.2,0.874,0.766,201.87,0.322,136.9,12036.7,8.64,0.138,False,False
BGW-002,4,2019-12-26,12,144.0,158.0,100.0,6.03,4.99,79.3,0.866,0.756,207.0,0.297,145.58,12219.4,9.07,0.181,False,False
BGW-002,4,2019-12-27,13,141.47,167.0,100.0,5.09,4.97,86.8,0.896,0.779,180.26,0.299,126.42,11960.4,7.88,0.021,False,False
BGW-002,4,2019-12-28,14,139.02,176.4,99.1,4.7,4.94,90.5,0.9,0.78,164.94,0.306,114.52,11940.8,7.75,0.0,False,False
BGW-002,4,2019-12-29,15,136.62,186.1,100.0,5.01,4.92,85.7,0.897,0.774,176.32,0.305,122.61,12147.1,8.09,0.017,False,False
BGW-002,4,2019-12-30,16,134.29,196.2,100.0,4.75,4.89,93.4,0.9,0.773,166.88,0.311,114.96,11965.3,7.73,0.0,False,False
BGW-002,4,2019-12-31,17,132.03,206.8,100.0,4.66,4.87,92.7,0.9,0.769,162.82,0.315,111.52,12360.3,7.88,0.002,False,False
BGW-002,4,2020-01-01,18,129.82,217.7,100.0,4.69,4.84,82.1,0.9,0.766,163.31,0.339,108.03,12273.8,7.78,0.004,False,False
BGW-002,4,2020-01-02,19,127.66,229.0,100.0,4.77,4.82,83.2,0.9,0.762,165.06,0.391,100.49,12253.1,7.9,0.007,False,False
BGW-002,4,2020-01-03,20,125.57,240.7,97.8,4.85,4.79,81.1,0.898,0.756,163.02,0.395,98.64,12158.8,7.78,0.02,False,False
BGW-002,4,2020-01-04,21,123.53,252.8,100.0,4.77,4.76,90.1,0.9,0.753,163.37,0.36,104.62,12196.1,7.71,0.014,False,False
BGW-002,4,2020-01-05,22,121.54,265.3,100.0,4.67,4.73,94.2,0.9,0.749,159.07,0.428,90.96,12190.7,7.46,0.015,False,False
BGW-002,4,2020-01-06,23,119.61,278.1,98.2,4.73,4.7,86.4,0.899,0.744,157.0,0.417,91.56,12202.3,7.5,0.022,False,False
BGW-002,4,2020-01-07,24,117.72,291.4,100.0,4.64,4.67,88.6,0.9,0.74,155.97,0.399,93.76,12266.8,7.7,0.021,False,False
BGW-002,4,2020-01-08,25,115.89,305.1,100.0,5.96,4.64,84.3,0.856,0.699,189.45,0.447,104.7,12299.7,9.35,0.254,False,False
BGW-002,4,2020-01-09,26,114.1,319.2,100.0,4.63,4.62,91.2,0.899,0.73,153.69,0.43,87.65,12059.4,7.54,0.03,False,False
BGW-002,4,2020-01-10,27,112.36,333.6,100.0,6.34,4.59,86.1,0.841,0.678,195.49,0.461,105.42,12050.6,9.39,0.338,False,False
BGW-002,4,2020-01-11,28,110.66,348.5,100.0,5.69,4.55,81.4,0.862,0.69,178.47,0.46,96.39,12030.6,8.73,0.233,False,False
BGW-002,4,2020-01-12,29,109.01,363.7,98.7,4.34,4.52,92.4,0.9,0.715,139.13,0.48,72.37,12040.5,7.47,0.037,False,False
BGW-002,4,2020-01-13,30,107.41,379.3,100.0,5.14,4.49,86.9,0.878,0.692,161.69,0.507,79.79,12301.5,8.17,0.154,False,False
BGW-002,4,2020-01-14,31,105.84,395.3,100.0,6.09,4.46,86.3,0.846,0.661,182.93,0.521,87.57,12300.2,9.27,0.328,False,False
BGW-002,4,2020-01-15,32,104.32,411.6,100.0,4.39,4.43,81.2,0.899,0.697,139.16,0.521,66.7,12277.1,7.18,0.048,False,False
BGW-002,4,2020-01-16,33,102.83,428.3,98.2,4.61,4.4,81.1,0.89,0.684,140.77,0.567,60.9,12145.5,7.56,0.088,False,False
BGW-002,4,2020-01-17,34,101.39,445.3,100.0,5.73,4.37,87.2,0.849,0.648,168.78,0.558,74.54,12246.4,8.84,0.294,False,False
BGW-002,4,2020-01-18,35,99.98,462.7,99.7,4.28,4.34,91.1,0.893,0.675,130.81,0.579,55.09,12317.8,7.31,0.06,False,False
BGW-002,4,2020-01-19,36,98.61,480.4,99.2,5.3,4.31,87.6,0.858,0.643,153.48,0.571,65.77,12338.0,8.44,0.237,False,False
BGW-002,4,2020-01-20,37,97.27,498.4,100.0,5.92,4.28,75.8,0.834,0.619,166.65,0.607,65.52,12117.0,9.07,0.356,False,False
BGW-002,4,2020-01-21,38,95.97,516.8,100.0,4.41,4.24,86.2,0.881,0.648,129.88,0.606,51.2,12363.8,7.27,0.101,False,False
BGW-002,4,2020-01-22,39,94.71,535.4,97.7,4.33,4.21,87.1,0.88,0.642,123.43,0.602,49.07,12272.2,7.33,0.097,False,False
BGW-002,4,2020-01-23,40,93.47,554.3,99.0,5.83,4.18,81.0,0.827,0.597,156.59,0.627,58.43,12046.8,8.84,0.369,False,False
BGW-002,4,2020-01-24,41,92.27,573.5,100.0,4.63,4.15,79.1,0.864,0.618,129.95,0.59,53.25,12589.7,7.82,0.169,False,False
BGW-002,4,2020-01-25,42,91.1,593.0,100.0,4.26,4.12,87.7,0.873,0.618,119.61,0.662,40.43,12259.4,7.23,0.113,False,False
BGW-002,4,2020-01-26,43,89.97,612.7,97.7,5.5,4.09,75.9,0.828,0.581,141.89,0.696,43.14,12397.2,8.63,0.341,False,False
BGW-002,4,2020-01-27,44,88.86,632.7,100.0,3.98,4.06,83.0,0.873,0.606,109.68,0.675,35.65,12118.1,6.76,0.098,False,False
BGW-002,4,2020-01-28,45,87.78,652.9,100.0,5.21,4.03,84.8,0.831,0.571,135.23,0.659,46.08,12342.4,8.24,0.31,False,False
BGW-002,5,2020-02-09,1,175.97,82.6,100.0,5.07,5.2,84.3,0.9,0.809,186.52,0.152,158.2,11985.5,7.93,0.0,False,False
BGW-002,5,2020-02-10,2,172.73,87.8,100.0,6.5,5.19,89.2,0.856,0.769,227.04,0.144,194.46,12156.5,9.46,0.23,False,False
BGW-002,5,2020-02-11,3,169.58,93.3,100.0,5.05,5.17,83.1,0.9,0.806,184.96,0.176,152.32,11847.1,7.81,0.0,False,False
BGW-002,5,2020-02-12,4,166.51,99.1,97.1,6.16,5.16,83.7,0.867,0.775,210.53,0.146,179.7,11971.6,9.19,0.176,False,False
BGW-002,5,2020-02-13,5,163.52,105.1,96.2,6.33,5.14,87.4,0.86,0.767,212.29,0.151,180.15,11935.4,9.13,0.209,False,False
BGW-002,5,2020-02-14,6,160.6,111.5,98.8,4.89,5.12,94.3,0.9,0.801,175.77,0.186,143.14,12006.7,7.96,0.0,False,False
BGW-002,5,2020-02-15,7,157.75,118.1,97.9,4.93,5.1,90.8,0.9,0.799,175.17,0.176,144.26,11798.0,7.88,0.0,False,False
BGW-002,5,2020-02-16,8,154.98,125.1,97.7,6.5,5.08,86.0,0.853,0.755,217.73,0.191,176.05,11995.5,9.66,0.248,False,False
BGW-002,5,2020-02-17,9,152.28,132.3,98.8,4.83,5.06,93.2,0.9,0.794,172.36,0.187,140.13,12269.5,7.83,0.0,False,False
BGW-002,5,2020-02-18,10,149.64,139.9,97.6,5.11,5.04,87.2,0.898,0.79,179.06,0.188,145.4,12080.0,7.95,0.012,False,False
BGW-002,5,2020-02-19,11,147.07,147.8,97.3,5.26,5.02,84.5,0.892,0.782,182.14,0.21,143.89,12026.3,8.05,0.043,False,False
BGW-002,5,2020-02-20,12,144.57,156.0,98.9,5.07,5.0,93.6,0.898,0.784,178.79,0.222,139.03,12216.5,7.87,0.013,False,False
BGW-002,5,2020-02-21,13,142.13,164.6,100.0,4.97,4.97,86.7,0.9,0.784,177.01,0.193,142.86,12203.5,8.07,0.0,False,False
BGW-002,5,2020-02-22,14,139.75,173.5,99.7,5.03,4.95,90.0,0.897,0.778,177.46,0.176,146.28,12109.9,8.09,0.014,False,False
BGW-002,5,2020-02-23,15,137.43,182.8,96.9,5.53,4.93,88.8,0.88,0.76,185.27,0.215,145.49,11961.8,8.5,0.106,False,False
BGW-002,5,2020-02-24,16,135.16,192.4,100.0,4.96,4.9,92.5,0.898,0.773,174.11,0.185,141.91,12170.9,7.9,0.009,False,False
BGW-002,5,2020-02-25,17,132.96,202.4,100.0,5.04,4.88,84.9,0.895,0.766,175.49,0.212,138.22,12118.2,7.89,0.028,False,False
BGW-002,5,2020-02-26,18,130.81,212.7,98.0,4.79,4.85,82.5,0.9,0.767,163.56,0.21,129.13,12058.0,7.84,0.003,False,False
BGW-002,5,2020-02-27,19,128.72,223.4,97.8,4.79,4.83,81.5,0.9,0.764,162.56,0.208,128.79,11873.0,7.45,0.005,False,False
BGW-002,5,2020-02-28,20,126.67,234.4,95.1,6.42,4.8,76.5,0.846,0.714,198.09,0.203,157.8,11930.6,9.34,0.29,False,False
BGW-002,5,2020-02-29,21,124.68,245.8,100.0,5.96,4.78,87.1,0.861,0.723,195.7,0.233,150.14,12248.8,8.99,0.217,False,False
BGW-002,5,2020-03-01,22,122.74,257.6,98.3,4.68,4.75,88.2,0.9,0.752,157.4,0.234,120.59,12497.5,7.74,0.013,False,False
BGW-002,5,2020-03-02,23,120.85,269.8,100.0,4.64,4.72,89.6,0.9,0.748,157.79,0.241,119.77,12110.7,7.61,0.016,False,False
BGW-002,5,2020-03-03,24,119.0,282.3,100.0,5.68,4.69,89.2,0.867,0.716,184.93,0.238,140.95,12343.8,9.04,0.192,False,False
BGW-002,5,2020-03-04,25,117.21,295.2,97.1,6.45,4.67,78.7,0.841,0.69,196.22,0.251,146.93,12125.5,9.49,0.333,False,False
BGW-002,5,2020-03-05,26,115.45,308.4,99.0,5.06,4.64,88.6,0.886,0.723,164.54,0.249,123.65,12098.7,8.16,0.098,False,False
BGW-002,5,2020-03-06,27,113.75,322.0,96.5,4.99,4.61,92.8,0.887,0.719,157.31,0.258,116.78,12081.8,7.78,0.094,False,False
BGW-002,5,2020-03-07,28,112.08,336.0,100.0,4.72,4.58,83.8,0.895,0.721,154.5,0.222,120.21,12282.8,7.44,0.055,False,False
BGW-002,5,2020-03-08,29,110.46,350.3,100.0,5.2,4.55,87.7,0.878,0.702,165.91,0.243,125.52,12045.6,8.12,0.148,False,False
BGW-002,5,2020-03-09,30,108.87,365.0,100.0,4.63,4.52,88.6,0.896,0.711,149.75,0.252,111.98,12105.7,7.56,0.057,False,False
BGW-002,5,2020-03-10,31,107.33,380.0,97.8,4.39,4.49,83.9,0.9,0.709,138.41,0.274,100.44,12102.0,7.35,0.041,False,False
BGW-002,5,2020-03-11,32,105.83,395.4,100.0,6.26,4.46,88.1,0.84,0.657,186.8,0.311,128.62,12037.7,9.23,0.358,False,False
BGW-002,5,2020-03-12,33,104.36,411.1,100.0,6.06,4.43,87.4,0.844,0.655,180.42,0.281,129.66,12194.0,9.13,0.333,False,False
BGW-002,5,2020-03-13,34,102.93,427.1,100.0,6.17,4.4,87.5,0.838,0.645,180.74,0.28,130.18,12370.4,9.2,0.36,False,False
BGW-002,5,2020-03-14,35,101.54,443.5,99.3,4.4,4.37,81.5,0.894,0.682,135.64,0.291,96.15,12450.8,7.32,0.061,False,False
BGW-002,5,2020-03-15,36,100.18,460.2,97.9,4.19,4.34,88.4,0.893,0.676,125.87,0.297,88.54,12061.9,7.18,0.059,False,False
BGW-002,5,2020-03-16,37,98.86,477.1,100.0,6.21,4.31,76.4,0.828,0.621,175.43,0.293,124.03,12345.5,9.33,0.396,False,False
BGW-002,5,2020-03-17,38,97.57,494.4,98.8,6.14,4.28,77.0,0.827,0.616,169.6,0.276,122.84,12239.6,9.09,0.391,False,False
BGW-002,5,2020-03-18,39,96.31,512.0,97.5,4.24,4.25,85.2,0.887,0.654,122.9,0.307,85.12,12260.4,7.27,0.071,False,False
BGW-002,5,2020-03-19,40,95.08,529.8,96.9,4.34,4.22,83.3,0.881,0.644,123.1,0.308,85.13,12266.5,7.3,0.095,False,False
BGW-002,5,2020-03-20,41,93.89,547.9,95.1,5.47,4.19,81.9,0.84,0.609,143.75,0.325,97.07,12034.5,8.22,0.302,False,False
BGW-002,5,2020-03-21,42,92.72,566.3,100.0,4.28,4.16,88.8,0.877,0.629,122.41,0.361,78.17,12320.4,7.05,0.104,False,False
BGW-002,5,2020-03-22,43,91.59,584.9,97.5,4.06,4.13,81.5,0.878,0.625,112.31,0.317,76.75,12122.8,7.05,0.087,False,False
BGW-002,5,2020-03-23,44,90.48,603.8,100.0,4.07,4.1,84.7,0.876,0.617,114.01,0.296,80.25,12112.8,6.93,0.092,False,False
BGW-002,5,2020-03-24,45,89.4,622.8,97.8,4.05,4.07,85.7,0.874,0.61,109.61,0.318,74.71,12130.5,6.72,0.096,False,False
BGW-002,5,2020-03-25,46,88.35,642.1,99.2,4.26,4.05,83.5,0.865,0.597,114.69,0.32,77.95,12485.8,7.5,0.138,False,False
BGW-002,5,2020-03-26,47,87.32,661.6,97.6,4.06,4.02,80.0,0.868,0.594,106.95,0.355,68.97,12319.0,7.2,0.113,False,False
BGW-002,5,2020-03-27,48,86.32,681.3,100.0,3.96,3.99,79.8,0.867,0.587,105.75,0.359,67.77,12355.4,6.88,0.109,False,False
BGW-002,5,2020-03-28,49,85.34,701.2,100.0,4.24,3.96,82.7,0.855,0.574,110.55,0.355,71.29,12382.6,7.23,0.163,False,False
BGW-002,5,2020-03-29,50,84.39,721.2,99.1,4.87,3.93,83.2,0.831,0.552,121.08,0.356,78.03,12281.7,7.56,0.283,False,False
BGW-002,5,2020-03-30,51,83.47,741.4,98.7,3.98,3.9,81.9,0.857,0.563,100.7,0.343,66.2,12284.2,7.09,0.137,False,False
BGW-002,5,2020-03-31,52,82.56,761.8,97.6,4.02,3.87,87.4,0.853,0.555,98.86,0.343,65.0,12446.5,7.04,0.152,False,False
BGW-002,5,2020-04-01,53,81.68,782.2,100.0,5.14,3.85,79.6,0.812,0.523,122.22,0.379,75.84,12305.2,7.97,0.359,False,False
BGW-002,5,2020-04-02,54,80.83,802.8,100.0,4.44,3.82,75.3,0.832,0.53,107.04,0.367,67.75,12330.3,7.49,0.246,False,False
BGW-002,5,2020-04-03,55,79.99,823.5,100.0,3.77,3.79,87.2,0.851,0.537,91.83,0.402,54.9,12139.9,6.56,0.142,False,False
BGW-002,5,2020-04-04,56,79.17,844.3,94.9,3.76,3.77,76.4,0.848,0.529,85.97,0.4,51.58,12328.3,6.85,0.146,False,False
BGW-002,5,2020-04-05,57,78.38,865.1,98.6,3.72,3.74,87.4,0.846,0.523,87.18,0.369,54.97,12468.7,6.93,0.151,False,False
BGW-002,5,2020-04-06,58,77.6,886.0,99.3,3.79,3.71,79.5,0.841,0.514,87.99,0.418,51.19,12391.5,6.81,0.17,False,False
BGW-002,5,2020-04-07,59,76.85,907.0,99.2,3.79,3.69,75.7,0.838,0.507,86.53,0.355,55.83,12441.4,6.8,0.178,False,False
BGW-002,5,2020-04-08,60,76.11,928.0,96.5,4.53,3.66,83.8,0.81,0.485,96.27,0.403,57.51,11958.2,7.47,0.316,False,False
BGW-002,5,2020-04-09,61,75.39,949.0,97.6,3.59,3.64,79.1,0.836,0.496,78.97,0.36,50.57,12294.9,6.41,0.17,False,False
BGW-002,5,2020-04-10,62,74.69,970.0,97.3,3.47,3.62,86.5,0.833,0.489,75.02,0.413,44.06,12461.6,6.55,0.175,False,False
BGW-002,5,2020-04-11,63,74.01,991.1,100.0,3.82,3.59,84.7,0.823,0.478,83.02,0.41,48.98,12199.4,6.61,0.22,False,False
BGW-002,5,2020-04-12,64,73.35,1012.1,100.0,4.26,3.57,80.7,0.806,0.463,89.65,0.381,55.48,12611.0,7.4,0.305,False,False
BGW-002,5,2020-04-13,65,72.7,1033.2,93.5,4.77,3.54,80.3,0.785,0.447,90.61,0.427,51.95,12045.7,7.6,0.404,False,False
BGW-002,5,2020-04-14,66,72.07,1054.2,94.6,3.39,3.52,74.4,0.824,0.464,67.61,0.392,41.09,12213.5,6.02,0.194,False,False
BGW-002,5,2020-04-15,67,71.45,1075.1,96.4,3.56,3.5,75.4,0.819,0.457,71.23,0.397,42.98,12485.7,6.57,0.209,False,False
BGW-002,5,2020-04-16,68,70.85,1096.0,98.7,3.5,3.48,77.5,0.818,0.452,70.92,0.417,41.32,12454.7,6.23,0.207,False,False
BGW-002,5,2020-04-17,69,70.27,1116.8,97.6,3.91,3.45,81.9,0.801,0.438,75.93,0.423,43.83,12173.7,7.1,0.287,False,False
BGW-002,5,2020-04-18,70,69.69,1137.6,97.7,3.41,3.43,75.2,0.814,0.441,66.81,0.449,36.81,12014.8,6.11,0.213,False,False
BGW-002,5,2020-04-19,71,69.14,1158.3,95.8,4.77,3.41,78.8,0.766,0.411,85.48,0.454,46.64,12217.9,7.83,0.456,True,False
BGW-002,5,2020-04-20,72,68.6,1178.9,100.0,3.69,3.39,77.0,0.799,0.425,71.21,0.455,38.81,12458.8,6.46,0.274,False,False
BGW-002,5,2020-04-21,73,68.07,1199.3,92.7,3.97,3.37,76.0,0.787,0.414,69.19,0.459,37.43,11909.1,6.6,0.331,False,False
BGW-002,5,2020-04-22,74,67.55,1219.7,96.9,3.84,3.35,75.3,0.788,0.411,69.48,0.472,36.67,12118.6,6.31,0.317,False,False
BGW-002,5,2020-04-23,75,67.05,1240.0,100.0,4.13,3.33,75.2,0.776,0.401,75.13,0.405,44.73,12367.4,7.03,0.375,False,False
BGW-002,5,2020-04-24,76,66.56,1260.1,98.4,4.38,3.31,74.4,0.764,0.391,76.61,0.463,41.1,12112.1,6.96,0.427,False,False
BGW-002,5,2020-04-25,77,66.08,1280.1,92.1,3.35,3.29,73.5,0.795,0.403,56.62,0.456,30.82,11880.4,6.37,0.256,False,False
BGW-002,5,2020-04-26,78,65.62,1299.9,96.0,3.49,3.28,72.1,0.788,0.396,60.27,0.468,32.07,12072.9,6.28,0.287,False,False
BGW-002,5,2020-04-27,79,65.16,1319.6,100.0,4.21,3.26,76.0,0.761,0.379,72.6,0.425,41.73,12346.4,7.25,0.422,False,False
BGW-002,5,2020-04-28,80,64.72,1339.2,94.8,3.13,3.24,74.0,0.79,0.39,52.57,0.456,28.58,11893.9,5.7,0.259,False,False
BGW-002,5,2020-04-29,81,64.29,1358.6,91.6,3.18,3.22,80.9,0.788,0.386,51.03,0.474,26.86,12241.3,5.75,0.263,False,False
BGW-002,5,2020-04-30,82,63.87,1377.8,91.3,3.86,3.21,70.0,0.764,0.371,59.38,0.48,30.9,11927.4,6.82,0.381,False,False
BGW-002,5,2020-05-01,83,63.46,1396.8,100.0,3.56,3.19,73.2,0.771,0.371,60.02,0.513,29.25,12294.1,6.38,0.336,False,False
BGW-002,5,2020-05-02,84,63.06,1415.7,100.0,4.32,3.17,71.3,0.743,0.355,69.62,0.473,36.68,12365.4,7.37,0.476,True,False
BGW-002,5,2020-05-03,85,62.67,1434.3,93.0,3.1,3.16,78.1,0.779,0.369,48.28,0.5,24.13,12065.5,5.92,0.281,False,False
BGW-002,5,2020-05-04,86,62.29,1452.8,92.9,3.07,3.14,76.9,0.777,0.365,47.25,0.517,22.81,12289.6,6.15,0.285,False,False
BGW-002,5,2020-05-05,87,61.92,1471.1,94.7,3.08,3.13,78.8,0.775,0.361,47.82,0.522,22.84,12074.3,5.77,0.289,False,False
BGW-002,5,2020-05-06,88,61.56,1489.2,96.1,3.09,3.11,70.9,0.773,0.357,48.24,0.487,24.74,12113.5,5.82,0.293,False,False
BGW-002,5,2020-05-07,89,61.21,1507.1,95.6,3.21,3.1,79.1,0.767,0.352,49.02,0.491,24.94,12270.6,6.14,0.316,False,False
BGW-002,5,2020-05-08,90,60.87,1524.7,100.0,3.29,3.08,69.1,0.762,0.347,51.9,0.528,24.48,12604.3,6.46,0.338,False,False
BGW-002,5,2020-05-09,91,60.53,1542.2,93.0,2.97,3.07,70.2,0.767,0.346,43.49,0.535,20.21,12104.2,5.67,0.305,False,False
BGW-002,5,2020-05-10,92,60.21,1559.5,94.1,3.17,3.06,69.4,0.761,0.341,46.22,0.513,22.53,12194.3,6.26,0.329,False,False
BGW-002,5,2020-05-11,93,59.89,1576.5,99.2,3.31,3.04,72.0,0.754,0.336,50.06,0.491,25.5,12261.6,6.18,0.36,False,False
BGW-002,5,2020-05-12,94,59.58,1593.3,92.8,4.31,3.03,71.6,0.718,0.317,57.68,0.548,26.09,12125.5,7.19,0.54,True,False
BGW-002,5,2020-05-13,95,59.28,1609.9,94.8,3.15,3.02,71.7,0.754,0.331,44.92,0.539,20.73,12348.8,5.8,0.344,False,False
BGW-002,5,2020-05-14,96,58.99,1626.3,92.3,3.06,3.01,74.0,0.755,0.329,42.24,0.528,19.93,12316.9,5.76,0.334,False,False
BGW-002,5,2020-05-15,97,58.7,1642.4,93.0,3.2,2.99,74.2,0.748,0.324,43.8,0.546,19.88,11911.0,5.83,0.364,False,False
BGW-002,5,2020-05-16,98,58.42,1658.4,88.4,3.5,2.98,66.3,0.736,0.316,44.53,0.554,19.85,12167.9,6.35,0.423,False,False
BGW-002,5,2020-05-17,99,58.15,1674.1,93.3,3.07,2.97,67.6,0.748,0.32,41.57,0.539,19.18,12206.3,5.72,0.352,False,False
BGW-002,5,2020-05-18,100,57.88,1689.5,100.0,3.47,2.96,73.0,0.732,0.311,49.08,0.572,21.01,12582.6,6.37,0.429,False,False
BGW-002,5,2020-05-19,101,57.62,1704.8,97.9,3.7,2.95,67.9,0.723,0.305,50.17,0.533,23.44,12474.7,6.72,0.474,True,False
BGW-002,5,2020-05-20,102,57.37,1719.8,96.9,3.18,2.94,77.1,0.738,0.309,43.34,0.544,19.77,12539.3,6.28,0.388,False,False
BGW-002,5,2020-05-21,103,57.12,1734.6,91.6,2.83,2.93,71.7,0.744,0.31,36.53,0.585,15.15,12301.2,5.47,0.349,False,False
BGW-002,5,2020-05-22,104,56.88,1749.2,90.4,4.02,2.92,63.7,0.706,0.292,48.23,0.565,20.96,12295.9,6.89,0.544,True,False
BGW-002,5,2020-05-23,105,56.65,1763.5,94.8,3.83,2.91,73.1,0.71,0.292,48.22,0.555,21.45,12160.8,6.78,0.517,True,False
BGW-002,5,2020-05-24,106,56.42,1777.6,92.6,2.89,2.9,73.3,0.739,0.303,36.77,0.549,16.6,12212.8,5.39,0.359,False,False
BGW-002,5,2020-05-25,107,56.2,1791.5,90.0,2.84,2.89,77.0,0.738,0.3,34.95,0.557,15.48,11949.2,5.6,0.362,False,False
BGW-002,5,2020-05-26,108,55.98,1805.1,88.9,3.01,2.88,66.2,0.732,0.296,36.05,0.564,15.72,12236.3,5.33,0.389,False,False
BGW-002,5,2020-05-27,109,55.77,1818.6,92.2,2.85,2.87,75.3,0.735,0.296,35.35,0.559,15.61,12515.4,5.5,0.368,False,False
BGW-002,5,2020-05-28,110,55.57,1831.8,90.4,3.64,2.86,71.6,0.707,0.283,42.31,0.595,17.14,11991.0,6.39,0.507,True,False
BGW-002,5,2020-05-29,111,55.37,1844.7,96.2,3.33,2.85,67.4,0.715,0.285,41.54,0.604,16.47,12381.1,6.51,0.458,True,False
BGW-002,5,2020-05-30,112,55.17,1857.5,97.3,3.27,2.84,71.6,0.716,0.284,41.03,0.596,16.59,12436.3,6.05,0.451,True,False
BGW-002,5,2020-05-31,113,54.98,1870.0,98.3,4.08,2.83,62.1,0.687,0.271,49.37,0.598,19.83,12426.2,7.26,0.597,True,False
BGW-002,5,2020-06-01,114,54.79,1882.3,91.1,2.86,2.83,67.8,0.726,0.285,33.73,0.588,13.88,11975.1,5.57,0.388,False,False
BGW-002,5,2020-06-02,115,54.61,1894.4,91.0,2.95,2.82,73.1,0.721,0.282,34.38,0.639,12.4,11949.0,6.03,0.409,False,False
BGW-002,5,2020-06-03,116,54.44,1906.3,96.3,3.67,2.81,65.2,0.696,0.271,43.41,0.614,16.77,12345.4,6.45,0.538,True,False
BGW-002,5,2020-06-04,117,54.26,1918.0,92.6,2.93,2.8,71.1,0.719,0.278,34.29,0.585,14.22,12205.2,5.52,0.412,False,False
BGW-002,5,2020-06-05,118,54.1,1929.4,95.3,3.17,2.79,70.6,0.709,0.273,37.54,0.622,14.18,12184.8,6.09,0.459,True,False
BGW-002,5,2020-06-06,119,53.93,1940.6,95.7,3.13,2.79,64.6,0.709,0.272,37.06,0.605,14.65,12408.3,6.0,0.456,True,False
BGW-002,5,2020-06-07,120,53.77,1951.7,92.4,2.9,2.78,68.2,0.715,0.273,33.27,0.639,12.01,12216.5,5.59,0.419,False,False
BGW-002,5,2020-06-08,121,53.62,1962.5,88.0,2.78,2.77,70.8,0.718,0.273,30.32,0.637,11.01,11931.5,5.33,0.401,False,False
BGW-002,5,2020-06-09,122,53.47,1973.1,92.7,2.81,2.77,69.7,0.715,0.271,32.02,0.652,11.14,11880.8,5.62,0.41,False,False
BGW-002,5,2020-06-10,123,53.32,1983.5,98.9,3.0,2.76,73.8,0.707,0.267,35.96,0.658,12.32,12545.2,5.6,0.447,False,False
BGW-002,5,2020-06-11,124,53.17,1993.7,92.6,3.66,2.75,63.1,0.684,0.257,39.62,0.665,13.28,11950.7,6.45,0.566,True,False
BGW-002,5,2020-06-12,125,53.03,2003.7,89.2,2.62,2.75,71.0,0.713,0.267,28.32,0.647,9.99,12007.6,5.26,0.41,False,False
BGW-002,5,2020-06-13,126,52.9,2013.6,90.7,2.78,2.74,69.9,0.711,0.265,30.34,0.687,9.49,12230.2,5.5,0.418,False,False
BGW-002,5,2020-06-14,127,52.76,2023.2,89.4,2.78,2.74,71.5,0.709,0.264,29.75,0.667,9.9,12040.0,5.46,0.422,False,False
BGW-002,5,2020-06-15,128,52.63,2032.6,90.9,2.61,2.73,64.5,0.71,0.263,28.38,0.679,9.12,12378.7,5.31,0.417,False,False
BGW-002,5,2020-06-16,129,52.51,2041.9,91.2,2.73,2.72,65.2,0.708,0.261,29.59,0.685,9.31,12249.5,5.41,0.42,False,False
BGW-002,5,2020-06-17,130,52.38,2050.9,87.9,2.71,2.72,67.3,0.707,0.26,28.23,0.682,8.96,12102.3,5.47,0.421,False,False
BGW-002,5,2020-06-18,131,52.26,2059.8,87.6,3.27,2.71,71.6,0.688,0.252,32.85,0.674,10.7,12001.5,6.44,0.521,True,False
BGW-002,5,2020-06-19,132,52.15,2068.5,93.6,3.6,2.71,63.2,0.676,0.247,37.75,0.661,12.82,12180.0,6.44,0.58,True,False
BGW-002,5,2020-06-20,133,52.03,2077.1,94.8,3.02,2.7,72.3,0.694,0.253,32.88,0.648,11.59,12306.3,5.61,0.482,True,False
BGW-002,5,2020-06-21,134,51.92,2085.4,90.3,2.82,2.7,71.2,0.699,0.254,29.37,0.657,10.06,12465.8,5.51,0.45,False,False
BGW-002,5,2020-06-22,135,51.81,2093.6,91.0,2.71,2.69,69.6,0.702,0.254,28.5,0.701,8.52,12066.3,5.4,0.434,False,False
BGW-002,5,2020-06-23,136,51.71,2101.6,89.3,2.79,2.69,67.3,0.698,0.252,28.49,0.696,8.67,11948.6,5.3,0.449,False,False
BGW-002,6,2020-07-11,1,147.42,146.7,95.7,6.13,5.02,89.7,0.863,0.757,201.86,0.142,173.17,12123.1,9.22,0.194,False,False
BGW-002,6,2020-07-12,2,143.74,158.9,100.0,5.39,4.99,92.6,0.887,0.774,189.6,0.174,156.66,12022.0,8.25,0.07,False,False
BGW-002,6,2020-07-13,3,140.19,171.8,100.0,6.26,4.96,78.5,0.856,0.743,211.62,0.201,169.04,12353.7,9.56,0.229,False,False
BGW-002,6,2020-07-14,4,136.77,185.5,100.0,5.22,4.92,84.0,0.89,0.768,182.27,0.195,146.81,12182.5,8.49,0.053,False,False
BGW-002,6,2020-07-15,5,133.48,199.9,99.7,4.72,4.89,83.5,0.9,0.772,164.88,0.169,136.95,12255.2,7.55,0.0,False,False
BGW-002,6,2020-07-16,6,130.31,215.2,97.9,4.81,4.85,84.0,0.9,0.767,164.15,0.208,130.05,12478.9,8.02,0.003,False,False
BGW-002,6,2020-07-17,7,127.26,231.2,100.0,4.63,4.81,93.5,0.9,0.761,160.17,0.239,121.86,12039.4,7.37,0.007,False,False
BGW-002,6,2020-07-18,8,124.32,248.0,95.0,6.5,4.77,82.0,0.842,0.707,198.43,0.244,150.04,11737.2,9.47,0.313,False,False
BGW-002,6,2020-07-19,9,121.48,265.6,100.0,6.5,4.73,80.4,0.841,0.7,206.79,0.24,157.23,12012.4,9.8,0.324,False,False
BGW-002,6,2020-07-20,10,118.76,284.0,99.5,6.5,4.69,80.3,0.84,0.693,203.61,0.29,144.56,12228.1,9.49,0.336,False,False
BGW-002,6,2020-07-21,11,116.13,303.2,100.0,4.5,4.65,89.9,0.9,0.736,150.51,0.283,107.92,12224.0,7.39,0.023,False,False
BGW-002,6,2020-07-22,12,113.6,323.2,100.0,6.3,4.61,87.2,0.844,0.683,195.55,0.313,134.34,12203.9,9.34,0.324,False,False
BGW-002,6,2020-07-23,13,111.16,344.0,100.0,4.34,4.56,86.9,0.9,0.722,142.49,0.267,104.48,12196.3,7.51,0.033,False,False
BGW-002,6,2020-07-24,14,108.82,365.6,98.8,4.63,4.52,86.8,0.896,0.711,147.72,0.308,102.27,12179.6,7.48,0.056,False,False
BGW-002,6,2020-07-25,15,106.56,387.9,100.0,4.42,4.48,90.7,0.9,0.706,141.9,0.324,95.91,12326.2,7.58,0.043,False,False
BGW-002,6,2020-07-26,16,104.38,410.9,100.0,5.88,4.43,78.8,0.85,0.66,176.44,0.344,115.81,12181.0,8.56,0.302,False,False
BGW-002,6,2020-07-27,17,102.29,434.6,100.0,4.98,4.39,81.7,0.876,0.672,152.19,0.354,98.26,11936.5,7.67,0.158,False,False
BGW-002,6,2020-07-28,18,100.27,459.1,100.0,4.21,4.34,80.6,0.893,0.677,129.46,0.363,82.45,12400.5,7.3,0.059,False,False
BGW-002,6,2020-07-29,19,98.32,484.2,100.0,5.7,4.3,78.8,0.844,0.631,163.44,0.364,103.93,12377.0,8.62,0.309,False,False
BGW-002,6,2020-07-30,20,96.45,509.9,100.0,5.0,4.26,85.8,0.862,0.637,144.65,0.409,85.49,12171.6,7.87,0.2,False,False
BGW-002,6,2020-07-31,21,94.65,536.3,100.0,4.17,4.21,90.4,0.884,0.644,122.07,0.403,72.87,12207.1,6.82,0.076,False,False
BGW-002,6,2020-08-01,22,92.91,563.3,99.6,4.34,4.17,84.7,0.875,0.629,123.5,0.427,70.74,12410.4,7.46,0.112,False,False
BGW-002,6,2020-08-02,23,91.24,590.7,94.6,5.73,4.12,76.3,0.824,0.584,143.9,0.451,78.95,12190.9,9.02,0.37,False,False
BGW-002,6,2020-08-03,24,89.63,618.7,100.0,3.95,4.08,81.5,0.874,0.611,109.77,0.457,59.57,12215.6,6.88,0.095,False,False
BGW-002,6,2020-08-04,25,88.08,647.2,100.0,3.94,4.04,83.1,0.871,0.6,107.42,0.468,57.14,12485.7,7.21,0.102,False,False
BGW-002,6,2020-08-05,26,86.58,676.1,100.0,5.02,3.99,76.9,0.834,0.566,129.2,0.477,67.53,12194.7,7.94,0.288,False,False
BGW-002,6,2020-08-06,27,85.14,705.4,100.0,3.76,3.95,79.9,0.864,0.578,98.7,0.479,51.4,12233.7,6.71,0.115,False,False
BGW-002,6,2020-08-07,28,83.76,735.1,97.6,3.79,3.91,88.2,0.861,0.568,95.52,0.476,50.04,12311.2,6.95,0.122,False,False
BGW-002,6,2020-08-08,29,82.42,765.0,97.3,3.93,3.87,79.9,0.856,0.556,96.5,0.562,42.29,11874.7,6.63,0.138,False,False
BGW-002,6,2020-08-09,30,81.14,795.3,100.0,4.9,3.83,73.8,0.818,0.523,116.59,0.524,55.46,12260.0,7.83,0.323,False,False
BGW-002,6,2020-08-10,31,79.9,825.8,100.0,5.03,3.79,75.5,0.809,0.51,116.52,0.52,55.9,12089.9,7.97,0.359,False,False
BGW-002,6,2020-08-11,32,78.71,856.4,100.0,4.76,3.75,77.1,0.813,0.505,109.16,0.529,51.46,12556.6,7.85,0.326,False,False
BGW-002,6,2020-08-12,33,77.56,887.3,96.3,3.65,3.71,83.0,0.843,0.515,82.28,0.576,34.93,11902.1,6.36,0.156,False,False
BGW-002,6,2020-08-13,34,76.45,918.2,94.5,3.71,3.68,76.7,0.838,0.505,80.46,0.57,34.57,12204.7,6.51,0.169,False,False
BGW-002,6,2020-08-14,35,75.39,949.2,98.1,3.48,3.64,81.5,0.836,0.496,76.97,0.607,30.24,12287.1,6.43,0.17,False,False
BGW-002,6,2020-08-15,36,74.36,980.3,98.0,3.7,3.6,85.8,0.829,0.484,79.79,0.575,33.94,12421.8,6.45,0.194,False,False
BGW-002,6,2020-08-16,37,73.37,1011.3,95.1,3.68,3.57,82.1,0.825,0.475,75.52,0.631,27.9,12193.0,6.74,0.204,False,False
BGW-002,6,2020-08-17,38,72.42,1042.3,96.2,3.6,3.53,83.3,0.823,0.466,73.42,0.631,27.07,12422.0,6.33,0.203,False,False
BGW-002,6,2020-08-18,39,71.51,1073.2,98.9,3.38,3.5,74.1,0.821,0.459,69.64,0.645,24.73,12126.8,6.61,0.198,False,False
BGW-002,6,2020-08-19,40,70.62,1104.0,93.6,3.55,3.47,85.4,0.815,0.449,67.71,0.637,24.6,12176.2,6.1,0.219,False,False
BGW-002,6,2020-08-20,41,69.77,1134.7,92.8,3.75,3.44,75.7,0.804,0.436,69.02,0.669,22.87,12343.6,6.78,0.268,False,False
BGW-002,6,2020-08-21,42,68.96,1165.2,100.0,4.71,3.41,73.0,0.767,0.41,87.83,0.727,23.95,12486.5,7.95,0.448,False,False
BGW-002,7,2020-09-08,1,143.58,159.4,99.2,4.82,4.99,87.5,0.9,0.785,170.78,0.112,151.59,12290.7,8.01,0.0,False,False
BGW-002,7,2020-09-09,2,139.97,172.6,99.4,4.78,4.95,94.2,0.9,0.781,168.74,0.169,140.29,11886.5,7.34,0.0,False,False
BGW-002,7,2020-09-10,3,136.5,186.6,100.0,4.75,4.92,82.4,0.9,0.776,167.65,0.166,139.89,12198.9,7.75,0.0,False,False
BGW-002,7,2020-09-11,4,133.15,201.4,98.9,4.78,4.88,94.5,0.9,0.771,165.54,0.133,143.55,12113.7,7.68,0.0,False,False
BGW-002,7,2020-09-12,5,129.94,217.1,100.0,6.35,4.84,86.1,0.85,0.723,208.61,0.148,177.76,12234.8,9.21,0.267,False,False
BGW-002,7,2020-09-13,6,126.84,233.5,100.0,6.05,4.8,77.5,0.859,0.725,199.39,0.148,169.88,12082.5,8.85,0.225,False,False
BGW-002,7,2020-09-14,7,123.86,250.8,100.0,5.82,4.76,87.0,0.865,0.725,191.69,0.187,155.87,12149.0,8.7,0.196,False,False
BGW-002,7,2020-09-15,8,120.99,268.9,95.2,5.29,4.72,84.4,0.881,0.732,167.54,0.255,124.89,11803.2,8.1,0.114,False,False
BGW-002,7,2020-09-16,9,118.23,287.8,100.0,5.05,4.68,92.2,0.888,0.731,167.77,0.196,134.95,12139.0,7.8,0.084,False,False
BGW-002,7,2020-09-17,10,115.57,307.5,98.9,4.83,4.64,91.2,0.894,0.729,158.22,0.201,126.49,11907.0,7.76,0.058,False,False
BGW-002,7,2020-09-18,11,113.01,328.1,100.0,6.14,4.6,79.2,0.849,0.686,191.29,0.211,150.84,12269.7,9.23,0.299,False,False
BGW-002,7,2020-09-19,12,110.55,349.5,97.4,6.29,4.55,82.1,0.842,0.673,187.59,0.227,144.99,12006.7,9.33,0.338,False,False
BGW-002,7,2020-09-20,13,108.19,371.6,95.5,5.93,4.51,89.2,0.853,0.675,173.56,0.227,134.25,11756.5,8.96,0.287,False,False
BGW-002,7,2020-09-21,14,105.91,394.6,100.0,6.13,4.46,79.6,0.845,0.661,183.96,0.221,143.38,12362.2,9.05,0.335,False,False
BGW-002,7,2020-09-22,15,103.71,418.3,99.0,4.33,4.42,92.4,0.898,0.694,135.16,0.241,102.56,12107.9,7.18,0.05,False,False
BGW-002,7,2020-09-23,16,101.6,442.7,97.4,4.29,4.37,83.6,0.895,0.684,129.92,0.228,100.34,12152.2,7.24,0.055,False,False
BGW-002,7,2020-09-24,17,99.57,467.9,97.7,4.52,4.33,84.8,0.886,0.668,134.21,0.248,100.92,12398.4,7.47,0.095,False,False
BGW-002,7,2020-09-25,18,97.62,493.7,100.0,4.86,4.28,87.2,0.87,0.648,142.99,0.31,98.6,12049.4,7.76,0.167,False,False
BGW-002,7,2020-09-26,19,95.73,520.2,100.0,4.09,4.24,92.0,0.886,0.651,120.8,0.266,88.64,12339.3,7.1,0.073,False,False
BGW-002,7,2020-09-27,20,93.92,547.3,97.0,4.36,4.19,83.4,0.877,0.636,122.13,0.305,84.87,12457.6,7.25,0.108,False,False
BGW-002,7,2020-09-28,21,92.18,575.1,97.4,4.25,4.15,86.2,0.876,0.626,117.78,0.274,85.55,12202.5,6.94,0.103,False,False
BGW-002,7,2020-09-29,22,90.5,603.3,100.0,5.67,4.1,76.0,0.824,0.581,149.51,0.279,107.82,12412.7,8.8,0.365,False,False
BGW-002,7,2020-09-30,23,88.89,632.1,96.7,4.14,4.06,87.9,0.87,0.604,109.81,0.292,77.79,12154.2,6.7,0.111,False,False
BGW-002,7,2020-10-01,24,87.34,661.3,96.2,3.84,4.02,79.4,0.87,0.595,99.77,0.308,69.03,12310.7,6.33,0.105,False,False
BGW-002,7,2020-10-02,25,85.84,691.0,98.3,4.36,3.97,82.8,0.853,0.575,112.02,0.298,78.59,12206.3,7.39,0.179,False,False
BGW-002,7,2020-10-03,26,84.4,721.1,100.0,5.4,3.93,82.6,0.814,0.54,132.53,0.298,93.08,12477.8,8.75,0.375,False,False
BGW-002,7,2020-10-04,27,83.02,751.5,96.9,3.77,3.89,81.9,0.859,0.562,93.34,0.308,64.58,12104.2,6.61,0.125,False,False
BGW-002,7,2020-10-05,28,81.69,782.2,100.0,4.9,3.85,73.8,0.82,0.528,117.71,0.336,78.16,12472.8,8.13,0.317,False,False
BGW-002,7,2020-10-06,29,80.4,813.2,100.0,5.07,3.81,81.7,0.81,0.513,118.35,0.312,81.37,12446.6,8.09,0.361,False,False
BGW-002,7,2020-10-07,30,79.17,844.4,96.7,3.87,3.77,79.5,0.845,0.527,89.63,0.333,59.81,12353.0,6.58,0.164,False,False
BGW-002,7,2020-10-08,31,77.98,875.7,95.9,3.54,3.73,80.3,0.844,0.519,80.18,0.302,56.0,12308.5,6.55,0.154,False,False
BGW-002,7,2020-10-09,32,76.84,907.2,99.0,3.85,3.69,87.5,0.836,0.506,87.53,0.345,57.3,12456.2,6.64,0.189,False,False
BGW-002,7,2020-10-10,33,75.74,938.8,97.7,4.43,3.65,84.1,0.811,0.483,95.15,0.373,59.69,12194.6,7.32,0.305,False,False
BGW-002,7,2020-10-11,34,74.68,970.5,96.7,3.59,3.61,78.7,0.833,0.489,77.11,0.365,48.97,12555.3,6.44,0.175,False,False
BGW-002,7,2020-10-12,35,73.66,1002.1,94.5,4.26,3.58,74.2,0.807,0.466,85.45,0.385,52.54,12392.6,7.33,0.302,False,False
BGW-002,7,2020-10-13,36,72.68,1033.7,98.0,4.92,3.54,81.4,0.78,0.444,97.23,0.351,63.08,12382.2,7.96,0.43,False,False
BGW-002,7,2020-10-14,37,71.74,1065.3,95.1,3.38,3.51,83.3,0.822,0.461,67.32,0.356,43.37,12008.8,6.03,0.197,False,False
BGW-002,7,2020-10-15,38,70.83,1096.7,99.6,4.24,3.48,83.1,0.793,0.438,84.1,0.387,51.55,12247.5,7.28,0.337,False,False
BGW-002,7,2020-10-16,39,69.96,1128.0,92.8,4.32,3.44,79.0,0.786,0.428,77.85,0.388,47.68,12168.5,6.96,0.363,False,False
BGW-002,7,2020-10-17,40,69.12,1159.1,100.0,4.55,3.41,73.6,0.773,0.415,85.86,0.394,52.06,12175.8,7.46,0.418,False,False
BGW-002,7,2020-10-18,41,68.31,1190.0,95.9,3.29,3.38,75.3,0.808,0.427,61.17,0.396,36.96,11984.9,5.91,0.225,False,False
BGW-002,7,2020-10-19,42,67.53,1220.7,100.0,4.04,3.35,76.8,0.781,0.407,74.75,0.405,44.48,12578.6,7.02,0.352,False,False
BGW-002,7,2020-10-20,43,66.78,1251.1,100.0,3.9,3.32,79.4,0.781,0.402,71.2,0.375,44.49,12468.6,6.59,0.34,False,False
BGW-002,7,2020-10-21,44,66.06,1281.2,98.1,4.18,3.29,73.2,0.768,0.389,72.46,0.394,43.9,12330.2,7.03,0.4,False,False
BGW-002,7,2020-10-22,45,65.36,1311.0,99.5,4.05,3.27,74.7,0.768,0.384,70.27,0.43,40.04,12263.6,6.91,0.389,False,False
BGW-002,7,2020-10-23,46,64.69,1340.4,92.8,3.5,3.24,79.6,0.782,0.386,56.96,0.442,31.8,12335.4,6.59,0.305,False,False
BGW-002,7,2020-10-24,47,64.05,1369.5,92.8,3.09,3.21,79.4,0.787,0.383,49.93,0.443,27.81,12003.6,5.83,0.266,False,False
BGW-002,7,2020-10-25,48,63.43,1398.1,94.7,3.25,3.19,70.6,0.782,0.376,52.52,0.432,29.85,12251.1,5.99,0.282,False,False
BGW-002,7,2020-10-26,49,62.84,1426.4,91.9,3.5,3.17,77.1,0.769,0.365,53.44,0.467,28.48,12241.4,6.48,0.338,False,False
BGW-002,7,2020-10-27,50,62.26,1454.2,93.1,3.0,3.14,80.4,0.777,0.365,46.29,0.471,24.5,12044.3,5.65,0.285,False,False
BGW-002,7,2020-10-28,51,61.71,1481.6,91.6,3.54,3.12,77.3,0.76,0.352,51.88,0.44,29.07,12055.2,6.31,0.364,False,False
BGW-002,7,2020-10-29,52,61.18,1508.6,93.4,2.98,3.1,72.9,0.771,0.353,44.7,0.45,24.6,12363.4,5.5,0.297,False,False
BGW-002,7,2020-10-30,53,60.67,1535.0,91.1,3.44,3.08,72.8,0.755,0.342,48.74,0.469,25.87,12273.4,6.35,0.367,False,False
BGW-002,7,2020-10-31,54,60.18,1561.0,96.8,3.73,3.06,66.8,0.742,0.333,54.54,0.477,28.51,12288.0,7.03,0.427,False,False
BGW-002,7,2020-11-01,55,59.71,1586.5,100.0,3.47,3.04,77.5,0.747,0.331,52.19,0.501,26.04,12389.8,6.36,0.391,False,False
BGW-002,7,2020-11-02,56,59.25,1611.5,88.5,3.82,3.02,75.2,0.732,0.321,49.34,0.525,23.43,11899.8,6.56,0.462,True,False
BGW-002,7,2020-11-03,57,58.81,1636.0,90.5,4.1,3.0,68.7,0.719,0.312,52.61,0.493,26.69,12161.6,7.03,0.518,True,False
BGW-002,7,2020-11-04,58,58.39,1660.0,96.8,4.29,2.98,64.0,0.709,0.305,57.53,0.542,26.36,12362.5,7.13,0.561,True,False
BGW-002,7,2020-11-05,59,57.98,1683.5,90.8,2.95,2.96,70.2,0.75,0.319,38.89,0.476,20.39,12162.1,5.94,0.337,False,False
BGW-002,7,2020-11-06,60,57.59,1706.5,91.6,2.94,2.95,69.5,0.748,0.315,38.58,0.519,18.58,12340.4,5.85,0.342,False,False
BGW-002,7,2020-11-07,61,57.22,1729.0,96.0,3.38,2.93,67.1,0.73,0.305,44.97,0.544,20.5,11985.4,6.15,0.427,False,False
BGW-002,7,2020-11-08,62,56.86,1750.9,91.3,3.05,2.91,76.4,0.738,0.305,38.61,0.564,16.84,12306.6,5.96,0.375,False,False
BGW-002,7,2020-11-09,63,56.51,1772.3,87.7,3.47,2.9,66.7,0.721,0.296,40.88,0.505,20.23,12096.6,6.27,0.457,True,False
BGW-002,7,2020-11-10,64,56.17,1793.2,92.9,2.75,2.88,72.4,0.737,0.3,34.79,0.527,16.45,12320.1,5.47,0.362,False,False
BGW-002,7,2020-11-11,65,55.85,1813.6,92.1,2.75,2.87,72.7,0.735,0.297,34.08,0.581,14.27,12083.5,5.05,0.367,False,False
BGW-002,7,2020-11-12,66,55.54,1833.5,99.7,3.5,2.86,71.0,0.711,0.285,45.12,0.578,19.06,12526.0,6.63,0.483,True,False
BGW-002,7,2020-11-13,67,55.24,1852.9,89.1,2.91,2.84,69.4,0.728,0.289,34.06,0.578,14.38,12041.7,5.68,0.386,False,False
BGW-002,7,2020-11-14,68,54.95,1871.8,88.5,3.51,2.83,71.7,0.706,0.278,39.27,0.577,16.6,12247.9,6.17,0.499,True,False
BGW-002,7,2020-11-15,69,54.68,1890.2,98.8,3.56,2.82,65.4,0.701,0.275,43.9,0.542,20.11,12545.5,6.5,0.514,True,False
BGW-002,7,2020-11-16,70,54.41,1908.1,92.3,2.69,2.81,74.3,0.724,0.281,31.72,0.601,12.64,12226.3,5.56,0.388,False,False
BGW-002,7,2020-11-17,71,54.15,1925.5,88.3,3.42,2.8,71.9,0.701,0.271,37.15,0.604,14.7,11882.3,6.35,0.501,True,False
BGW-002,7,2020-11-18,72,53.91,1942.4,92.1,2.76,2.79,72.1,0.72,0.276,31.88,0.584,13.27,12338.9,5.58,0.396,False,False
BGW-002,7,2020-11-19,73,53.67,1958.8,92.7,3.38,2.78,67.7,0.698,0.266,37.81,0.612,14.67,12165.3,6.43,0.505,True,False
BGW-002,7,2020-11-20,74,53.44,1974.8,87.8,2.79,2.77,73.1,0.716,0.271,30.12,0.637,10.95,12067.0,5.41,0.407,False,False
BGW-002,7,2020-11-21,75,53.22,1990.4,87.7,2.75,2.76,73.9,0.714,0.269,29.47,0.562,12.91,12031.4,5.63,0.407,False,False
BGW-002,7,2020-11-22,76,53.01,2005.4,92.4,2.87,2.75,71.9,0.709,0.265,31.91,0.589,13.11,12485.2,5.73,0.431,False,False
BGW-002,7,2020-11-23,77,52.81,2020.1,89.4,3.29,2.74,69.4,0.693,0.258,34.45,0.592,14.05,12025.5,6.39,0.51,True,False
BGW-002,7,2020-11-24,78,52.61,2034.3,92.0,3.5,2.73,68.5,0.684,0.253,36.98,0.595,15.0,12136.2,6.61,0.551,True,False
BGW-002,7,2020-11-25,79,52.42,2048.1,92.3,2.67,2.72,70.4,0.708,0.261,29.14,0.635,10.63,12354.1,5.6,0.42,False,False
BGW-002,7,2020-11-26,80,52.24,2061.5,90.7,2.66,2.71,72.4,0.706,0.259,28.35,0.647,10.0,12227.8,5.44,0.423,False,False
BGW-002,7,2020-11-27,81,52.07,2074.4,88.2,2.79,2.7,65.6,0.702,0.256,28.62,0.636,10.41,12020.1,5.72,0.441,False,False
BGW-002,7,2020-11-28,82,51.9,2087.0,90.5,2.63,2.7,71.3,0.703,0.255,27.64,0.665,9.25,12346.5,5.41,0.429,False,False
BGW-002,7,2020-11-29,83,51.74,2099.2,87.9,3.66,2.69,66.5,0.669,0.242,35.34,0.669,11.71,11968.9,6.28,0.602,True,False
BGW-002,7,2020-11-30,84,51.58,2111.0,88.2,2.76,2.68,70.7,0.698,0.251,27.76,0.675,9.01,12256.3,5.7,0.448,False,False
BGW-002,7,2020-12-01,85,51.43,2122.4,89.2,2.66,2.68,71.6,0.699,0.25,26.95,0.653,9.35,12025.1,5.23,0.437,False,False
BGW-002,7,2020-12-02,86,51.29,2133.5,91.1,3.74,2.67,69.4,0.662,0.236,36.51,0.659,12.43,12312.2,6.61,0.626,True,False
BGW-002,7,2020-12-03,87,51.15,2144.2,91.1,2.69,2.66,71.4,0.696,0.247,27.51,0.687,8.61,12163.1,5.41,0.447,False,False
BGW-002,7,2020-12-04,88,51.02,2154.6,91.5,2.67,2.66,68.3,0.695,0.246,27.34,0.697,8.29,12142.5,5.58,0.447,False,False
BGW-002,7,2020-12-05,89,50.89,2164.6,89.5,2.57,2.65,65.6,0.694,0.245,25.54,0.692,7.87,12100.1,5.34,0.446,False,False
BGW-003,1,2019-05-10,1,136.48,283.6,100.0,6.28,4.69,86.1,0.847,0.699,199.45,0.156,168.32,12184.5,9.26,0.296,False,False
BGW-003,1,2019-05-11,2,132.83,308.3,100.0,5.35,4.64,83.6,0.876,0.715,173.77,0.148,148.04,12274.2,8.42,0.149,False,False
BGW-003,1,2019-05-12,3,129.32,334.4,100.0,4.86,4.58,90.5,0.891,0.717,158.58,0.159,133.36,12536.2,7.71,0.08,False,False
BGW-003,1,2019-05-13,4,125.96,362.1,98.6,4.44,4.53,90.2,0.9,0.715,142.39,0.183,116.3,12199.9,7.54,0.037,False,False
BGW-003,1,2019-05-14,5,122.74,391.3,100.0,4.66,4.47,82.9,0.894,0.7,148.35,0.159,124.81,12001.9,7.23,0.077,False,False
BGW-003,1,2019-05-15,6,119.66,421.9,99.6,4.3,4.41,91.5,0.897,0.693,134.81,0.208,106.74,12285.2,7.1,0.05,False,False
BGW-003,1,2019-05-16,7,116.69,454.1,100.0,4.83,4.35,90.7,0.878,0.667,146.36,0.167,121.85,12423.8,7.84,0.141,False,False
BGW-003,1,2019-05-17,8,113.86,487.8,98.7,4.95,4.29,91.0,0.868,0.648,144.06,0.222,112.03,12081.4,7.86,0.181,False,False
BGW-003,1,2019-05-18,9,111.13,522.9,100.0,4.42,4.23,86.1,0.879,0.645,129.59,0.21,102.33,12242.1,7.22,0.106,False,False
BGW-003,1,2019-05-19,10,108.52,559.5,100.0,4.36,4.17,80.1,0.875,0.63,124.84,0.217,97.73,12325.2,7.45,0.114,False,False
BGW-003,1,2019-05-20,11,106.02,597.5,100.0,4.0,4.11,84.0,0.877,0.62,112.69,0.182,92.24,12207.8,7.05,0.09,False,False
BGW-003,1,2019-05-21,12,103.62,636.8,100.0,4.15,4.05,81.7,0.869,0.602,113.58,0.254,84.78,12127.5,7.13,0.117,False,False
BGW-003,1,2019-05-22,13,101.32,677.5,99.7,3.91,3.99,87.1,0.868,0.589,104.19,0.216,81.69,12491.8,6.97,0.109,False,False
BGW-003,1,2019-05-23,14,99.12,719.5,99.6,3.86,3.93,81.9,0.863,0.573,100.15,0.262,73.92,12504.4,6.94,0.118,False,False
BGW-003,1,2019-05-24,15,97.0,762.7,100.0,5.27,3.87,76.0,0.811,0.527,126.27,0.247,95.03,12524.5,8.53,0.372,False,False
BGW-003,1,2019-05-25,16,94.97,807.1,98.0,3.93,3.81,82.1,0.849,0.54,94.42,0.256,70.27,12424.3,6.72,0.158,False,False
BGW-003,1,2019-05-26,17,93.03,852.5,98.7,3.81,3.76,84.7,0.846,0.526,89.78,0.278,64.82,12363.9,6.72,0.157,False,False
BGW-003,1,2019-05-27,18,91.17,899.0,96.0,3.72,3.7,76.1,0.841,0.511,82.85,0.27,60.5,12012.3,6.38,0.162,False,False
BGW-003,1,2019-05-28,19,89.38,946.5,95.6,3.76,3.64,87.3,0.832,0.494,80.73,0.281,58.03,11974.7,6.8,0.19,False,False
BGW-003,1,2019-05-29,20,87.67,994.8,100.0,3.92,3.59,83.2,0.82,0.475,84.64,0.29,60.11,12449.9,6.67,0.239,False,False
BGW-003,1,2019-05-30,21,86.02,1043.9,92.4,4.24,3.53,75.6,0.801,0.454,80.88,0.31,55.77,12212.0,7.37,0.316,False,False
BGW-003,1,2019-05-31,22,84.45,1093.7,100.0,4.07,3.48,72.2,0.799,0.442,81.78,0.309,56.52,12444.7,6.96,0.306,False,False
BGW-003,1,2019-06-01,23,82.94,1144.1,93.2,3.34,3.43,81.5,0.813,0.439,62.15,0.282,44.61,12259.1,6.39,0.215,False,False
BGW-003,1,2019-06-02,24,81.49,1195.0,99.9,4.43,3.38,80.3,0.772,0.407,81.97,0.268,60.0,12555.4,7.14,0.411,False,False
BGW-003,1,2019-06-03,25,80.1,1246.4,95.9,3.34,3.33,80.7,0.801,0.413,59.98,0.322,40.66,12156.6,6.08,0.239,False,False
BGW-003,1,2019-06-04,26,78.77,1298.2,95.1,4.62,3.28,70.5,0.751,0.378,75.32,0.315,51.59,12379.1,7.63,0.484,True,False
BGW-003,1,2019-06-05,27,77.49,1350.2,95.0,3.32,3.23,75.2,0.786,0.386,55.42,0.327,37.31,12159.9,6.24,0.278,False,False
BGW-003,1,2019-06-06,28,76.27,1402.4,96.6,3.32,3.19,81.3,0.778,0.374,54.54,0.307,37.82,12420.2,6.44,0.298,False,False
BGW-003,1,2019-06-07,29,75.1,1454.8,99.6,3.76,3.14,78.6,0.756,0.355,60.31,0.362,38.49,12345.4,6.53,0.393,False,False
BGW-003,1,2019-06-08,30,73.97,1507.1,91.2,3.52,3.1,79.0,0.757,0.347,50.7,0.318,34.59,12197.9,6.36,0.372,False,False
BGW-003,1,2019-06-09,31,72.89,1559.4,93.9,3.95,3.06,72.2,0.735,0.33,55.53,0.341,36.61,12309.8,6.94,0.465,True,False
BGW-003,1,2019-06-10,32,71.86,1611.6,91.0,3.0,3.02,74.3,0.759,0.333,41.32,0.324,27.91,12001.4,5.68,0.321,False,False
BGW-003,1,2019-06-11,33,70.87,1663.6,90.7,3.04,2.98,68.9,0.75,0.322,40.36,0.288,28.75,12097.8,6.16,0.344,False,False
BGW-003,1,2019-06-12,34,69.92,1715.3,99.0,3.3,2.94,75.2,0.735,0.309,45.79,0.332,30.57,12422.3,6.16,0.407,False,False
BGW-003,1,2019-06-13,35,69.01,1766.7,99.1,3.1,2.9,76.7,0.734,0.302,42.08,0.336,27.96,12241.7,6.01,0.39,False,False
BGW-003,1,2019-06-14,36,68.13,1817.6,91.6,2.98,2.87,75.1,0.731,0.294,36.5,0.357,23.46,12276.8,5.95,0.387,False,False
BGW-003,1,2019-06-15,37,67.29,1868.1,88.9,2.81,2.83,73.1,0.729,0.288,32.63,0.348,21.26,12157.6,5.5,0.379,False,False
BGW-003,1,2019-06-16,38,66.49,1918.1,87.9,2.86,2.8,73.8,0.721,0.279,31.92,0.395,19.31,12267.5,5.66,0.401,False,False
BGW-003,1,2019-06-17,39,65.72,1967.5,97.4,3.5,2.77,71.8,0.693,0.263,40.72,0.383,25.11,12246.6,6.43,0.529,True,False
BGW-003,1,2019-06-18,40,64.98,2016.3,95.4,3.24,2.74,65.5,0.695,0.259,36.32,0.431,20.68,12303.8,6.1,0.5,True,False
BGW-003,1,2019-06-19,41,64.27,2064.4,87.6,2.64,2.71,67.4,0.706,0.258,27.18,0.375,16.98,11992.0,5.21,0.424,False,False
BGW-003,1,2019-06-20,42,63.6,2111.8,91.6,2.62,2.68,63.9,0.7,0.252,27.42,0.395,16.59,12143.9,5.17,0.435,False,False
BGW-003,1,2019-06-21,43,62.94,2158.5,91.1,2.61,2.66,67.0,0.695,0.245,26.56,0.401,15.9,12178.7,5.69,0.445,False,False
BGW-003,1,2019-06-22,44,62.32,2204.3,96.9,3.11,2.63,63.8,0.674,0.234,32.0,0.411,18.85,12476.3,6.29,0.539,True,False
BGW-003,1,2019-06-23,45,61.72,2249.4,86.5,3.45,2.6,66.0,0.656,0.224,30.39,0.408,17.99,12229.5,6.21,0.614,True,False
BGW-003,1,2019-06-24,46,61.15,2293.7,90.9,3.32,2.58,61.2,0.654,0.22,30.17,0.427,17.3,12136.1,6.24,0.605,True,False
BGW-003,1,2019-06-25,47,60.6,2337.0,89.1,2.85,2.56,68.4,0.664,0.22,25.33,0.421,14.66,12034.5,5.41,0.536,True,False
BGW-003,1,2019-06-26,48,60.07,2379.5,87.2,2.61,2.54,64.3,0.667,0.217,22.49,0.492,11.43,12062.6,5.3,0.509,True,False
BGW-003,1,2019-06-27,49,59.57,2421.1,87.2,2.55,2.51,61.3,0.663,0.213,21.54,0.427,12.34,12130.5,5.32,0.507,True,False
BGW-003,1,2019-06-28,50,59.08,2461.8,83.6,3.29,2.49,66.0,0.633,0.2,25.08,0.471,13.27,11507.0,6.01,0.64,True,False
BGW-003,1,2019-06-29,51,58.62,2501.6,86.0,2.84,2.47,59.6,0.643,0.201,22.26,0.425,12.79,11986.2,5.48,0.563,True,False
BGW-003,1,2019-06-30,52,58.17,2540.4,84.3,3.05,2.46,59.8,0.631,0.194,22.7,0.483,11.74,11838.6,5.71,0.604,True,False
BGW-003,1,2019-07-01,53,57.74,2578.3,82.5,2.68,2.44,58.4,0.638,0.194,19.49,0.467,10.38,11892.3,5.39,0.542,True,False
BGW-003,1,2019-07-02,54,57.33,2615.3,82.1,2.73,2.42,65.4,0.631,0.19,19.35,0.482,10.03,11779.9,5.37,0.555,True,False
BGW-003,1,2019-07-03,55,56.94,2651.3,93.3,2.76,2.4,64.0,0.625,0.186,21.78,0.509,10.68,12362.5,5.55,0.563,True,False
BGW-003,1,2019-07-04,56,56.56,2686.4,90.2,2.57,2.39,64.0,0.627,0.184,19.44,0.516,9.4,12049.9,5.27,0.533,True,False
BGW-003,1,2019-07-05,57,56.2,2720.6,88.6,3.36,2.37,55.7,0.596,0.173,23.45,0.493,11.88,12022.0,6.41,0.674,True,False
BGW-003,1,2019-07-06,58,55.86,2753.8,85.0,2.46,2.36,58.0,0.622,0.179,16.98,0.534,7.91,12089.0,5.29,0.518,True,False
BGW-003,1,2019-07-07,59,55.52,2786.2,88.3,3.07,2.34,53.9,0.597,0.17,20.9,0.502,10.4,12238.6,6.18,0.627,True,False
BGW-003,1,2019-07-08,60,55.21,2817.6,82.9,2.37,2.33,56.6,0.617,0.174,15.49,0.539,7.14,11959.9,5.04,0.507,True,False
BGW-003,1,2019-07-09,61,54.9,2848.1,85.7,2.34,2.32,58.1,0.613,0.171,15.61,0.548,7.06,11973.5,5.26,0.505,True,False
BGW-003,1,2019-07-10,62,54.61,2877.7,85.5,2.31,2.3,58.4,0.611,0.169,15.13,0.528,7.15,11859.4,5.21,0.501,True,False
BGW-003,1,2019-07-11,63,54.33,2906.4,85.1,2.24,2.29,60.8,0.608,0.166,14.42,0.576,6.11,11945.2,4.56,0.5,True,False
BGW-003,1,2019-07-12,64,54.06,2934.2,87.0,3.07,2.28,55.8,0.578,0.157,19.03,0.545,8.66,11819.3,5.77,0.638,True,False
BGW-003,1,2019-07-13,65,53.8,2961.2,84.3,2.27,2.27,61.5,0.601,0.162,14.06,0.53,6.61,12301.5,5.29,0.5,True,False
BGW-003,1,2019-07-14,66,53.55,2987.4,84.8,2.25,2.26,56.0,0.598,0.16,13.84,0.526,6.57,12118.3,5.04,0.5,True,False
BGW-003,1,2019-07-15,67,53.32,3012.8,82.1,2.25,2.25,58.6,0.595,0.158,13.2,0.564,5.75,11847.7,4.94,0.5,True,False
BGW-003,1,2019-07-16,68,53.09,3037.3,84.0,2.25,2.24,53.7,0.592,0.155,13.37,0.552,5.99,12068.4,5.01,0.502,True,False
BGW-003,1,2019-07-17,69,52.87,3061.0,82.2,2.13,2.23,54.2,0.59,0.154,12.25,0.576,5.2,11925.5,4.96,0.5,True,False
BGW-003,1,2019-07-18,70,52.66,3084.0,79.6,2.78,2.22,58.5,0.568,0.15,15.07,0.598,6.05,11781.6,5.66,0.597,True,False
BGW-003,1,2019-07-19,71,52.46,3106.2,81.9,2.29,2.21,53.8,0.582,0.15,12.77,0.603,5.07,12338.5,4.93,0.513,True,False
BGW-003,1,2019-07-20,72,52.27,3127.7,86.3,2.96,2.2,54.3,0.557,0.15,17.43,0.573,7.45,12170.1,5.89,0.633,True,False
BGW-003,1,2019-07-21,73,52.09,3148.4,89.0,2.53,2.2,51.2,0.568,0.15,15.38,0.622,5.81,12275.7,5.09,0.559,True,False
BGW-003,1,2019-07-22,74,51.91,3168.5,80.8,2.1,2.19,54.9,0.577,0.15,11.58,0.609,4.53,12023.6,4.56,0.5,True,False
BGW-003,1,2019-07-23,75,51.74,3187.8,83.9,2.18,2.18,53.0,0.575,0.15,12.48,0.595,5.05,12092.8,4.8,0.5,True,False
BGW-003,1,2019-07-24,76,51.58,3206.5,89.6,2.81,2.17,53.0,0.551,0.15,17.18,0.613,6.66,12495.6,5.71,0.612,True,False
BGW-003,1,2019-07-25,77,51.42,3224.6,80.4,2.17,2.17,56.6,0.57,0.15,11.9,0.634,4.35,12011.4,4.78,0.5,True,False
BGW-003,1,2019-07-26,78,51.27,3242.0,79.5,2.21,2.16,54.6,0.567,0.15,12.0,0.656,4.13,11796.6,4.79,0.509,True,False
BGW-003,1,2019-07-27,79,51.13,3258.8,79.9,2.15,2.16,55.4,0.566,0.15,11.7,0.642,4.19,12056.0,5.11,0.5,True,False
BGW-003,1,2019-07-28,80,50.99,3275.0,80.6,2.23,2.15,55.9,0.562,0.15,12.26,0.655,4.22,12032.1,5.01,0.514,True,False
BGW-003,1,2019-07-29,81,50.86,3290.6,82.6,2.4,2.14,51.0,0.554,0.15,13.5,0.633,4.95,11864.8,4.96,0.544,True,False
BGW-003,1,2019-07-30,82,50.73,3305.7,80.3,2.16,2.14,55.9,0.56,0.15,11.81,0.638,4.27,11965.4,4.78,0.504,True,False
BGW-003,1,2019-07-31,83,50.61,3320.2,82.2,2.06,2.13,51.7,0.559,0.15,11.53,0.672,3.78,11865.3,4.45,0.5,True,False
BGW-003,1,2019-08-01,84,50.5,3334.2,82.0,2.21,2.13,56.9,0.555,0.15,12.34,0.641,4.43,11929.7,5.19,0.514,True,False
BGW-003,1,2019-08-02,85,50.39,3347.7,79.1,2.37,2.12,54.4,0.548,0.15,12.78,0.664,4.29,11743.2,4.8,0.543,True,False
BGW-003,1,2019-08-03,86,50.28,3360.7,78.9,2.05,2.12,56.7,0.555,0.15,11.0,0.671,3.62,11909.9,4.45,0.5,True,False
BGW-003,1,2019-08-04,87,50.18,3373.2,85.6,3.02,2.11,47.9,0.523,0.15,17.6,0.685,5.54,12599.0,5.78,0.658,True,False
BGW-003,1,2019-08-05,88,50.08,3385.2,77.6,2.35,2.11,56.2,0.544,0.15,12.44,0.695,3.8,11757.1,5.15,0.542,True,False
BGW-003,2,2019-08-21,1,165.87,152.4,100.0,5.13,5.01,84.9,0.896,0.784,182.93,0.146,156.28,12100.7,7.96,0.022,False,False
BGW-003,2,2019-08-22,2,162.48,163.0,98.5,5.12,4.98,89.8,0.895,0.78,178.93,0.146,152.83,11978.8,8.09,0.025,False,False
BGW-003,2,2019-08-23,3,159.19,174.2,97.1,5.07,4.95,83.6,0.896,0.777,173.98,0.155,146.94,11959.4,7.95,0.022,False,False
BGW-003,2,2019-08-24,4,155.99,186.0,98.7,4.99,4.92,92.5,0.897,0.774,173.57,0.193,139.99,12048.8,7.76,0.013,False,False
BGW-003,2,2019-08-25,5,152.88,198.4,100.0,5.91,4.89,78.4,0.866,0.743,199.69,0.194,160.98,12315.2,9.1,0.179,False,False
BGW-003,2,2019-08-26,6,149.86,211.5,100.0,6.5,4.86,84.0,0.845,0.721,213.03,0.221,165.99,12439.8,9.64,0.29,False,False
BGW-003,2,2019-08-27,7,146.93,225.1,100.0,5.04,4.82,83.5,0.893,0.757,173.51,0.236,132.53,12226.9,8.12,0.044,False,False
BGW-003,2,2019-08-28,8,144.08,239.5,99.2,4.88,4.79,80.9,0.897,0.756,166.34,0.155,140.63,12107.5,7.77,0.025,False,False
BGW-003,2,2019-08-29,9,141.32,254.5,100.0,4.74,4.76,93.0,0.9,0.753,162.28,0.201,129.64,11985.1,7.62,0.012,False,False
BGW-003,2,2019-08-30,10,138.63,270.2,100.0,4.61,4.72,88.9,0.9,0.748,156.71,0.19,127.0,12206.7,7.45,0.016,False,False
BGW-003,2,2019-08-31,11,136.02,286.5,100.0,4.56,4.68,86.5,0.9,0.742,153.67,0.229,118.43,11936.0,7.35,0.02,False,False
BGW-003,2,2019-09-01,12,133.49,303.6,100.0,5.02,4.65,90.1,0.888,0.726,165.59,0.252,123.91,12189.0,8.13,0.089,False,False
BGW-003,2,2019-09-02,13,131.03,321.4,100.0,4.49,4.61,83.2,0.9,0.73,148.91,0.249,111.8,12349.4,7.39,0.028,False,False
BGW-003,2,2019-09-03,14,128.64,339.8,99.2,4.73,4.57,89.9,0.895,0.719,153.29,0.249,115.04,12388.7,7.74,0.06,False,False
BGW-003,2,2019-09-04,15,126.32,359.1,100.0,4.7,4.53,82.0,0.895,0.712,151.99,0.271,110.87,12308.9,7.92,0.065,False,False
BGW-003,2,2019-09-05,16,124.06,379.0,100.0,5.79,4.49,84.1,0.857,0.675,177.59,0.283,127.28,12267.4,8.85,0.267,False,False
BGW-003,2,2019-09-06,17,121.87,399.6,99.7,4.56,4.45,88.7,0.897,0.699,144.41,0.272,105.1,11829.7,7.17,0.064,False,False
BGW-003,2,2019-09-07,18,119.75,421.0,100.0,4.75,4.41,82.7,0.886,0.684,147.84,0.281,106.37,12321.4,7.68,0.11,False,False
BGW-003,2,2019-09-08,19,117.68,443.1,100.0,4.32,4.37,93.6,0.895,0.683,134.24,0.272,97.71,12608.9,7.13,0.055,False,False
BGW-003,2,2019-09-09,20,115.67,465.9,100.0,4.22,4.33,89.3,0.892,0.674,129.14,0.279,93.12,12182.4,7.14,0.06,False,False
BGW-003,2,2019-09-10,21,113.72,489.4,100.0,4.66,4.29,80.6,0.877,0.655,138.59,0.289,98.6,12019.0,7.39,0.13,False,False
BGW-003,2,2019-09-11,22,111.83,513.6,96.3,5.13,4.25,77.2,0.857,0.632,141.88,0.273,103.21,12138.5,8.16,0.225,False,False
BGW-003,2,2019-09-12,23,109.99,538.5,99.8,4.66,4.21,80.1,0.869,0.632,133.7,0.301,93.4,12555.9,7.63,0.156,False,False
BGW-003,2,2019-09-13,24,108.21,564.1,100.0,4.24,4.17,83.0,0.878,0.631,121.58,0.29,86.33,11989.5,6.98,0.095,False,False
BGW-003,2,2019-09-14,25,106.47,590.4,97.8,5.18,4.12,77.6,0.843,0.597,137.57,0.298,96.51,12193.2,8.11,0.273,False,False
BGW-003,2,2019-09-15,26,104.79,617.4,100.0,5.87,4.08,74.3,0.815,0.57,152.13,0.321,103.24,11967.8,8.73,0.408,False,False
BGW-003,2,2019-09-16,27,103.15,644.9,99.1,4.81,4.04,86.7,0.846,0.583,126.36,0.356,81.32,12336.9,7.63,0.235,False,False
BGW-003,2,2019-09-17,28,101.56,673.2,97.9,4.04,4.0,86.5,0.867,0.589,105.89,0.346,69.28,12018.0,6.78,0.114,False,False
BGW-003,2,2019-09-18,29,100.02,702.0,100.0,3.91,3.96,86.3,0.865,0.58,103.04,0.331,68.89,12343.9,6.69,0.114,False,False
BGW-003,2,2019-09-19,30,98.52,731.5,98.3,3.97,3.92,87.4,0.86,0.568,100.69,0.356,64.88,12008.2,6.63,0.13,False,False
BGW-003,2,2019-09-20,31,97.06,761.5,97.7,3.82,3.88,83.0,0.858,0.558,94.71,0.347,61.86,12067.1,6.8,0.128,False,False
BGW-003,2,2019-09-21,32,95.65,792.1,98.6,3.75,3.83,85.3,0.854,0.547,91.88,0.355,59.31,12511.8,6.51,0.135,False,False
BGW-003,2,2019-09-22,33,94.27,823.2,99.2,3.92,3.79,82.9,0.846,0.534,94.47,0.392,57.39,12036.7,6.8,0.165,False,False
BGW-003,2,2019-09-23,34,92.94,854.8,95.4,3.75,3.75,81.6,0.847,0.526,85.62,0.383,52.81,12284.9,6.77,0.149,False,False
BGW-003,2,2019-09-24,35,91.64,886.9,93.9,3.98,3.71,79.5,0.834,0.51,86.66,0.411,51.09,12221.1,6.77,0.203,False,False
BGW-003,2,2019-09-25,36,90.38,919.5,93.7,5.3,3.67,77.1,0.785,0.472,106.69,0.38,66.14,12295.0,8.33,0.449,False,False
BGW-003,2,2019-09-26,37,89.16,952.5,98.1,3.71,3.64,77.3,0.833,0.493,81.52,0.43,46.44,12298.8,6.37,0.183,False,False
BGW-003,2,2019-09-27,38,87.97,986.0,100.0,5.08,3.6,79.9,0.782,0.456,105.24,0.373,65.95,12211.9,7.95,0.439,False,False
BGW-003,2,2019-09-28,39,86.82,1019.8,97.7,4.15,3.56,83.7,0.808,0.463,85.31,0.417,49.76,12350.8,7.16,0.29,False,False
BGW-003,2,2019-09-29,40,85.7,1054.0,100.0,3.86,3.52,80.0,0.812,0.458,80.32,0.413,47.17,12456.5,6.62,0.253,False,False
BGW-003,2,2019-09-30,41,84.61,1088.5,95.7,3.51,3.48,79.5,0.819,0.454,69.35,0.443,38.61,12248.6,6.3,0.207,False,False
BGW-003,2,2019-10-01,42,83.55,1123.3,91.2,4.66,3.45,72.4,0.775,0.423,81.72,0.442,45.56,12062.5,7.63,0.422,False,False
BGW-003,2,2019-10-02,43,82.52,1158.3,92.8,3.25,3.41,77.2,0.812,0.435,59.67,0.466,31.88,12029.2,6.13,0.218,False,False
BGW-003,2,2019-10-03,44,81.53,1193.7,99.7,4.49,3.38,69.4,0.77,0.407,82.77,0.458,44.84,12271.6,7.55,0.421,False,False
BGW-003,2,2019-10-04,45,80.56,1229.2,99.7,4.35,3.34,71.3,0.77,0.4,78.71,0.448,43.41,12571.1,7.58,0.41,False,False
BGW-003,2,2019-10-05,46,79.62,1264.9,96.4,3.24,3.31,76.8,0.799,0.408,57.93,0.46,31.27,12482.9,6.23,0.242,False,False
BGW-003,2,2019-10-06,47,78.7,1300.8,92.7,4.12,3.28,78.7,0.767,0.385,66.89,0.508,32.89,12416.0,7.25,0.398,False,False
BGW-003,2,2019-10-07,48,77.82,1336.8,95.2,3.32,3.24,73.8,0.788,0.39,55.93,0.5,27.94,12136.9,6.23,0.271,False,False
BGW-003,2,2019-10-08,49,76.95,1373.0,99.3,4.21,3.21,71.0,0.753,0.366,69.64,0.467,37.15,12588.7,7.21,0.442,False,False
BGW-003,2,2019-10-09,50,76.12,1409.1,93.6,3.21,3.18,73.5,0.781,0.374,51.0,0.476,26.71,12142.7,6.09,0.279,False,False
BGW-003,2,2019-10-10,51,75.3,1445.4,95.7,3.28,3.15,77.0,0.774,0.364,51.99,0.516,25.15,12136.5,6.46,0.306,False,False
BGW-003,2,2019-10-11,52,74.51,1481.6,91.0,3.02,3.12,71.1,0.774,0.359,44.77,0.514,21.75,11963.9,5.82,0.291,False,False
BGW-003,2,2019-10-12,53,73.75,1517.9,93.5,3.0,3.09,76.4,0.77,0.351,44.83,0.506,22.16,12414.7,6.48,0.3,False,False
BGW-003,2,2019-10-13,54,73.0,1554.1,99.3,3.64,3.06,69.1,0.746,0.335,55.11,0.507,27.19,12262.0,6.33,0.41,False,False
BGW-003,2,2019-10-14,55,72.28,1590.3,92.0,3.04,3.03,77.5,0.761,0.337,42.77,0.522,20.43,12067.3,5.59,0.317,False,False
BGW-003,2,2019-10-15,56,71.58,1626.4,100.0,3.87,3.01,69.0,0.728,0.317,55.78,0.537,25.83,12762.3,6.8,0.475,True,False
BGW-003,2,2019-10-16,57,70.89,1662.3,90.3,2.97,2.98,74.5,0.753,0.323,39.46,0.558,17.44,12037.9,5.73,0.332,False,False
BGW-003,2,2019-10-17,58,70.23,1698.2,89.8,3.09,2.95,71.7,0.744,0.315,39.64,0.536,18.38,12041.8,5.81,0.364,False,False
BGW-003,2,2019-10-18,59,69.58,1733.9,92.8,4.02,2.93,70.1,0.708,0.295,50.05,0.568,21.63,12384.6,7.11,0.541,True,False
BGW-003,2,2019-10-19,60,68.96,1769.4,97.9,3.99,2.9,70.4,0.704,0.289,51.37,0.61,20.03,12296.0,6.49,0.548,True,False
BGW-003,2,2019-10-20,61,68.35,1804.7,89.3,3.89,2.88,66.9,0.702,0.284,44.89,0.571,19.24,11896.8,6.74,0.541,True,False
BGW-003,2,2019-10-21,62,67.76,1839.8,88.4,3.68,2.85,70.1,0.705,0.281,41.57,0.59,17.05,12078.8,6.49,0.517,True,False
BGW-003,2,2019-10-22,63,67.19,1874.7,91.1,2.89,2.83,70.3,0.726,0.286,34.22,0.634,12.52,11959.4,5.55,0.392,False,False
BGW-003,2,2019-10-23,64,66.63,1909.3,90.7,2.79,2.81,69.9,0.724,0.281,32.33,0.616,12.41,12425.2,5.83,0.388,False,False
BGW-003,2,2019-10-24,65,66.09,1943.6,96.1,3.66,2.79,63.5,0.691,0.265,42.32,0.61,16.5,12246.3,6.67,0.549,True,False
BGW-003,2,2019-10-25,66,65.57,1977.7,89.1,3.17,2.76,64.4,0.702,0.266,34.12,0.603,13.56,12011.8,5.97,0.476,True,False
BGW-003,2,2019-10-26,67,65.06,2011.4,98.1,3.13,2.74,66.3,0.699,0.261,36.41,0.659,12.43,12353.1,5.86,0.479,True,False
BGW-003,2,2019-10-27,68,64.56,2044.9,89.8,2.83,2.72,65.9,0.705,0.26,29.97,0.661,10.16,11969.4,5.65,0.438,False,False
BGW-003,2,2019-10-28,69,64.08,2078.0,91.8,2.62,2.7,70.4,0.704,0.256,28.01,0.628,10.41,12207.5,5.16,0.427,False,False
BGW-003,2,2019-10-29,70,63.61,2110.7,86.9,2.77,2.68,67.0,0.698,0.251,27.39,0.681,8.74,11739.9,5.46,0.449,False,False
BGW-003,2,2019-10-30,71,63.16,2143.1,87.3,2.8,2.66,65.0,0.692,0.246,27.27,0.599,10.95,12000.5,5.51,0.465,True,False
BGW-003,2,2019-10-31,72,62.72,2175.2,96.3,2.83,2.65,62.4,0.687,0.241,29.89,0.656,10.3,12607.8,6.09,0.482,True,False
BGW-003,2,2019-11-01,73,62.29,2206.8,87.9,2.99,2.63,65.5,0.677,0.235,28.04,0.68,8.97,12100.1,5.81,0.519,True,False
BGW-003,2,2019-11-02,74,61.87,2238.1,88.6,3.24,2.61,64.9,0.665,0.228,29.72,0.649,10.43,12109.2,6.05,0.573,True,False
BGW-003,2,2019-11-03,75,61.47,2269.0,88.2,2.69,2.59,66.5,0.679,0.23,24.83,0.655,8.57,12074.3,5.59,0.487,True,False
BGW-003,2,2019-11-04,76,61.07,2299.4,85.2,2.76,2.58,67.6,0.672,0.226,24.11,0.658,8.25,11962.9,5.57,0.509,True,False
BGW-003,2,2019-11-05,77,60.69,2329.5,85.6,2.47,2.56,65.2,0.675,0.224,21.53,0.681,6.86,11877.9,4.97,0.484,True,False
BGW-003,3,2019-11-20,1,162.15,164.1,99.9,6.5,4.98,82.0,0.849,0.74,218.22,0.157,184.05,11889.9,9.67,0.267,False,False
BGW-003,3,2019-11-21,2,158.85,175.4,100.0,5.51,4.95,79.9,0.881,0.764,191.16,0.153,161.94,11960.2,8.54,0.098,False,False
BGW-003,3,2019-11-22,3,155.65,187.3,100.0,4.86,4.92,92.8,0.9,0.776,171.55,0.153,145.24,12066.3,7.74,0.0,False,False
BGW-003,3,2019-11-23,4,152.54,199.8,96.1,5.43,4.89,87.5,0.882,0.756,179.29,0.188,145.66,12396.3,8.5,0.095,False,False
BGW-003,3,2019-11-24,5,149.53,213.0,99.3,4.8,4.85,82.6,0.9,0.767,166.27,0.231,127.93,11974.2,7.74,0.003,False,False
BGW-003,3,2019-11-25,6,146.59,226.8,100.0,4.87,4.82,89.5,0.898,0.761,168.45,0.188,136.74,12368.6,7.84,0.015,False,False
BGW-003,3,2019-11-26,7,143.75,241.2,100.0,4.75,4.79,83.3,0.9,0.758,163.64,0.223,127.15,12137.0,7.68,0.009,False,False
BGW-003,3,2019-11-27,8,140.98,256.4,99.3,4.68,4.75,90.7,0.9,0.752,158.88,0.253,118.61,12327.2,7.57,0.013,False,False
BGW-003,3,2019-11-28,9,138.3,272.2,97.5,4.79,4.72,92.5,0.897,0.745,158.17,0.255,117.77,11987.3,7.85,0.03,False,False
BGW-003,3,2019-11-29,10,135.69,288.7,100.0,5.89,4.68,87.1,0.86,0.708,189.4,0.282,135.94,12221.5,8.99,0.231,False,False
BGW-003,3,2019-11-30,11,133.16,305.9,100.0,5.16,4.64,80.2,0.883,0.721,168.98,0.287,120.46,12179.6,8.31,0.114,False,False
BGW-003,3,2019-12-01,12,130.7,323.9,100.0,4.79,4.61,87.5,0.894,0.724,157.5,0.32,107.03,12518.6,8.03,0.06,False,False
BGW-003,3,2019-12-02,13,128.31,342.5,97.1,4.79,4.57,88.8,0.893,0.716,151.35,0.296,106.54,11861.2,7.78,0.071,False,False
BGW-003,3,2019-12-03,14,125.99,361.9,98.7,4.75,4.53,88.5,0.893,0.709,151.15,0.314,103.69,12490.5,7.79,0.076,False,False
BGW-003,3,2019-12-04,15,123.74,382.0,100.0,5.31,4.49,90.2,0.873,0.687,165.74,0.315,113.54,12245.0,8.52,0.185,False,False
BGW-003,3,2019-12-05,16,121.55,402.8,100.0,5.79,4.45,81.9,0.855,0.666,175.34,0.336,116.5,12327.0,8.88,0.282,False,False
BGW-003,3,2019-12-06,17,119.42,424.3,96.3,4.87,4.41,84.4,0.882,0.68,144.79,0.309,100.1,12046.4,7.82,0.132,False,False
BGW-003,3,2019-12-07,18,117.36,446.6,100.0,4.48,4.37,90.2,0.891,0.679,138.24,0.364,87.97,12118.6,7.43,0.076,False,False
BGW-003,3,2019-12-08,19,115.35,469.6,99.0,4.25,4.33,82.3,0.892,0.672,128.53,0.369,81.05,12156.3,7.01,0.061,False,False
BGW-003,3,2019-12-09,20,113.41,493.3,99.6,4.1,4.28,84.6,0.889,0.662,122.84,0.352,79.54,12179.9,7.13,0.067,False,False
BGW-003,3,2019-12-10,21,111.52,517.7,95.9,5.68,4.24,78.2,0.838,0.617,152.64,0.398,91.88,12117.8,8.69,0.324,False,False
BGW-003,3,2019-12-11,22,109.68,542.9,97.8,4.38,4.2,79.9,0.877,0.637,123.98,0.423,71.52,12251.8,7.3,0.109,False,False
BGW-003,3,2019-12-12,23,107.9,568.7,100.0,5.64,4.16,77.6,0.831,0.596,152.69,0.428,87.32,12196.7,8.48,0.343,False,False
BGW-003,3,2019-12-13,24,106.17,595.2,99.5,4.2,4.12,84.2,0.875,0.619,117.48,0.45,64.59,12277.1,7.16,0.104,False,False
BGW-003,3,2019-12-14,25,104.48,622.3,100.0,4.24,4.08,78.2,0.869,0.606,116.77,0.434,66.13,12277.7,7.3,0.125,False,False
BGW-003,3,2019-12-15,26,102.85,650.1,100.0,3.91,4.03,79.7,0.871,0.599,106.54,0.465,57.05,12246.0,6.77,0.102,False,False
BGW-003,3,2019-12-16,27,101.27,678.6,98.0,4.47,3.99,78.4,0.851,0.577,115.01,0.452,62.97,12350.8,7.41,0.193,False,False
BGW-003,3,2019-12-17,28,99.72,707.6,95.9,4.01,3.95,89.9,0.862,0.576,100.73,0.46,54.44,12108.6,6.88,0.126,False,False
BGW-003,3,2019-12-18,29,98.23,737.3,100.0,4.01,3.91,81.5,0.857,0.564,102.96,0.519,49.49,12231.1,7.09,0.141,False,False
BGW-003,3,2019-12-19,30,96.78,767.5,100.0,5.24,3.87,73.5,0.811,0.526,125.36,0.49,63.96,12313.6,8.36,0.37,False,False
BGW-003,3,2019-12-20,31,95.36,798.3,100.0,4.7,3.83,78.8,0.824,0.526,112.54,0.54,51.79,12499.1,7.86,0.29,False,False
BGW-003,3,2019-12-21,32,93.99,829.6,95.7,4.73,3.79,79.6,0.818,0.515,105.83,0.527,50.06,12307.8,7.85,0.308,False,False
BGW-003,3,2019-12-22,33,92.66,861.5,97.4,3.88,3.75,81.0,0.842,0.521,89.44,0.575,38.02,11942.1,6.71,0.174,False,False
BGW-003,3,2019-12-23,34,91.37,893.8,95.8,4.1,3.71,81.6,0.829,0.505,90.22,0.561,39.57,12162.7,7.07,0.227,False,False
BGW-003,3,2019-12-24,35,90.11,926.6,94.8,3.66,3.67,82.0,0.839,0.503,79.3,0.627,29.56,12403.5,6.14,0.165,False,False
BGW-003,3,2019-12-25,36,88.89,959.8,94.3,4.42,3.63,74.6,0.808,0.477,90.27,0.599,36.24,11971.9,7.44,0.311,False,False
BGW-003,3,2019-12-26,37,87.71,993.5,95.1,3.63,3.59,80.0,0.829,0.481,75.5,0.589,31.06,12502.1,6.48,0.188,False,False
BGW-003,3,2019-12-27,38,86.56,1027.5,94.6,3.56,3.55,82.1,0.826,0.472,72.23,0.641,25.96,12196.2,6.28,0.19,False,False
BGW-003,3,2019-12-28,39,85.44,1061.9,98.6,3.42,3.51,76.4,0.823,0.462,70.78,0.616,27.2,12298.5,6.39,0.196,False,False
BGW-003,3,2019-12-29,40,84.36,1096.5,97.6,3.6,3.48,76.4,0.814,0.45,71.95,0.626,26.88,12232.7,6.53,0.226,False,False
BGW-003,3,2019-12-30,41,83.31,1131.5,93.7,4.14,3.44,78.2,0.791,0.43,75.75,0.65,26.54,12145.8,6.83,0.334,False,False
BGW-003,3,2019-12-31,42,82.28,1166.8,91.8,3.65,3.4,76.7,0.802,0.429,65.28,0.69,20.23,12393.8,6.76,0.262,False,False
BGW-003,3,2020-01-01,43,81.29,1202.3,96.2,4.41,3.37,80.3,0.772,0.406,78.29,0.641,28.13,12213.2,7.46,0.411,False,False
BGW-003,3,2020-01-02,44,80.32,1238.0,100.0,4.41,3.33,79.5,0.766,0.396,79.47,0.682,25.27,12434.7,7.7,0.425,False,False
BGW-004,1,2019-01-10,1,168.81,56.8,97.1,5.28,5.29,84.2,0.9,0.816,190.05,0.152,161.13,12060.6,8.2,0.0,False,False
BGW-004,1,2019-01-11,2,165.57,60.5,100.0,5.15,5.27,82.5,0.9,0.815,190.76,0.13,166.02,12250.1,8.17,0.0,False,False
BGW-004,1,2019-01-12,3,162.4,64.4,99.5,5.28,5.26,92.3,0.899,0.814,194.41,0.163,162.78,12002.9,7.93,0.004,False,False
BGW-004,1,2019-01-13,4,159.33,68.5,100.0,5.34,5.25,91.6,0.897,0.811,196.57,0.147,167.69,12119.4,8.23,0.015,False,False
BGW-004,1,2019-01-14,5,156.33,72.9,100.0,6.5,5.23,80.1,0.858,0.774,228.65,0.191,184.93,11984.6,9.5,0.221,False,False
BGW-004,1,2019-01-15,6,153.42,77.4,97.5,5.02,5.22,92.4,0.9,0.811,180.48,0.193,145.58,11922.8,7.71,0.0,False,False
BGW-004,1,2019-01-16,7,150.58,82.2,98.3,5.33,5.21,83.5,0.896,0.806,191.76,0.19,155.3,12265.6,8.47,0.021,False,False
BGW-004,1,2019-01-17,8,147.81,87.2,100.0,6.5,5.19,88.1,0.856,0.769,227.12,0.212,178.99,11988.3,9.63,0.229,False,False
BGW-004,1,2019-01-18,9,145.13,92.4,100.0,5.81,5.17,90.7,0.879,0.788,207.85,0.181,170.24,12115.2,8.84,0.111,False,False
BGW-004,1,2019-01-19,10,142.51,97.8,100.0,6.5,5.16,82.8,0.855,0.765,225.95,0.215,177.3,11993.7,9.38,0.235,False,False
BGW-004,1,2019-01-20,11,139.96,103.5,100.0,5.01,5.14,88.8,0.9,0.803,182.87,0.217,143.23,12054.2,7.93,0.0,False,False
BGW-004,1,2019-01-21,12,137.48,109.4,98.1,5.39,5.13,83.7,0.891,0.793,190.67,0.222,148.38,12030.5,8.03,0.046,False,False
BGW-004,1,2019-01-22,13,135.07,115.5,98.2,4.91,5.11,86.4,0.9,0.799,175.04,0.262,129.27,12221.4,7.76,0.0,False,False
BGW-004,1,2019-01-23,14,132.72,121.9,97.1,5.2,5.09,89.5,0.896,0.794,182.14,0.26,134.78,11925.8,8.28,0.019,False,False
BGW-004,1,2019-01-24,15,130.43,128.6,100.0,4.97,5.07,84.9,0.9,0.795,179.81,0.276,130.19,12042.3,7.78,0.0,False,False
BGW-004,1,2019-01-25,16,128.21,135.5,100.0,5.47,5.05,85.5,0.886,0.781,194.2,0.263,143.1,12057.3,8.49,0.074,False,False
BGW-004,1,2019-01-26,17,126.04,142.6,99.3,5.05,5.03,89.4,0.899,0.79,180.06,0.269,131.64,11985.1,8.0,0.003,False,False
BGW-004,1,2019-01-27,18,123.93,150.0,98.5,5.07,5.01,84.5,0.898,0.787,178.53,0.307,123.78,11813.0,8.08,0.009,False,False
BGW-004,1,2019-01-28,19,121.88,157.6,99.1,4.95,4.99,94.4,0.9,0.786,175.35,0.325,118.43,12081.9,7.94,0.0,False,False
BGW-004,1,2019-01-29,20,119.88,165.5,99.4,5.03,4.97,86.5,0.898,0.782,177.51,0.248,133.48,12076.8,8.24,0.009,False,False
BGW-004,1,2019-01-30,21,117.94,173.7,100.0,5.0,4.95,89.4,0.898,0.779,177.14,0.268,129.58,12050.7,8.06,0.009,False,False
BGW-004,1,2019-01-31,22,116.04,182.1,100.0,6.44,4.93,86.5,0.85,0.734,214.89,0.343,141.29,12182.0,9.81,0.264,False,False
BGW-004,1,2019-02-01,23,114.2,190.8,99.4,4.98,4.91,90.7,0.898,0.773,173.81,0.326,117.21,12323.0,7.92,0.013,False,False
BGW-004,1,2019-02-02,24,112.41,199.7,100.0,6.36,4.89,80.6,0.851,0.73,211.01,0.35,137.23,12115.1,9.65,0.259,False,False
BGW-004,1,2019-02-03,25,110.66,208.8,100.0,5.41,4.86,86.7,0.882,0.753,185.33,0.372,116.4,12211.1,8.59,0.099,False,False
BGW-004,1,2019-02-04,26,108.96,218.2,100.0,6.5,4.84,87.9,0.845,0.719,212.25,0.314,145.62,12214.4,9.62,0.294,False,False
BGW-004,1,2019-02-05,27,107.31,227.8,100.0,5.7,4.82,90.8,0.87,0.737,191.11,0.32,129.91,11891.9,8.74,0.161,False,False
BGW-004,1,2019-02-06,28,105.7,237.7,100.0,6.04,4.79,84.6,0.858,0.724,198.75,0.351,129.03,11994.2,9.07,0.227,False,False
BGW-004,1,2019-02-07,29,104.13,247.8,99.9,5.27,4.77,82.1,0.883,0.741,177.29,0.357,113.99,12211.4,8.33,0.098,False,False
BGW-004,1,2019-02-08,30,102.61,258.2,100.0,5.49,4.75,81.4,0.875,0.731,182.49,0.365,115.84,12029.1,8.56,0.144,False,False
BGW-004,1,2019-02-09,31,101.12,268.7,100.0,4.75,4.72,83.6,0.899,0.747,161.36,0.397,97.25,12338.9,7.88,0.02,False,False
BGW-004,1,2019-02-10,32,99.68,279.5,100.0,5.45,4.7,80.6,0.875,0.724,179.23,0.376,111.79,12135.7,8.54,0.149,False,False
BGW-004,1,2019-02-11,33,98.27,290.5,100.0,5.35,4.68,91.9,0.878,0.722,175.42,0.409,103.72,12088.8,8.28,0.138,False,False
BGW-004,1,2019-02-12,34,96.9,301.7,98.8,4.77,4.65,82.6,0.896,0.733,156.9,0.404,93.53,12345.5,7.9,0.043,False,False
BGW-004,1,2019-02-13,35,95.57,313.1,100.0,4.63,4.63,90.3,0.9,0.732,154.21,0.409,91.1,12243.0,7.5,0.027,False,False
BGW-004,1,2019-02-14,36,94.27,324.7,100.0,6.12,4.6,81.3,0.85,0.687,191.17,0.395,115.7,11957.8,9.03,0.293,False,False
BGW-004,1,2019-02-15,37,93.01,336.5,98.4,4.65,4.58,89.6,0.898,0.722,150.29,0.427,86.14,12055.8,7.58,0.044,False,False
BGW-004,1,2019-02-16,38,91.78,348.5,98.5,5.51,4.55,82.0,0.868,0.695,171.26,0.415,100.14,12137.1,8.64,0.201,False,False
BGW-004,1,2019-02-17,39,90.59,360.6,100.0,4.7,4.53,86.3,0.894,0.711,151.9,0.445,84.28,12143.2,7.55,0.066,False,False
BGW-004,1,2019-02-18,40,89.42,372.9,100.0,6.14,4.51,80.1,0.846,0.668,186.49,0.421,107.92,12039.5,9.04,0.325,False,False
BGW-004,1,2019-02-19,41,88.29,385.4,100.0,4.35,4.48,92.4,0.9,0.707,139.8,0.452,76.62,12533.3,7.27,0.042,False,False
BGW-004,1,2019-02-20,42,87.19,398.0,97.8,4.64,4.46,88.1,0.894,0.698,143.96,0.456,78.32,12032.1,7.57,0.077,False,False
BGW-004,1,2019-02-21,43,86.11,410.7,99.4,4.38,4.43,91.9,0.899,0.697,138.06,0.486,71.03,12322.4,7.29,0.048,False,False
BGW-004,1,2019-02-22,44,85.07,423.6,99.0,4.24,4.41,88.9,0.897,0.692,131.8,0.475,69.15,12062.0,7.08,0.051,False,False
BGW-004,1,2019-02-23,45,84.05,436.6,97.3,4.37,4.39,85.1,0.896,0.686,132.67,0.492,67.35,11963.0,7.17,0.054,False,False
BGW-004,1,2019-02-24,46,83.06,449.7,100.0,5.6,4.36,84.4,0.853,0.649,165.17,0.48,85.84,12328.8,8.75,0.273,False,False
BGW-004,1,2019-02-25,47,82.1,462.9,97.9,4.4,4.34,86.8,0.89,0.673,131.92,0.501,65.84,12308.6,7.39,0.071,False,False
BGW-004,1,2019-02-26,48,81.16,476.2,100.0,4.34,4.31,92.6,0.89,0.669,131.86,0.499,66.02,12041.3,7.16,0.067,False,False
BGW-004,1,2019-02-27,49,80.25,489.6,100.0,4.47,4.29,92.1,0.883,0.659,134.02,0.513,65.33,12387.3,7.46,0.098,False,False
BGW-004,1,2019-02-28,50,79.36,503.0,99.2,4.14,4.27,92.6,0.888,0.658,122.89,0.502,61.19,12356.4,7.07,0.069,False,False
BGW-004,1,2019-03-01,51,78.49,516.5,100.0,4.06,4.24,88.5,0.886,0.652,120.37,0.553,53.79,12483.9,7.11,0.072,False,False
BGW-004,1,2019-03-02,52,77.65,530.1,99.9,4.17,4.22,80.3,0.885,0.647,122.4,0.543,55.91,12347.5,7.13,0.075,False,False
BGW-004,1,2019-03-03,53,76.83,543.7,100.0,4.2,4.2,87.0,0.883,0.641,122.38,0.541,56.14,12156.3,6.93,0.078,False,False
BGW-004,1,2019-03-04,54,76.04,557.4,100.0,4.15,4.18,79.9,0.882,0.636,119.79,0.595,48.46,12406.4,7.3,0.081,False,False
BGW-004,1,2019-03-05,55,75.26,571.0,100.0,4.33,4.16,79.2,0.874,0.626,123.29,0.549,55.57,12222.9,7.4,0.116,False,False
BGW-004,1,2019-03-06,56,74.5,584.7,96.9,4.74,4.13,85.1,0.858,0.61,127.3,0.572,54.53,12202.7,7.66,0.193,False,False
BGW-004,1,2019-03-07,57,73.77,598.4,97.1,4.28,4.11,78.7,0.871,0.615,116.09,0.586,48.06,12413.0,7.24,0.119,False,False
BGW-004,1,2019-03-08,58,73.05,612.2,98.1,4.15,4.09,80.0,0.873,0.612,113.41,0.613,43.89,12291.3,7.45,0.104,False,False
BGW-004,1,2019-03-09,59,72.36,625.9,97.7,4.8,4.07,87.8,0.849,0.592,126.05,0.61,49.17,12423.1,7.7,0.224,False,False
BGW-004,1,2019-03-10,60,71.68,639.5,99.6,4.1,4.05,81.9,0.87,0.602,111.71,0.584,46.43,12255.0,7.46,0.109,False,False
BGW-004,1,2019-03-11,61,71.02,653.2,100.0,5.5,4.03,75.8,0.822,0.564,140.96,0.612,54.71,12348.1,8.41,0.36,False,False
BGW-004,1,2019-03-12,62,70.37,666.8,97.6,4.01,4.01,82.0,0.869,0.593,105.47,0.614,40.69,12347.5,6.95,0.107,False,False
BGW-004,1,2019-03-13,63,69.75,680.4,99.1,4.04,3.99,89.9,0.866,0.586,106.79,0.608,41.86,12567.4,6.82,0.119,False,False
BGW-004,1,2019-03-14,64,69.14,694.0,94.9,4.26,3.97,84.7,0.856,0.576,105.92,0.617,40.61,12202.6,7.46,0.164,False,False
BGW-004,1,2019-03-15,65,68.55,707.5,98.5,4.58,3.95,80.0,0.843,0.563,115.57,0.634,42.25,11964.7,7.37,0.226,False,False
BGW-004,1,2019-03-16,66,67.97,720.9,100.0,5.43,3.93,78.9,0.813,0.539,133.15,0.64,47.93,12375.5,8.56,0.381,False,False
BGW-004,1,2019-03-17,67,67.41,734.3,96.9,3.77,3.91,84.4,0.861,0.568,94.2,0.666,31.49,12287.1,6.63,0.121,False,False
BGW-004,1,2019-03-18,68,66.86,747.5,95.6,5.41,3.89,80.3,0.809,0.53,124.52,0.665,41.71,12112.4,8.62,0.389,False,False
BGW-004,1,2019-03-19,69,66.33,760.8,94.2,4.38,3.88,80.4,0.841,0.547,102.65,0.666,34.27,12060.6,7.14,0.216,False,False
BGW-004,1,2019-03-20,70,65.81,773.9,99.2,3.69,3.86,83.5,0.856,0.554,92.14,0.673,30.12,12214.2,6.71,0.13,False,False
BGW-004,1,2019-03-21,71,65.31,786.9,99.0,4.97,3.84,82.1,0.817,0.525,117.32,0.677,37.87,12358.5,8.03,0.331,False,False
BGW-004,1,2019-03-22,72,64.82,799.8,97.4,3.79,3.82,79.2,0.853,0.545,91.44,0.676,29.63,12237.2,6.66,0.136,False,False
BGW-004,2,2019-04-05,1,165.37,60.7,100.0,6.5,5.27,84.8,0.859,0.778,229.93,0.164,192.19,12080.5,9.6,0.215,False,False
BGW-004,2,2019-04-06,2,162.03,64.9,98.9,6.5,5.26,80.3,0.859,0.777,226.99,0.149,193.13,11865.4,9.33,0.217,False,False
BGW-004,2,2019-04-07,3,158.79,69.3,99.7,5.45,5.25,88.5,0.893,0.807,199.21,0.198,159.69,12235.8,8.43,0.036,False,False
BGW-004,2,2019-04-08,4,155.63,73.9,99.1,5.1,5.23,81.1,0.9,0.812,186.37,0.226,144.3,12360.8,8.17,0.0,False,False
BGW-004,2,2019-04-09,5,152.57,78.8,100.0,6.5,5.22,78.4,0.857,0.772,228.02,0.167,190.01,12269.2,9.44,0.225,False,False
BGW-004,2,2019-04-10,6,149.59,83.9,100.0,6.5,5.2,85.1,0.857,0.77,227.47,0.24,172.96,12320.2,9.57,0.227,False,False
BGW-004,2,2019-04-11,7,146.69,89.3,100.0,5.74,5.18,83.0,0.881,0.791,206.41,0.19,167.12,12026.2,8.82,0.098,False,False
BGW-004,2,2019-04-12,8,143.88,94.9,100.0,6.06,5.17,86.1,0.87,0.779,214.44,0.217,167.96,12225.0,9.17,0.155,False,False
BGW-004,2,2019-04-13,9,141.15,100.8,100.0,5.53,5.15,88.7,0.887,0.793,199.18,0.259,147.6,12189.1,8.89,0.066,False,False
BGW-004,2,2019-04-14,10,138.49,106.9,100.0,6.4,5.13,86.5,0.858,0.765,222.31,0.295,156.83,12048.3,9.55,0.222,False,False
BGW-004,2,2019-04-15,11,135.91,113.3,100.0,6.36,5.11,81.8,0.858,0.763,220.71,0.279,159.04,12500.3,9.6,0.219,False,False
BGW-004,2,2019-04-16,12,133.4,120.0,100.0,6.35,5.09,82.2,0.858,0.761,219.69,0.28,158.21,12063.6,9.28,0.22,False,False
BGW-004,2,2019-04-17,13,130.96,127.0,98.0,4.84,5.08,86.6,0.9,0.796,171.56,0.274,124.5,11823.6,8.1,0.0,False,False
BGW-004,2,2019-04-18,14,128.6,134.2,97.8,5.21,5.06,86.1,0.895,0.789,182.57,0.29,129.62,11961.2,8.3,0.027,False,False
BGW-004,2,2019-04-19,15,126.29,141.7,100.0,6.38,5.04,83.9,0.855,0.752,218.02,0.331,145.93,12203.1,9.57,0.236,False,False
BGW-004,2,2019-04-20,16,124.05,149.5,98.0,6.5,5.01,84.5,0.85,0.745,215.69,0.34,142.45,12188.3,9.42,0.26,False,False
BGW-004,2,2019-04-21,17,121.88,157.6,100.0,5.93,4.99,79.7,0.869,0.759,204.52,0.366,129.73,11870.1,8.94,0.164,False,False
BGW-004,2,2019-04-22,18,119.77,166.0,95.1,6.5,4.97,78.8,0.849,0.739,207.58,0.368,131.29,11873.7,9.41,0.268,False,False
BGW-004,2,2019-04-23,19,117.71,174.7,98.5,4.95,4.95,90.9,0.9,0.78,172.99,0.377,107.83,12122.4,8.02,0.001,False,False
BGW-004,2,2019-04-24,20,115.72,183.6,100.0,5.99,4.93,89.3,0.865,0.747,203.27,0.403,121.31,12223.1,9.28,0.186,False,False
BGW-004,2,2019-04-25,21,113.78,192.8,100.0,4.8,4.9,83.5,0.9,0.774,168.81,0.385,103.86,11847.4,7.38,0.0,False,False
BGW-004,2,2019-04-26,22,111.89,202.3,99.8,5.05,4.88,82.2,0.894,0.766,175.52,0.389,107.31,12164.2,8.31,0.03,False,False
BGW-004,2,2019-04-27,23,110.06,212.1,100.0,6.0,4.86,79.7,0.862,0.735,200.41,0.457,108.83,12419.5,9.23,0.203,False,False
BGW-004,2,2019-04-28,24,108.28,222.1,100.0,4.63,4.83,84.8,0.9,0.764,160.69,0.427,92.09,12083.5,7.42,0.005,False,False
BGW-004,2,2019-04-29,25,106.55,232.4,100.0,4.99,4.81,80.6,0.894,0.756,171.2,0.452,93.88,12093.0,7.93,0.039,False,False
BGW-004,2,2019-04-30,26,104.87,243.0,99.5,4.74,4.78,86.3,0.9,0.757,162.31,0.466,86.67,12120.3,7.61,0.01,False,False
BGW-004,2,2019-05-01,27,103.24,253.9,99.3,4.75,4.76,92.2,0.9,0.753,161.68,0.497,81.31,12058.6,7.52,0.012,False,False
BGW-004,2,2019-05-02,28,101.65,264.9,100.0,4.76,4.73,89.8,0.899,0.749,161.89,0.448,89.37,12137.5,7.87,0.019,False,False
BGW-004,2,2019-05-03,29,100.11,276.3,100.0,4.56,4.71,87.2,0.9,0.745,154.35,0.529,72.66,12112.1,7.4,0.017,False,False
BGW-004,2,2019-05-04,30,98.61,287.9,100.0,4.5,4.68,84.2,0.9,0.741,151.59,0.508,74.53,12199.2,7.26,0.02,False,False
BGW-004,2,2019-05-05,31,97.15,299.7,100.0,4.56,4.66,94.0,0.9,0.737,152.86,0.503,76.02,12216.4,7.48,0.023,False,False
BGW-004,2,2019-05-06,32,95.73,311.7,98.5,4.59,4.63,90.5,0.9,0.733,150.49,0.553,67.25,11928.6,7.5,0.025,False,False
BGW-004,2,2019-05-07,33,94.36,324.0,97.5,5.5,4.61,81.3,0.87,0.704,171.67,0.537,79.42,12284.9,8.55,0.185,False,False
BGW-004,2,2019-05-08,34,93.02,336.5,100.0,4.55,4.58,85.1,0.9,0.724,149.63,0.541,68.64,12253.3,7.4,0.031,False,False
BGW-004,2,2019-05-09,35,91.72,349.1,100.0,5.75,4.55,81.4,0.86,0.688,179.67,0.604,71.13,12047.6,8.72,0.243,False,False
BGW-004,2,2019-05-10,36,90.46,362.0,100.0,4.74,4.53,92.5,0.893,0.71,152.93,0.579,64.31,12065.7,7.68,0.074,False,False
BGW-004,2,2019-05-11,37,89.23,375.0,98.5,4.28,4.5,86.9,0.9,0.711,136.29,0.603,54.07,12200.6,7.15,0.04,False,False
BGW-004,2,2019-05-12,38,88.03,388.3,100.0,6.43,4.48,82.9,0.835,0.655,191.43,0.636,69.74,12399.1,9.58,0.385,False,False
BGW-004,2,2019-05-13,39,86.88,401.6,100.0,4.48,4.45,81.1,0.899,0.7,142.73,0.654,49.45,12156.0,7.54,0.052,False,False
BGW-004,2,2019-05-14,40,85.75,415.2,97.2,4.54,4.43,83.1,0.894,0.692,138.95,0.653,48.24,12179.4,7.28,0.069,False,False
BGW-004,2,2019-05-15,41,84.65,428.8,98.8,6.22,4.4,76.1,0.836,0.643,179.53,0.663,60.45,12211.5,9.21,0.37,False,False
BGW-004,2,2019-05-16,42,83.59,442.6,99.3,4.37,4.37,82.1,0.895,0.684,134.73,0.718,38.02,12048.0,7.09,0.055,False,False
BGW-004,2,2019-05-17,43,82.56,456.6,97.4,4.16,4.35,82.5,0.893,0.678,124.67,0.7,37.37,12290.9,7.14,0.058,False,False
BGW-004,3,2019-06-03,1,178.07,47.6,100.0,6.5,5.32,84.6,0.861,0.783,231.27,0.136,199.71,11958.5,9.38,0.207,False,False
BGW-004,3,2019-06-04,2,174.75,50.6,98.8,5.05,5.31,94.1,0.9,0.818,185.61,0.155,156.83,11872.9,7.86,0.0,False,False
BGW-004,3,2019-06-05,3,171.5,53.9,95.4,6.5,5.3,84.0,0.86,0.781,220.04,0.165,183.64,11774.2,9.49,0.211,False,False
BGW-004,3,2019-06-06,4,168.34,57.3,100.0,5.41,5.28,92.2,0.896,0.812,199.84,0.161,167.71,11919.2,8.44,0.022,False,False
BGW-004,3,2019-06-07,5,165.26,60.8,98.7,6.45,5.27,88.4,0.861,0.78,225.56,0.194,181.8,11885.1,9.35,0.205,False,False
BGW-004,3,2019-06-08,6,162.26,64.6,96.0,5.75,5.26,91.7,0.884,0.8,200.44,0.165,167.43,11974.0,8.98,0.085,False,False
BGW-004,3,2019-06-09,7,159.33,68.5,99.2,5.23,5.25,90.1,0.9,0.813,191.71,0.19,155.21,11824.5,8.16,0.0,False,False
BGW-004,3,2019-06-10,8,156.48,72.6,100.0,5.08,5.24,84.2,0.9,0.812,187.38,0.189,151.99,12033.3,7.83,0.0,False,False
BGW-004,3,2019-06-11,9,153.7,77.0,98.7,6.31,5.22,84.7,0.864,0.778,220.24,0.183,180.01,12133.7,9.64,0.191,False,False
BGW-004,3,2019-06-12,10,150.99,81.5,100.0,5.13,5.21,87.5,0.9,0.81,188.63,0.203,150.25,12317.9,7.95,0.0,False,False
BGW-004,3,2019-06-13,11,148.35,86.2,100.0,5.29,5.19,87.4,0.897,0.805,193.56,0.165,161.71,12189.9,8.36,0.016,False,False
BGW-004,3,2019-06-14,12,145.78,91.1,100.0,5.66,5.18,90.6,0.884,0.793,203.72,0.202,162.58,12059.8,8.48,0.083,False,False
BGW-004,3,2019-06-15,13,143.27,96.2,100.0,5.55,5.16,88.2,0.887,0.794,200.23,0.22,156.17,12061.4,8.31,0.068,False,False
BGW-004,3,2019-06-16,14,140.82,101.5,100.0,5.3,5.15,87.0,0.895,0.799,192.52,0.216,150.86,12077.7,8.12,0.027,False,False
BGW-004,3,2019-06-17,15,138.44,107.0,97.9,5.25,5.13,83.9,0.896,0.798,186.61,0.203,148.82,12276.6,8.19,0.021,False,False
BGW-004,3,2019-06-18,16,136.12,112.8,99.7,5.16,5.12,89.6,0.898,0.799,186.93,0.212,147.32,12303.6,8.11,0.008,False,False
BGW-004,3,2019-06-19,17,133.85,118.8,99.4,4.92,5.1,92.8,0.9,0.798,177.37,0.209,140.3,12127.1,7.85,0.0,False,False
BGW-004,3,2019-06-20,18,131.65,125.0,100.0,5.22,5.08,86.0,0.895,0.792,188.05,0.258,139.59,11982.7,8.15,0.025,False,False
BGW-004,3,2019-06-21,19,129.5,131.4,100.0,5.17,5.06,84.8,0.897,0.791,185.88,0.208,147.2,12336.7,8.24,0.018,False,False
BGW-004,3,2019-06-22,20,127.4,138.0,98.6,5.19,5.05,91.6,0.895,0.788,183.27,0.201,146.46,12261.9,8.22,0.025,False,False
BGW-004,3,2019-06-23,21,125.36,144.9,99.0,5.2,5.03,81.9,0.894,0.785,183.82,0.242,139.33,11961.9,7.87,0.031,False,False
BGW-004,3,2019-06-24,22,123.37,152.0,98.6,4.87,5.01,82.4,0.9,0.788,171.84,0.259,127.29,12391.6,7.69,0.0,False,False
BGW-004,3,2019-06-25,23,121.43,159.4,98.0,5.39,4.99,91.9,0.887,0.774,185.73,0.27,135.6,12229.6,8.59,0.07,False,False
BGW-004,3,2019-06-26,24,119.54,166.9,97.7,5.17,4.97,93.5,0.893,0.777,178.24,0.257,132.39,12009.4,8.28,0.035,False,False
BGW-004,3,2019-06-27,25,117.7,174.7,99.9,5.78,4.95,82.1,0.872,0.756,198.53,0.25,148.8,12211.8,8.98,0.146,False,False
BGW-004,3,2019-06-28,26,115.9,182.7,100.0,5.41,4.93,92.7,0.884,0.764,187.72,0.282,134.86,11951.8,8.27,0.084,False,False
BGW-004,3,2019-06-29,27,114.15,191.0,100.0,5.89,4.91,87.7,0.867,0.747,199.91,0.259,148.15,12096.4,8.89,0.172,False,False
BGW-004,3,2019-06-30,28,112.44,199.5,100.0,4.67,4.89,90.2,0.9,0.772,163.93,0.265,120.41,12011.9,7.66,0.0,False,False
BGW-004,3,2019-07-01,29,110.78,208.2,100.0,5.65,4.87,82.2,0.874,0.747,191.83,0.251,143.59,12197.1,8.68,0.14,False,False
BGW-004,3,2019-07-02,30,109.16,217.1,100.0,4.98,4.84,87.5,0.895,0.762,172.5,0.272,125.61,12084.0,7.94,0.028,False,False
BGW-004,3,2019-07-03,31,107.58,226.2,99.9,5.96,4.82,88.2,0.862,0.731,197.72,0.26,146.32,11745.9,8.96,0.206,False,False
BGW-004,3,2019-07-04,32,106.04,235.6,98.2,4.67,4.8,89.8,0.9,0.76,158.19,0.273,115.06,12215.8,7.64,0.008,False,False
BGW-004,3,2019-07-05,33,104.54,245.1,100.0,5.95,4.78,86.5,0.861,0.723,195.53,0.271,142.5,12349.8,9.39,0.215,False,False
BGW-004,3,2019-07-06,34,103.08,254.9,100.0,6.16,4.76,86.9,0.853,0.714,199.68,0.342,131.46,12080.7,9.51,0.257,False,False
BGW-004,3,2019-07-07,35,101.65,264.9,99.7,4.92,4.73,82.6,0.894,0.744,165.92,0.303,115.61,12307.4,8.04,0.047,False,False
BGW-004,3,2019-07-08,36,100.27,275.1,98.6,4.48,4.71,92.5,0.9,0.746,149.59,0.294,105.62,12127.1,7.19,0.017,False,False
BGW-004,3,2019-07-09,37,98.91,285.5,100.0,4.56,4.69,89.4,0.9,0.742,153.82,0.292,108.88,11921.7,7.49,0.019,False,False
BGW-004,3,2019-07-10,38,97.59,296.0,99.3,4.51,4.66,85.5,0.9,0.738,150.28,0.317,102.61,12416.0,7.8,0.022,False,False
BGW-004,3,2019-07-11,39,96.31,306.8,100.0,4.69,4.64,93.4,0.898,0.733,156.38,0.293,110.59,12177.7,7.7,0.033,False,False
BGW-004,3,2019-07-12,40,95.05,317.7,100.0,6.0,4.62,88.1,0.854,0.693,189.18,0.291,134.18,11891.7,9.07,0.269,False,False
BGW-004,3,2019-07-13,41,93.83,328.8,100.0,5.73,4.6,84.6,0.862,0.696,181.18,0.306,125.77,12034.8,8.73,0.227,False,False
BGW-004,3,2019-07-14,42,92.64,340.1,97.5,5.4,4.57,85.2,0.873,0.701,167.63,0.294,118.35,12136.7,8.51,0.176,False,False
BGW-004,3,2019-07-15,43,91.48,351.5,98.3,4.98,4.55,82.2,0.886,0.708,157.32,0.337,104.33,12237.5,8.17,0.109,False,False
BGW-004,3,2019-07-16,44,90.35,363.1,98.8,4.69,4.53,81.8,0.894,0.71,149.78,0.327,100.87,11853.1,7.56,0.066,False,False
BGW-004,3,2019-07-17,45,89.25,374.8,98.0,4.7,4.5,83.1,0.893,0.706,147.7,0.345,96.68,12026.3,7.57,0.075,False,False
BGW-004,3,2019-07-18,46,88.17,386.7,98.5,4.54,4.48,89.1,0.898,0.705,143.39,0.286,102.38,12212.5,7.19,0.054,False,False
BGW-004,3,2019-07-19,47,87.13,398.7,100.0,6.19,4.46,81.6,0.842,0.657,184.96,0.343,121.48,12206.3,9.26,0.349,False,False
BGW-004,3,2019-07-20,48,86.11,410.8,100.0,4.4,4.43,92.1,0.899,0.697,139.57,0.358,89.61,12205.4,7.06,0.048,False,False
BGW-004,3,2019-07-21,49,85.11,423.1,100.0,5.59,4.41,85.3,0.858,0.662,168.1,0.391,102.32,12173.6,8.62,0.257,False,False
BGW-004,3,2019-07-22,50,84.14,435.4,100.0,4.24,4.39,89.0,0.896,0.687,132.38,0.338,87.62,12205.0,7.42,0.054,False,False
BGW-004,3,2019-07-23,51,83.2,447.9,100.0,6.22,4.36,77.3,0.832,0.634,179.35,0.359,114.98,11992.9,9.26,0.382,False,False
BGW-004,3,2019-07-24,52,82.28,460.4,100.0,4.41,4.34,89.0,0.891,0.674,135.13,0.355,87.13,12429.7,7.77,0.071,False,False
BGW-004,3,2019-07-25,53,81.38,473.0,100.0,4.37,4.32,91.8,0.89,0.669,132.82,0.402,79.42,12148.6,7.45,0.07,False,False
BGW-004,3,2019-07-26,54,80.5,485.8,100.0,5.2,4.3,86.7,0.86,0.643,151.89,0.365,96.51,12111.2,8.39,0.223,False,False
BGW-004,3,2019-07-27,55,79.65,498.5,100.0,4.13,4.28,85.8,0.889,0.66,123.72,0.355,79.77,12287.4,7.04,0.068,False,False
BGW-004,3,2019-07-28,56,78.82,511.4,100.0,4.55,4.25,81.2,0.877,0.647,133.79,0.396,80.78,12144.0,7.42,0.122,False,False
BGW-004,3,2019-07-29,57,78.01,524.3,95.2,5.45,4.23,76.5,0.845,0.619,145.98,0.381,90.33,11923.3,8.54,0.287,False,False
BGW-004,3,2019-07-30,58,77.22,537.2,100.0,5.59,4.21,81.9,0.838,0.61,155.0,0.386,95.17,12274.3,8.75,0.318,False,False
BGW-004,3,2019-07-31,59,76.45,550.2,100.0,6.07,4.19,77.5,0.82,0.593,163.6,0.398,98.42,12353.7,9.19,0.408,False,False
BGW-004,3,2019-08-01,60,75.7,563.2,94.7,5.06,4.17,79.6,0.851,0.612,133.38,0.373,83.68,12025.8,7.79,0.239,False,False
BGW-004,3,2019-08-02,61,74.97,576.2,100.0,5.69,4.15,80.8,0.828,0.591,152.98,0.392,92.99,12100.4,8.36,0.356,False,False
BGW-004,3,2019-08-03,62,74.26,589.2,96.2,5.56,4.13,84.2,0.83,0.589,143.25,0.421,82.96,12136.0,8.82,0.34,False,False
BGW-004,3,2019-08-04,63,73.57,602.3,98.5,4.01,4.11,81.3,0.876,0.618,110.9,0.389,67.8,12283.6,7.08,0.091,False,False
BGW-004,3,2019-08-05,64,72.89,615.3,100.0,5.03,4.09,81.6,0.843,0.591,134.98,0.389,82.48,12234.0,8.19,0.26,False,False
BGW-004,3,2019-08-06,65,72.23,628.4,100.0,4.85,4.07,87.6,0.847,0.589,129.95,0.406,77.24,12354.9,7.83,0.235,False,False
BGW-004,3,2019-08-07,66,71.59,641.4,98.0,4.16,4.05,87.2,0.868,0.6,111.15,0.392,67.62,12529.9,7.13,0.12,False,False
BGW-004,3,2019-08-08,67,70.96,654.4,100.0,5.82,4.03,81.4,0.81,0.556,147.26,0.419,85.55,12362.5,8.97,0.418,False,False
BGW-004,3,2019-08-09,68,70.35,667.3,100.0,3.88,4.01,83.3,0.869,0.593,104.37,0.456,56.81,12335.9,6.73,0.106,False,False
BGW-004,3,2019-08-10,69,69.76,680.3,100.0,5.22,3.99,75.0,0.826,0.56,132.85,0.43,75.72,12227.7,8.11,0.325,False,False
BGW-004,3,2019-08-11,70,69.18,693.2,95.8,4.04,3.97,89.0,0.863,0.581,102.27,0.398,61.62,12061.0,7.06,0.124,False,False
BGW-004,3,2019-08-12,71,68.61,706.0,100.0,5.34,3.95,78.9,0.818,0.547,132.86,0.471,70.32,12279.0,8.42,0.359,False,False
BGW-004,3,2019-08-13,72,68.06,718.8,99.1,4.01,3.93,88.4,0.86,0.572,103.32,0.457,56.1,12366.6,7.11,0.132,False,False
BGW-004,3,2019-08-14,73,67.52,731.5,97.4,4.05,3.92,86.0,0.857,0.566,101.56,0.443,56.57,12205.9,6.58,0.145,False,False
BGW-004,3,2019-08-15,74,67.0,744.2,100.0,3.73,3.9,87.8,0.86,0.564,95.55,0.433,54.18,12258.1,6.79,0.124,False,False
BGW-004,3,2019-08-16,75,66.49,756.8,100.0,5.47,3.88,84.2,0.805,0.525,130.63,0.446,72.32,12075.7,8.41,0.405,False,False
BGW-004,3,2019-08-17,76,65.99,769.3,96.5,4.03,3.86,87.8,0.851,0.552,97.49,0.433,55.31,12122.8,7.19,0.158,False,False
BGW-004,3,2019-08-18,77,65.51,781.7,100.0,4.39,3.85,85.7,0.837,0.539,107.58,0.459,58.22,12309.4,7.29,0.227,False,False
BGW-004,3,2019-08-19,78,65.04,794.0,100.0,4.42,3.83,87.2,0.834,0.534,107.35,0.466,57.32,12545.2,7.47,0.239,False,False
BGW-004,3,2019-08-20,79,64.58,806.3,98.6,5.5,3.82,72.4,0.797,0.507,124.84,0.426,71.69,12262.1,8.38,0.432,False,True
BGW-004,3,2019-08-21,80,64.13,818.4,96.6,3.7,3.8,82.4,0.851,0.538,87.45,0.429,49.96,12449.5,6.49,0.141,False,False
BGW-004,3,2019-08-22,81,63.69,830.5,93.5,4.34,3.78,85.2,0.831,0.522,96.33,0.502,47.99,12008.2,7.08,0.241,False,False
BGW-004,3,2019-08-23,82,63.27,842.4,100.0,4.63,3.77,85.5,0.82,0.512,107.83,0.484,55.6,12321.4,7.64,0.297,False,False
BGW-004,3,2019-08-24,83,62.85,854.3,98.8,3.87,3.75,79.0,0.843,0.524,91.12,0.487,46.72,12294.7,6.72,0.17,False,False
BGW-004,3,2019-08-25,84,62.45,866.0,98.9,3.83,3.74,85.4,0.843,0.52,89.51,0.482,46.36,12352.8,6.61,0.166,False,False
BGW-004,3,2019-08-26,85,62.05,877.6,100.0,4.93,3.73,76.0,0.804,0.494,110.71,0.529,52.11,12245.4,7.99,0.366,False,False
BGW-004,3,2019-08-27,86,61.67,889.1,100.0,5.18,3.71,74.8,0.794,0.485,114.09,0.53,53.64,12243.6,8.13,0.413,False,False
BGW-004,3,2019-08-28,87,61.29,900.5,100.0,3.82,3.7,85.8,0.837,0.509,88.28,0.5,44.18,12548.0,6.78,0.181,False,False
BGW-004,3,2019-08-29,88,60.93,911.7,95.2,3.54,3.68,78.2,0.84,0.507,77.71,0.5,38.86,12184.3,6.16,0.162,False,False
BGW-004,3,2019-08-30,89,60.57,922.9,100.0,4.96,3.67,80.5,0.796,0.478,107.84,0.485,55.51,12523.9,8.36,0.391,False,False
BGW-004,3,2019-08-31,90,60.22,933.9,95.8,3.62,3.66,79.9,0.838,0.5,78.82,0.498,39.55,12383.7,6.59,0.167,False,False
BGW-004,3,2019-09-01,91,59.89,944.7,92.3,4.31,3.64,74.3,0.814,0.484,87.51,0.536,40.58,12241.1,6.67,0.286,False,False
BGW-004,3,2019-09-02,92,59.56,955.5,98.7,3.59,3.63,78.4,0.835,0.494,79.45,0.529,37.43,12277.6,6.69,0.172,False,False
BGW-004,3,2019-09-03,93,59.24,966.1,100.0,5.24,3.62,74.0,0.78,0.459,109.17,0.517,52.72,12521.5,8.43,0.457,True,False
BGW-004,3,2019-09-04,94,58.92,976.5,99.2,4.42,3.61,75.2,0.806,0.471,93.95,0.536,43.58,12237.9,7.65,0.319,False,False
BGW-004,3,2019-09-05,95,58.62,986.9,98.8,4.17,3.6,76.6,0.812,0.473,88.56,0.521,42.44,12217.4,7.12,0.279,False,False
BGW-004,3,2019-09-06,96,58.32,997.1,99.0,3.61,3.58,78.3,0.829,0.48,78.15,0.546,35.48,12422.3,6.78,0.186,False,False
BGW-004,3,2019-09-07,97,58.03,1007.1,100.0,4.44,3.57,83.7,0.8,0.461,93.09,0.535,43.26,12456.5,7.47,0.335,False,False
BGW-004,3,2019-09-08,98,57.75,1017.0,100.0,4.87,3.56,80.5,0.784,0.45,99.57,0.556,44.18,12308.2,7.85,0.414,False,False
BGW-004,3,2019-09-09,99,57.47,1026.8,98.9,3.53,3.55,75.1,0.827,0.472,74.94,0.55,33.76,12399.5,6.31,0.188,False,False
BGW-004,3,2019-09-10,100,57.21,1036.4,98.8,5.06,3.54,77.0,0.775,0.441,100.1,0.589,41.15,12500.1,8.06,0.456,True,False
BGW-004,3,2019-09-11,101,56.94,1045.9,99.4,4.77,3.53,79.6,0.783,0.443,95.56,0.588,39.36,12347.9,8.12,0.41,False,False
BGW-004,3,2019-09-12,102,56.69,1055.2,96.6,3.52,3.52,84.2,0.824,0.464,71.61,0.586,29.63,12280.8,6.07,0.194,False,False
BGW-004,3,2019-09-13,103,56.44,1064.4,100.0,4.13,3.51,74.0,0.802,0.45,84.47,0.549,38.14,12499.0,6.98,0.306,False,False
BGW-004,3,2019-09-14,104,56.2,1073.5,100.0,4.93,3.5,78.7,0.774,0.432,96.8,0.573,41.29,12193.1,8.0,0.448,False,False
BGW-004,3,2019-09-15,105,55.96,1082.4,98.3,3.64,3.49,82.3,0.816,0.454,73.66,0.565,32.02,12459.5,6.59,0.226,False,False
BGW-004,3,2019-09-16,106,55.73,1091.2,97.8,3.39,3.48,80.1,0.819,0.454,68.25,0.563,29.85,12332.3,6.15,0.203,False,False
BGW-004,3,2019-09-17,107,55.51,1099.8,100.0,4.57,3.47,70.5,0.782,0.431,89.49,0.588,36.86,12610.4,7.89,0.396,False,False
BGW-004,3,2019-09-18,108,55.29,1108.3,93.1,3.63,3.46,77.0,0.812,0.446,68.5,0.587,28.31,11608.8,6.42,0.235,False,False
BGW-004,3,2019-09-19,109,55.08,1116.6,93.9,3.91,3.46,77.5,0.801,0.438,73.13,0.609,28.59,11968.1,6.7,0.287,False,False
BGW-004,3,2019-09-20,110,54.87,1124.8,97.7,3.3,3.45,76.3,0.815,0.444,65.06,0.602,25.89,12055.0,5.88,0.21,False,False
BGW-004,3,2019-09-21,111,54.67,1132.9,97.2,3.42,3.44,76.2,0.814,0.442,66.81,0.63,24.74,12305.9,6.37,0.212,False,False
BGW-004,3,2019-09-22,112,54.47,1140.8,95.2,3.42,3.43,83.5,0.814,0.44,65.07,0.577,27.54,12449.0,6.45,0.214,False,False
BGW-004,3,2019-09-23,113,54.28,1148.6,100.0,4.44,3.42,79.9,0.779,0.42,84.75,0.598,34.03,12483.4,7.54,0.394,False,False
BGW-004,3,2019-09-24,114,54.09,1156.3,96.6,4.95,3.41,76.6,0.761,0.409,88.74,0.623,33.41,12373.3,7.99,0.485,True,False
BGW-004,3,2019-09-25,115,53.91,1163.8,97.0,3.3,3.41,81.5,0.811,0.434,63.09,0.615,24.3,12346.7,6.28,0.219,False,False
BGW-004,3,2019-09-26,116,53.73,1171.2,97.7,3.36,3.4,78.0,0.81,0.432,64.4,0.583,26.86,12342.0,6.21,0.221,False,False
BGW-004,3,2019-09-27,117,53.56,1178.4,98.1,3.41,3.39,80.7,0.808,0.43,65.4,0.616,25.12,12299.8,6.15,0.226,False,False
BGW-004,3,2019-09-28,118,53.39,1185.5,95.0,3.55,3.39,76.7,0.803,0.425,65.2,0.633,23.92,12276.4,6.38,0.253,False,False
BGW-004,3,2019-09-29,119,53.22,1192.5,99.4,3.66,3.38,80.5,0.798,0.421,69.72,0.656,24.0,12446.8,6.54,0.275,False,False
BGW-004,3,2019-09-30,120,53.06,1199.4,97.1,3.99,3.37,78.2,0.786,0.414,72.96,0.592,29.75,12239.3,7.09,0.336,False,False
BGW-004,3,2019-10-01,121,52.91,1206.1,92.9,3.41,3.37,72.8,0.805,0.422,60.69,0.611,23.61,11976.4,6.1,0.236,False,False
BGW-004,3,2019-10-02,122,52.76,1212.7,95.8,3.33,3.36,76.1,0.805,0.421,61.17,0.646,21.66,12286.8,6.23,0.23,False,False
BGW-004,3,2019-10-03,123,52.61,1219.1,97.9,3.48,3.35,82.4,0.8,0.417,64.68,0.643,23.07,12335.3,6.4,0.254,False,False
BGW-004,3,2019-10-04,124,52.46,1225.5,92.5,4.55,3.35,79.8,0.763,0.397,75.98,0.644,27.04,11973.7,7.46,0.444,False,False
BGW-004,3,2019-10-05,125,52.32,1231.7,94.1,4.27,3.34,78.5,0.772,0.4,73.11,0.648,25.75,12238.2,7.28,0.397,False,False
BGW-004,3,2019-10-06,126,52.18,1237.8,100.0,3.96,3.33,71.8,0.781,0.404,72.7,0.667,24.2,12253.1,6.89,0.345,False,False
BGW-004,3,2019-10-07,127,52.05,1243.7,98.2,4.15,3.33,74.6,0.774,0.399,73.93,0.621,28.04,12133.2,7.11,0.381,False,False
BGW-004,3,2019-10-08,128,51.92,1249.6,94.1,3.29,3.32,72.7,0.801,0.412,57.98,0.644,20.66,12106.1,6.14,0.239,False,False
BGW-004,3,2019-10-09,129,51.79,1255.3,99.6,3.78,3.32,72.2,0.785,0.403,68.8,0.654,23.84,12252.7,6.66,0.32,False,False
BGW-004,3,2019-10-10,130,51.67,1261.0,100.0,4.46,3.31,78.6,0.761,0.39,78.91,0.683,25.04,12433.4,7.49,0.441,False,False
BGW-004,3,2019-10-11,131,51.55,1266.5,92.6,3.14,3.31,81.1,0.799,0.408,53.92,0.665,18.09,11874.3,5.52,0.242,False,False
BGW-004,3,2019-10-12,132,51.43,1271.9,97.3,3.21,3.3,78.6,0.798,0.406,57.6,0.669,19.05,12177.2,5.8,0.244,False,False
BGW-004,3,2019-10-13,133,51.31,1277.1,94.2,3.17,3.3,80.2,0.798,0.405,55.08,0.66,18.72,12278.8,6.15,0.245,False,False
BGW-004,3,2019-10-14,134,51.2,1282.3,92.8,3.38,3.29,79.8,0.794,0.402,57.39,0.721,15.99,12358.3,5.94,0.262,False,False
BGW-004,3,2019-10-15,135,51.09,1287.4,95.4,3.18,3.29,75.7,0.796,0.403,55.51,0.714,15.87,12162.8,5.76,0.247,False,False
BGW-004,3,2019-10-16,136,50.99,1292.3,91.1,4.64,3.28,74.0,0.751,0.379,72.82,0.657,24.97,12290.1,7.7,0.486,True,False
BGW-004,3,2019-10-17,137,50.88,1297.2,99.4,3.92,3.28,76.7,0.774,0.389,69.04,0.684,21.79,12416.3,6.94,0.362,False,False
BGW-004,4,2019-10-29,1,141.11,100.9,95.3,6.08,5.15,80.1,0.869,0.776,204.4,0.159,171.9,11877.7,8.9,0.163,False,False
BGW-004,4,2019-10-30,2,137.54,109.2,100.0,5.48,5.13,90.4,0.888,0.791,196.95,0.146,168.1,12354.2,8.64,0.062,False,False
BGW-004,4,2019-10-31,3,134.1,118.1,100.0,5.7,5.1,83.3,0.88,0.781,202.27,0.181,165.76,12188.5,8.38,0.105,False,False
BGW-004,4,2019-11-01,4,130.79,127.5,100.0,5.89,5.07,91.6,0.873,0.772,206.65,0.116,182.68,11989.2,8.9,0.143,False,False
BGW-004,4,2019-11-02,5,127.61,137.4,100.0,6.28,5.05,85.3,0.859,0.756,216.0,0.176,178.03,12124.5,9.48,0.217,False,False
BGW-004,4,2019-11-03,6,124.55,147.8,100.0,6.5,5.02,84.8,0.851,0.746,220.35,0.185,179.61,12094.0,9.71,0.259,False,False
BGW-004,4,2019-11-04,7,121.61,158.7,100.0,4.78,4.99,85.2,0.9,0.786,170.84,0.205,135.88,12005.9,7.75,0.0,False,False
BGW-004,4,2019-11-05,8,118.78,170.1,100.0,6.5,4.96,79.2,0.849,0.737,217.79,0.213,171.38,11987.7,9.35,0.269,False,False
BGW-004,4,2019-11-06,9,116.05,182.1,100.0,5.13,4.93,85.2,0.893,0.772,180.1,0.198,144.48,12053.6,8.03,0.036,False,False
BGW-004,4,2019-11-07,10,113.43,194.5,100.0,6.32,4.9,77.6,0.853,0.733,210.51,0.234,161.2,12176.1,9.49,0.249,False,False
BGW-004,4,2019-11-08,11,110.91,207.5,97.3,4.77,4.87,86.7,0.9,0.769,162.17,0.211,127.92,11844.7,7.68,0.002,False,False
BGW-004,4,2019-11-09,12,108.48,221.0,99.5,5.36,4.83,86.3,0.883,0.75,181.75,0.211,143.36,11956.9,8.34,0.097,False,False
BGW-004,4,2019-11-10,13,106.15,234.9,97.9,4.88,4.8,84.4,0.897,0.758,164.45,0.272,119.66,11858.7,7.84,0.022,False,False
BGW-004,4,2019-11-11,14,103.9,249.4,98.3,4.76,4.77,89.8,0.9,0.755,160.59,0.274,116.63,12285.8,7.7,0.011,False,False
BGW-004,4,2019-11-12,15,101.74,264.3,100.0,4.72,4.73,91.6,0.9,0.75,160.8,0.266,117.99,12060.5,7.57,0.015,False,False
BGW-004,4,2019-11-13,16,99.66,279.7,100.0,4.9,4.7,90.8,0.893,0.739,164.51,0.256,122.42,12174.4,7.94,0.053,False,False
BGW-004,4,2019-11-14,17,97.66,295.5,100.0,4.68,4.67,90.7,0.9,0.738,156.91,0.3,109.88,12086.2,7.42,0.024,False,False
BGW-004,4,2019-11-15,18,95.74,311.7,100.0,5.29,4.63,88.7,0.878,0.715,171.85,0.262,126.89,12195.0,8.49,0.14,False,False
BGW-004,4,2019-11-16,19,93.88,328.3,97.3,4.74,4.6,85.4,0.895,0.723,151.6,0.256,112.72,12195.8,7.76,0.055,False,False
BGW-004,4,2019-11-17,20,92.1,345.3,100.0,4.78,4.56,93.5,0.893,0.715,155.42,0.304,108.22,12243.5,7.81,0.071,False,False
BGW-004,4,2019-11-18,21,90.39,362.7,97.3,4.4,4.53,92.3,0.9,0.715,138.97,0.276,100.6,12042.2,7.22,0.037,False,False
BGW-004,4,2019-11-19,22,88.74,380.4,100.0,5.29,4.49,87.0,0.874,0.688,165.29,0.283,118.58,12294.4,8.53,0.18,False,False
BGW-004,4,2019-11-20,23,87.15,398.4,100.0,5.19,4.46,90.5,0.876,0.684,161.21,0.322,109.31,12105.0,8.44,0.173,False,False
BGW-004,4,2019-11-21,24,85.63,416.6,96.7,4.79,4.42,92.9,0.886,0.685,144.18,0.341,95.0,12355.4,7.83,0.113,False,False
BGW-004,4,2019-11-22,25,84.16,435.2,100.0,4.52,4.39,80.5,0.892,0.684,140.27,0.363,89.32,12231.4,7.67,0.076,False,False
BGW-004,4,2019-11-23,26,82.75,453.9,98.2,4.34,4.35,87.7,0.894,0.679,131.31,0.328,88.19,12305.4,7.43,0.058,False,False
BGW-004,4,2019-11-24,27,81.39,472.9,100.0,4.76,4.32,90.3,0.877,0.66,142.61,0.332,95.26,12469.9,7.94,0.138,False,False
BGW-004,4,2019-11-25,28,80.08,492.0,100.0,4.89,4.29,88.2,0.869,0.648,143.85,0.376,89.8,12296.1,8.13,0.172,False,False
BGW-004,4,2019-11-26,29,78.82,511.3,100.0,4.37,4.25,81.9,0.883,0.652,129.48,0.392,78.78,12105.0,7.31,0.092,False,False
BGW-004,4,2019-11-27,30,77.61,530.7,95.1,5.43,4.22,78.5,0.845,0.617,144.65,0.358,92.8,11918.4,8.49,0.286,False,False
BGW-004,4,2019-11-28,31,76.45,550.2,100.0,4.7,4.19,89.8,0.865,0.626,133.73,0.362,85.38,12352.0,7.64,0.169,False,False
BGW-004,4,2019-11-29,32,75.33,569.8,99.5,4.42,4.16,89.9,0.871,0.624,124.87,0.362,79.72,12039.6,7.61,0.13,False,False
BGW-004,4,2019-11-30,33,74.25,589.4,96.1,5.21,4.13,87.7,0.842,0.597,135.89,0.335,90.32,12533.3,8.1,0.278,False,False
BGW-004,4,2019-12-01,34,73.21,609.0,98.4,5.4,4.1,84.2,0.832,0.584,141.22,0.397,85.18,12403.9,8.41,0.322,False,False
BGW-004,4,2019-12-02,35,72.22,628.6,99.4,4.18,4.07,90.5,0.87,0.605,114.12,0.417,66.58,12366.5,6.99,0.117,False,False
BGW-004,4,2019-12-03,36,71.26,648.2,98.1,4.55,4.04,81.5,0.854,0.588,119.25,0.413,70.06,12048.9,7.49,0.191,False,False
BGW-004,4,2019-12-04,37,70.33,667.7,100.0,4.26,4.01,82.3,0.86,0.587,113.58,0.42,65.88,12619.6,7.52,0.151,False,False
BGW-004,4,2019-12-05,38,69.44,687.2,96.9,3.98,3.98,82.1,0.866,0.585,102.48,0.432,58.24,12105.0,6.8,0.111,False,False
BGW-004,4,2019-12-06,39,68.59,706.5,100.0,4.28,3.95,80.0,0.853,0.571,111.09,0.417,64.75,12312.5,7.15,0.173,False,False
BGW-004,4,2019-12-07,40,67.77,725.7,95.2,5.4,3.92,78.2,0.813,0.538,125.8,0.46,67.93,12113.1,8.6,0.378,False,False
BGW-004,4,2019-12-08,41,66.98,744.8,100.0,5.31,3.9,83.4,0.813,0.533,128.63,0.453,70.3,12347.5,8.15,0.371,False,False
BGW-004,4,2019-12-09,42,66.22,763.6,94.2,5.0,3.87,82.1,0.82,0.533,114.0,0.444,63.39,11974.2,8.17,0.325,False,False
BGW-004,4,2019-12-10,43,65.48,782.4,98.6,3.66,3.85,77.1,0.855,0.551,90.21,0.453,49.35,12266.7,6.81,0.132,False,False
BGW-004,4,2019-12-11,44,64.78,800.9,99.5,3.8,3.82,88.9,0.853,0.544,93.63,0.479,48.79,12077.3,6.74,0.137,False,False
BGW-004,4,2019-12-12,45,64.1,819.2,97.8,3.95,3.8,85.8,0.846,0.535,93.93,0.52,45.05,12337.8,7.1,0.168,False,False
BGW-004,4,2019-12-13,46,63.45,837.3,99.9,3.8,3.78,79.3,0.848,0.531,91.71,0.482,47.46,12321.0,6.88,0.149,False,False
BGW-004,4,2019-12-14,47,62.82,855.1,95.1,3.58,3.75,81.5,0.847,0.526,81.45,0.478,42.52,12277.0,6.54,0.149,False,False
BGW-004,4,2019-12-15,48,62.22,872.7,96.0,3.71,3.73,77.8,0.845,0.52,84.19,0.463,45.24,12434.6,6.8,0.153,False,False
BGW-004,4,2019-12-16,49,61.64,890.0,100.0,4.8,3.71,75.1,0.806,0.492,107.44,0.486,55.18,12398.2,7.61,0.348,False,False
BGW-004,4,2019-12-17,50,61.08,907.1,95.3,3.56,3.69,77.3,0.841,0.509,78.45,0.51,38.41,12162.2,6.28,0.161,False,False
BGW-004,4,2019-12-18,51,60.54,923.8,100.0,5.23,3.67,77.6,0.787,0.472,112.2,0.508,55.19,12185.6,8.21,0.437,False,False
BGW-004,4,2019-12-19,52,60.02,940.3,94.2,3.75,3.65,84.6,0.834,0.496,79.65,0.525,37.83,12309.8,6.72,0.185,False,False
BGW-004,4,2019-12-20,53,59.53,956.5,100.0,5.0,3.63,76.5,0.789,0.466,106.06,0.588,43.67,12553.7,8.05,0.412,False,False
BGW-004,4,2019-12-21,54,59.05,972.4,94.3,3.75,3.61,76.0,0.829,0.486,78.04,0.56,34.3,12044.1,6.64,0.199,False,False
BGW-004,4,2019-12-22,55,58.59,987.9,95.9,3.55,3.59,82.9,0.831,0.484,74.81,0.56,32.92,12504.3,6.44,0.179,False,False
BGW-004,4,2019-12-23,56,58.14,1003.2,97.3,3.54,3.58,79.7,0.83,0.479,75.11,0.553,33.57,12552.9,6.46,0.183,False,False
BGW-004,4,2019-12-24,57,57.72,1018.1,98.6,4.4,3.56,81.2,0.8,0.459,90.48,0.571,38.86,12502.7,7.55,0.333,False,False
BGW-004,4,2019-12-25,58,57.31,1032.7,96.2,3.65,3.54,79.1,0.823,0.468,74.84,0.588,30.84,12044.1,6.62,0.208,False,False
BGW-004,4,2019-12-26,59,56.91,1047.0,99.1,3.74,3.53,74.3,0.817,0.462,77.93,0.58,32.75,12448.8,6.74,0.23,False,False
BGW-004,4,2019-12-27,60,56.53,1061.0,100.0,3.94,3.51,78.1,0.809,0.454,81.36,0.591,33.29,12660.1,7.28,0.27,False,False
BGW-004,4,2019-12-28,61,56.17,1074.6,98.0,4.66,3.5,74.2,0.783,0.437,90.65,0.635,33.12,12070.5,7.62,0.402,False,False
BGW-004,4,2019-12-29,62,55.82,1088.0,94.7,4.05,3.49,73.7,0.801,0.444,77.47,0.625,29.07,12082.9,6.95,0.301,False,False
BGW-004,4,2019-12-30,63,55.48,1101.0,100.0,4.13,3.47,83.1,0.796,0.439,82.46,0.595,33.37,12256.5,7.15,0.321,False,False
BGW-004,4,2019-12-31,64,55.15,1113.6,95.1,3.54,3.46,80.2,0.814,0.446,68.33,0.621,25.92,12112.1,6.32,0.223,False,False
BGW-004,4,2020-01-01,65,54.84,1126.0,100.0,4.5,3.45,79.9,0.78,0.425,86.96,0.675,28.27,12117.0,7.17,0.395,False,False
BGW-004,4,2020-01-02,66,54.54,1138.1,93.6,3.81,3.43,76.3,0.801,0.434,70.27,0.646,24.9,12002.6,6.73,0.279,False,False
BGW-004,4,2020-01-03,67,54.25,1149.8,94.5,3.29,3.42,83.0,0.813,0.438,61.78,0.683,19.6,12035.5,6.11,0.216,False,False
BGW-004,4,2020-01-04,68,53.97,1161.2,93.6,3.39,3.41,76.7,0.811,0.435,62.68,0.638,22.66,12126.9,6.08,0.218,False,False
BGW-004,4,2020-01-05,69,53.7,1172.3,92.8,3.52,3.4,76.7,0.806,0.43,63.83,0.69,19.77,12191.6,6.35,0.243,False,False
BGW-004,4,2020-01-06,70,53.45,1183.1,94.3,4.52,3.39,74.8,0.771,0.409,79.16,0.676,25.61,12366.2,7.55,0.421,False,False
BGW-004,4,2020-01-07,71,53.2,1193.7,97.4,3.28,3.38,72.8,0.807,0.426,61.87,0.644,22.04,12366.4,6.17,0.226,False,False
BGW-004,4,2020-01-08,72,52.96,1203.9,93.0,3.48,3.37,78.4,0.803,0.422,61.96,0.695,18.93,12173.9,6.36,0.247,False,False
BGW-004,4,2020-01-09,73,52.73,1213.8,100.0,4.84,3.36,77.6,0.756,0.395,86.94,0.688,27.1,12544.0,8.25,0.49,True,False
BGW-004,5,2020-01-20,1,184.45,42.3,100.0,5.59,5.33,82.6,0.892,0.812,206.31,0.15,175.44,12041.1,8.32,0.044,False,False
BGW-004,5,2020-01-21,2,181.13,45.0,97.1,5.3,5.33,93.0,0.9,0.819,191.71,0.143,164.34,11965.8,7.95,0.0,False,False
BGW-004,5,2020-01-22,3,177.9,47.7,100.0,5.77,5.32,86.9,0.885,0.805,211.19,0.169,175.49,12114.5,8.92,0.08,False,False
BGW-004,5,2020-01-23,4,174.74,50.6,98.1,5.45,5.31,87.7,0.895,0.814,197.67,0.19,160.17,11994.0,8.6,0.025,False,False
BGW-004,5,2020-01-24,5,171.66,53.7,100.0,6.5,5.3,85.2,0.86,0.781,230.65,0.15,196.11,12416.8,9.75,0.211,False,False
BGW-004,5,2020-01-25,6,168.66,56.9,100.0,5.6,5.29,88.7,0.889,0.807,205.39,0.146,175.32,12360.2,8.81,0.055,False,False
BGW-004,5,2020-01-26,7,165.72,60.3,100.0,5.2,5.27,93.3,0.9,0.816,192.88,0.161,161.84,12026.0,8.06,0.0,False,False
BGW-004,5,2020-01-27,8,162.86,63.8,98.6,5.22,5.26,88.7,0.9,0.815,190.61,0.183,155.65,12216.4,8.02,0.0,False,False
BGW-004,5,2020-01-28,9,160.07,67.5,97.6,5.9,5.25,84.6,0.878,0.794,207.93,0.171,172.41,11887.1,8.89,0.114,False,False
BGW-004,5,2020-01-29,10,157.34,71.4,95.8,6.5,5.24,80.4,0.858,0.775,219.3,0.186,178.4,11875.7,9.61,0.221,False,False
BGW-004,5,2020-01-30,11,154.68,75.4,99.2,5.2,5.23,82.4,0.9,0.811,190.16,0.171,157.69,11970.2,7.99,0.0,False,False
BGW-004,5,2020-01-31,12,152.09,79.6,100.0,5.46,5.21,83.1,0.892,0.803,199.33,0.225,154.47,12072.2,8.51,0.044,False,False
BGW-004,5,2020-02-01,13,149.55,84.0,96.8,5.77,5.2,82.6,0.881,0.792,200.85,0.185,163.77,11626.9,8.54,0.099,False,False
BGW-004,5,2020-02-02,14,147.08,88.5,97.7,5.26,5.19,89.8,0.897,0.805,188.14,0.211,148.49,11958.9,8.16,0.014,False,False
BGW-004,5,2020-02-03,15,144.67,93.3,98.6,5.38,5.17,81.0,0.893,0.8,192.77,0.192,155.73,11832.5,8.37,0.036,False,False
BGW-004,5,2020-02-04,16,142.31,98.2,100.0,6.5,5.16,82.9,0.855,0.765,225.91,0.198,181.26,11895.6,9.26,0.235,False,False
BGW-004,5,2020-02-05,17,140.01,103.3,99.0,5.05,5.14,85.1,0.9,0.803,182.57,0.202,145.65,12078.6,7.8,0.0,False,False
BGW-004,5,2020-02-06,18,137.77,108.7,97.6,5.17,5.13,85.9,0.898,0.8,183.6,0.245,138.69,11966.9,8.01,0.008,False,False
BGW-004,5,2020-02-07,19,135.58,114.2,100.0,5.24,5.11,83.8,0.896,0.796,189.56,0.267,139.03,12089.3,8.21,0.022,False,False
BGW-004,5,2020-02-08,20,133.44,119.9,97.0,5.23,5.1,87.3,0.895,0.794,183.23,0.241,139.12,12045.6,8.28,0.024,False,False
BGW-004,5,2020-02-09,21,131.36,125.8,98.9,4.98,5.08,91.1,0.9,0.796,178.36,0.23,137.41,12066.1,7.89,0.0,False,False
BGW-004,5,2020-02-10,22,129.32,131.9,97.2,5.06,5.06,93.3,0.9,0.794,177.76,0.249,133.49,12294.8,8.01,0.001,False,False
BGW-004,5,2020-02-11,23,127.34,138.3,96.4,6.5,5.04,88.9,0.851,0.75,213.36,0.243,161.5,11902.1,9.35,0.255,False,False
BGW-004,5,2020-02-12,24,125.4,144.8,100.0,5.52,5.03,81.6,0.884,0.776,194.6,0.257,144.64,12271.6,8.32,0.086,False,False
BGW-004,5,2020-02-13,25,123.51,151.5,98.8,4.84,5.01,93.7,0.9,0.788,171.43,0.295,120.8,12120.2,7.71,0.0,False,False
BGW-004,5,2020-02-14,26,121.66,158.5,97.2,4.8,4.99,82.4,0.9,0.786,166.39,0.228,128.47,12039.8,7.84,0.0,False,False
BGW-004,5,2020-02-15,27,119.86,165.6,97.8,6.5,4.97,86.5,0.849,0.739,213.42,0.287,152.14,11856.6,9.33,0.267,False,False
BGW-004,5,2020-02-16,28,118.1,173.0,98.2,6.5,4.95,78.5,0.848,0.736,213.52,0.263,157.43,11993.4,9.45,0.271,False,False
BGW-004,5,2020-02-17,29,116.39,180.5,100.0,5.36,4.93,86.5,0.886,0.766,186.66,0.267,136.8,12339.1,8.75,0.075,False,False
BGW-004,5,2020-02-18,30,114.72,188.3,97.7,5.15,4.91,83.0,0.892,0.769,175.91,0.254,131.22,12341.6,8.46,0.041,False,False
BGW-004,5,2020-02-19,31,113.08,196.3,100.0,5.06,4.89,84.4,0.895,0.768,176.64,0.287,125.95,12034.8,7.59,0.029,False,False
BGW-004,5,2020-02-20,32,111.49,204.4,100.0,4.9,4.87,81.8,0.899,0.77,171.23,0.25,128.39,11989.9,7.64,0.005,False,False
BGW-004,5,2020-02-21,33,109.93,212.8,100.0,4.65,4.85,85.3,0.9,0.767,162.11,0.269,118.58,12093.3,7.68,0.003,False,False
BGW-004,5,2020-02-22,34,108.41,221.4,95.1,6.4,4.83,83.5,0.848,0.72,198.99,0.255,148.22,11970.8,9.65,0.278,False,False
BGW-004,5,2020-02-23,35,106.93,230.1,98.1,6.16,4.81,89.5,0.855,0.724,198.69,0.275,144.13,12046.7,9.14,0.242,False,False
BGW-004,5,2020-02-24,36,105.49,239.1,99.8,4.76,4.79,84.8,0.9,0.758,163.53,0.293,115.55,12058.9,7.71,0.009,False,False
BGW-004,5,2020-02-25,37,104.07,248.2,97.0,4.72,4.77,85.2,0.9,0.755,157.29,0.285,112.49,11977.7,7.8,0.011,False,False
BGW-004,5,2020-02-26,38,102.7,257.6,100.0,6.5,4.75,87.1,0.842,0.703,207.72,0.307,143.89,12309.6,9.62,0.319,False,False
BGW-004,5,2020-02-27,39,101.35,267.1,100.0,5.07,4.73,84.3,0.889,0.739,170.2,0.318,116.1,12340.3,8.24,0.074,False,False
BGW-004,5,2020-02-28,40,100.04,276.8,98.6,4.88,4.71,84.2,0.894,0.74,161.96,0.311,111.53,12216.7,7.65,0.048,False,False
BGW-004,5,2020-02-29,41,98.76,286.6,100.0,4.55,4.68,82.7,0.9,0.742,153.42,0.338,101.5,12216.2,7.66,0.02,False,False
BGW-004,5,2020-03-01,42,97.51,296.7,100.0,4.86,4.66,84.0,0.893,0.733,161.91,0.321,109.87,12174.3,7.93,0.057,False,False
BGW-004,5,2020-03-02,43,96.29,306.9,100.0,4.73,4.64,92.8,0.897,0.732,157.34,0.276,113.94,12093.2,7.35,0.039,False,False
BGW-004,5,2020-03-03,44,95.1,317.3,100.0,6.18,4.62,85.8,0.848,0.689,193.34,0.348,126.05,12233.8,9.43,0.299,False,False
BGW-004,5,2020-03-04,45,93.94,327.8,100.0,4.37,4.6,83.7,0.9,0.727,144.5,0.311,99.49,12246.3,7.34,0.029,False,False
BGW-004,5,2020-03-05,46,92.81,338.5,95.5,6.12,4.58,86.4,0.848,0.682,181.38,0.318,123.7,12142.3,9.35,0.303,False,False
BGW-004,5,2020-03-06,47,91.7,349.3,99.1,4.5,4.55,87.8,0.9,0.72,145.85,0.313,100.26,12379.8,7.63,0.034,False,False
BGW-004,5,2020-03-07,48,90.62,360.3,100.0,5.24,4.53,83.4,0.876,0.697,166.02,0.331,111.01,12024.6,8.32,0.16,False,False
BGW-004,5,2020-03-08,49,89.57,371.4,100.0,4.58,4.51,82.3,0.898,0.71,147.86,0.369,93.29,12000.5,7.36,0.052,False,False
BGW-004,5,2020-03-09,50,88.54,382.6,100.0,4.47,4.49,88.6,0.9,0.708,143.97,0.35,93.54,12325.8,7.39,0.041,False,False
BGW-004,5,2020-03-10,51,87.54,393.9,96.9,4.77,4.47,82.5,0.89,0.696,146.18,0.322,99.04,12145.5,7.63,0.097,False,False
BGW-004,5,2020-03-11,52,86.56,405.4,98.9,4.46,4.44,91.7,0.899,0.699,140.15,0.39,85.54,12311.9,7.68,0.049,False,False
BGW-004,5,2020-03-12,53,85.6,417.0,96.5,4.87,4.42,90.4,0.883,0.683,145.81,0.379,90.62,11724.9,7.82,0.127,False,False
BGW-004,5,2020-03-13,54,84.67,428.6,100.0,4.72,4.4,85.2,0.886,0.681,146.29,0.378,90.96,12313.0,7.51,0.109,False,False
BGW-004,5,2020-03-14,55,83.76,440.4,100.0,4.23,4.38,93.4,0.895,0.685,131.53,0.349,85.66,12119.5,7.04,0.055,False,False
BGW-004,5,2020-03-15,56,82.87,452.2,96.6,5.77,4.36,80.3,0.847,0.644,163.2,0.344,107.1,12328.7,9.13,0.305,False,False
BGW-004,5,2020-03-16,57,82.01,464.2,100.0,4.24,4.34,87.9,0.893,0.674,129.8,0.348,84.63,12260.3,7.3,0.06,False,False
BGW-004,5,2020-03-17,58,81.16,476.2,100.0,4.15,4.31,89.2,0.891,0.669,126.33,0.389,77.23,12316.3,7.13,0.063,False,False
BGW-004,5,2020-03-18,59,80.34,488.2,96.4,6.13,4.29,86.3,0.829,0.618,166.13,0.383,102.51,12057.3,9.19,0.387,False,False
BGW-004,5,2020-03-19,60,79.53,500.4,100.0,6.08,4.27,80.8,0.828,0.614,169.77,0.372,106.67,12187.9,9.02,0.385,False,False
BGW-004,5,2020-03-20,61,78.74,512.6,100.0,5.07,4.25,86.4,0.86,0.634,145.99,0.401,87.48,12264.8,8.22,0.214,False,False
BGW-004,5,2020-03-21,62,77.98,524.8,100.0,5.42,4.23,79.3,0.846,0.62,152.6,0.409,90.25,12453.7,8.78,0.281,False,False
BGW-004,5,2020-03-22,63,77.23,537.1,100.0,5.97,4.21,84.5,0.825,0.601,163.07,0.421,94.45,12242.7,8.88,0.384,False,True
BGW-004,5,2020-03-23,64,76.5,549.4,100.0,4.86,4.19,84.0,0.86,0.623,137.57,0.405,81.78,12375.2,7.81,0.197,False,False
BGW-004,5,2020-03-24,65,75.78,561.7,97.9,3.99,4.17,88.5,0.881,0.634,112.6,0.39,68.72,12345.4,6.94,0.082,False,False
BGW-004,5,2020-03-25,66,75.09,574.1,100.0,4.0,4.15,86.2,0.88,0.629,114.32,0.405,68.06,12200.2,7.26,0.085,False,False
BGW-004,5,2020-03-26,67,74.41,586.5,98.5,3.94,4.13,88.1,0.878,0.624,110.04,0.416,64.21,12195.7,6.61,0.088,False,False
BGW-004,5,2020-03-27,68,73.75,598.8,98.9,4.13,4.11,82.0,0.876,0.618,114.92,0.417,67.04,12031.2,6.85,0.095,False,False
BGW-004,5,2020-03-28,69,73.1,611.2,96.5,4.1,4.09,86.8,0.875,0.614,110.28,0.417,64.29,11982.6,7.09,0.094,False,False
BGW-004,5,2020-03-29,70,72.47,623.6,98.6,4.23,4.07,82.1,0.869,0.606,114.88,0.38,71.23,12329.1,7.33,0.124,False,False
BGW-004,5,2020-03-30,71,71.85,636.0,99.0,5.44,4.05,82.2,0.826,0.572,140.14,0.43,79.89,12274.2,8.53,0.342,False,False
BGW-004,5,2020-03-31,72,71.25,648.3,97.7,5.4,4.04,79.6,0.826,0.568,136.31,0.425,78.31,12150.0,8.32,0.341,False,False
BGW-004,5,2020-04-01,73,70.67,660.6,96.8,4.16,4.02,84.3,0.865,0.592,108.27,0.441,60.5,12392.7,7.07,0.129,False,False
BGW-004,5,2020-04-02,74,70.09,672.9,98.6,5.57,4.0,73.8,0.816,0.555,138.47,0.46,74.78,11901.6,8.52,0.382,False,False
BGW-004,5,2020-04-03,75,69.53,685.2,100.0,5.72,3.98,83.8,0.809,0.547,142.15,0.435,80.36,12240.5,8.75,0.415,False,False
BGW-004,5,2020-04-04,76,68.99,697.4,98.7,4.55,3.96,86.5,0.846,0.568,115.91,0.437,65.27,12247.5,7.54,0.215,False,False
BGW-004,5,2020-04-05,77,68.46,709.6,95.7,4.07,3.95,87.0,0.86,0.574,101.64,0.472,53.67,12122.7,7.04,0.137,False,False
BGW-004,5,2020-04-06,78,67.94,721.7,97.7,4.32,3.93,88.5,0.849,0.564,108.27,0.429,61.81,12217.0,7.15,0.188,False,False
BGW-004,5,2020-04-07,79,67.43,733.7,100.0,3.89,3.91,88.9,0.861,0.568,100.39,0.455,54.7,12365.8,6.84,0.121,False,False
BGW-004,5,2020-04-08,80,66.94,745.7,100.0,4.06,3.9,80.8,0.854,0.56,103.27,0.485,53.17,12320.7,7.2,0.152,False,False
BGW-004,5,2020-04-09,81,66.45,757.7,93.4,4.55,3.88,87.5,0.836,0.545,105.26,0.47,55.81,12148.9,7.27,0.244,False,False
BGW-004,5,2020-04-10,82,65.98,769.6,100.0,3.71,3.86,83.3,0.857,0.555,93.6,0.447,51.81,12716.7,6.69,0.129,False,False
BGW-004,5,2020-04-11,83,65.52,781.3,96.7,5.5,3.85,75.9,0.801,0.516,124.54,0.478,65.06,12029.6,8.84,0.421,False,False
BGW-004,5,2020-04-12,84,65.07,793.1,99.2,3.71,3.83,87.6,0.854,0.547,91.39,0.46,49.32,12557.2,6.61,0.135,False,False
BGW-004,5,2020-04-13,85,64.64,804.7,98.2,3.84,3.82,86.4,0.852,0.542,92.92,0.503,46.14,12151.2,6.79,0.141,False,False
BGW-004,5,2020-04-14,86,64.21,816.2,98.2,4.77,3.8,74.3,0.819,0.518,110.5,0.5,55.21,12383.7,7.8,0.31,False,False
BGW-004,5,2020-04-15,87,63.79,827.7,96.5,3.87,3.79,80.1,0.847,0.533,90.43,0.508,44.46,12221.6,6.73,0.156,False,False
BGW-004,5,2020-04-16,88,63.39,839.1,99.8,3.59,3.77,82.4,0.849,0.531,86.44,0.502,43.01,12546.6,6.55,0.145,False,False
BGW-004,5,2020-04-17,89,62.99,850.3,99.7,3.74,3.76,77.2,0.847,0.527,89.46,0.535,41.61,12256.8,6.61,0.148,False,False
BGW-004,5,2020-04-18,90,62.6,861.5,95.9,4.67,3.75,79.4,0.815,0.505,102.75,0.503,51.06,11973.4,7.63,0.313,False,False
BGW-004,5,2020-04-19,91,62.22,872.6,100.0,5.24,3.73,73.8,0.794,0.489,116.56,0.507,57.46,12474.5,8.26,0.418,False,False
BGW-004,5,2020-04-20,92,61.85,883.5,98.7,3.87,3.72,82.6,0.838,0.513,89.18,0.501,44.49,12481.8,7.15,0.182,False,False
BGW-004,5,2020-04-21,93,61.49,894.4,93.3,3.92,3.7,77.6,0.835,0.509,84.58,0.516,40.91,12323.3,6.65,0.196,False,False
BGW-004,5,2020-04-22,94,61.14,905.1,97.2,3.79,3.69,80.7,0.838,0.507,85.04,0.509,41.72,12356.3,6.69,0.178,False,False
BGW-004,5,2020-04-23,95,60.8,915.8,96.5,3.72,3.68,83.2,0.839,0.505,82.37,0.491,41.91,12212.9,6.36,0.17,False,False
BGW-004,5,2020-04-24,96,60.46,926.3,100.0,4.34,3.67,80.8,0.816,0.489,96.6,0.528,45.58,12618.2,7.42,0.284,False,False
BGW-004,5,2020-04-25,97,60.14,936.7,100.0,4.85,3.65,79.0,0.797,0.476,104.91,0.536,48.65,12162.9,7.72,0.377,False,False
BGW-004,5,2020-04-26,98,59.82,947.0,99.9,3.53,3.64,87.1,0.836,0.496,79.52,0.517,38.37,12339.0,6.23,0.17,False,False
BGW-004,5,2020-04-27,99,59.51,957.1,100.0,5.12,3.63,71.7,0.785,0.464,107.93,0.502,53.73,12187.0,7.86,0.433,False,False
BGW-004,5,2020-04-28,100,59.2,967.2,97.8,3.79,3.62,75.7,0.828,0.487,81.96,0.578,34.58,12399.9,6.7,0.204,False,False
BGW-004,5,2020-04-29,101,58.91,977.1,94.5,3.77,3.61,82.7,0.827,0.484,78.34,0.532,36.65,12101.7,6.65,0.205,False,False
BGW-004,5,2020-04-30,102,58.62,986.9,92.4,4.9,3.6,76.0,0.788,0.459,94.4,0.54,43.39,12176.3,8.03,0.407,False,False
BGW-004,5,2020-05-01,103,58.33,996.6,100.0,3.89,3.58,75.1,0.82,0.475,84.06,0.575,35.72,12365.5,6.69,0.235,False,False
BGW-004,5,2020-05-02,104,58.06,1006.1,94.4,4.94,3.57,72.7,0.784,0.452,95.76,0.527,45.31,11911.5,7.77,0.422,False,False
BGW-004,5,2020-05-03,105,57.79,1015.5,100.0,5.09,3.56,70.0,0.777,0.446,103.31,0.546,46.89,12301.5,8.14,0.453,True,False
BGW-004,5,2020-05-04,106,57.53,1024.8,95.6,4.63,3.55,78.8,0.791,0.452,90.96,0.572,38.92,12264.7,7.81,0.376,False,False
BGW-004,5,2020-05-05,107,57.27,1034.0,93.6,3.68,3.54,83.0,0.821,0.467,73.23,0.54,33.65,12249.1,6.45,0.214,False,False
BGW-004,5,2020-05-06,108,57.02,1043.0,97.1,4.68,3.53,72.8,0.787,0.446,92.01,0.568,39.74,12452.4,7.5,0.392,False,False
BGW-004,5,2020-05-07,109,56.78,1051.9,98.6,3.35,3.52,81.3,0.824,0.465,69.78,0.596,28.19,12376.7,6.31,0.194,False,False
BGW-004,5,2020-05-08,110,56.54,1060.7,94.7,3.58,3.51,76.4,0.821,0.461,71.16,0.575,30.22,12214.6,6.22,0.208,False,False
BGW-004,5,2020-05-09,111,56.31,1069.4,99.6,3.93,3.5,75.4,0.808,0.452,80.39,0.594,32.62,12350.9,6.99,0.272,False,False
BGW-004,5,2020-05-10,112,56.08,1077.9,97.6,3.36,3.5,80.9,0.821,0.458,68.28,0.554,30.48,12490.9,6.53,0.2,False,False
BGW-004,5,2020-05-11,113,55.86,1086.3,92.0,3.99,3.49,79.7,0.803,0.446,74.41,0.582,31.08,11991.9,6.66,0.289,False,False
BGW-004,5,2020-05-12,114,55.64,1094.6,95.9,3.52,3.48,84.3,0.818,0.452,69.36,0.571,29.77,12054.2,6.3,0.211,False,False
BGW-004,5,2020-05-13,115,55.43,1102.7,95.0,3.76,3.47,74.6,0.808,0.445,72.26,0.614,27.92,12112.3,6.73,0.256,False,False
BGW-004,5,2020-05-14,116,55.23,1110.7,93.7,3.62,3.46,80.3,0.812,0.445,68.7,0.592,28.0,12342.0,6.37,0.235,False,False
BGW-004,5,2020-05-15,117,55.03,1118.6,100.0,4.24,3.45,75.4,0.79,0.432,83.28,0.592,33.97,12379.7,7.09,0.347,False,False
BGW-004,5,2020-05-16,118,54.83,1126.4,97.1,3.46,3.45,77.7,0.815,0.444,67.65,0.623,25.52,12139.3,6.07,0.212,False,False
BGW-004,5,2020-05-17,119,54.64,1134.0,96.9,3.27,3.44,81.9,0.814,0.442,63.56,0.643,22.69,12100.2,6.28,0.212,False,False
BGW-004,5,2020-05-18,120,54.45,1141.5,100.0,4.92,3.43,77.9,0.764,0.413,92.4,0.658,31.62,12408.0,7.9,0.475,True,False
BGW-004,5,2020-05-19,121,54.27,1148.9,94.3,3.35,3.42,83.6,0.813,0.438,62.97,0.634,23.05,12303.2,6.18,0.216,False,False
BGW-004,5,2020-05-20,122,54.09,1156.1,93.6,4.26,3.41,73.7,0.784,0.421,76.2,0.644,27.1,12171.5,7.12,0.365,False,False
BGW-004,5,2020-05-21,123,53.92,1163.3,100.0,4.63,3.41,74.5,0.77,0.412,86.78,0.642,31.1,12655.4,7.82,0.433,False,False
BGW-004,5,2020-05-22,124,53.75,1170.3,100.0,4.58,3.4,74.3,0.771,0.411,85.57,0.632,31.45,12294.4,7.38,0.426,False,False
BGW-004,5,2020-05-23,125,53.59,1177.2,93.6,3.55,3.39,82.4,0.804,0.428,64.5,0.627,24.07,12035.7,6.4,0.249,False,False
BGW-004,5,2020-05-24,126,53.43,1184.0,96.4,3.33,3.39,78.7,0.809,0.429,62.47,0.636,22.73,12457.1,5.9,0.224,False,False
BGW-004,5,2020-05-25,127,53.27,1190.6,96.5,3.45,3.38,82.9,0.806,0.426,64.4,0.647,22.7,12168.6,6.23,0.237,False,False
BGW-004,5,2020-05-26,128,53.12,1197.1,94.2,3.93,3.37,82.5,0.788,0.415,69.93,0.642,25.03,12272.7,6.74,0.325,False,False
BGW-004,5,2020-05-27,129,52.97,1203.6,94.8,3.23,3.37,84.3,0.806,0.424,58.86,0.618,22.48,12105.4,6.2,0.228,False,False
BGW-004,5,2020-05-28,130,52.82,1209.9,92.7,3.87,3.36,79.2,0.789,0.413,67.36,0.682,21.4,12171.4,6.88,0.319,False,False
BGW-004,5,2020-05-29,131,52.68,1216.1,90.8,4.77,3.36,72.9,0.758,0.396,77.86,0.637,28.27,11802.7,7.5,0.478,True,False
BGW-004,5,2020-05-30,132,52.54,1222.1,92.5,3.5,3.35,74.2,0.799,0.416,61.26,0.646,21.66,12251.0,6.35,0.259,False,False
BGW-004,5,2020-05-31,133,52.4,1228.1,92.4,3.33,3.34,82.7,0.803,0.417,58.37,0.663,19.68,12216.7,6.22,0.234,False,False
BGW-004,5,2020-06-01,134,52.27,1234.0,92.8,3.79,3.34,82.0,0.788,0.408,65.28,0.663,22.01,12258.0,6.59,0.315,False,False
BGW-004,5,2020-06-02,135,52.14,1239.7,91.6,3.79,3.33,73.2,0.787,0.407,64.15,0.699,19.31,12276.6,6.77,0.316,False,False
BGW-004,5,2020-06-03,136,52.01,1245.3,94.8,3.32,3.33,82.1,0.801,0.413,59.11,0.682,18.81,12191.6,6.11,0.238,False,False
BGW-004,5,2020-06-04,137,51.89,1250.9,95.7,3.24,3.32,73.8,0.801,0.412,57.97,0.669,19.18,12123.2,5.57,0.239,False,False
BGW-004,5,2020-06-05,138,51.77,1256.3,96.6,3.46,3.32,72.5,0.795,0.408,61.98,0.699,18.68,12444.1,6.54,0.265,False,False
BGW-004,5,2020-06-06,139,51.65,1261.6,94.2,4.38,3.31,79.4,0.764,0.391,73.33,0.703,21.8,11973.5,7.06,0.429,False,False
BGW-004,5,2020-06-07,140,51.54,1266.8,95.4,3.19,3.31,81.5,0.799,0.408,56.36,0.677,18.23,12323.0,5.92,0.242,False,False
BGW-004,6,2020-06-26,1,179.14,46.6,97.8,6.13,5.32,82.5,0.873,0.795,216.32,0.131,188.01,11945.7,9.15,0.141,False,False
BGW-004,6,2020-06-27,2,175.89,49.6,100.0,6.5,5.31,81.6,0.86,0.782,231.07,0.156,194.91,12084.7,9.3,0.208,False,False
BGW-004,6,2020-06-28,3,172.72,52.6,100.0,5.04,5.3,89.9,0.9,0.817,187.07,0.163,156.63,12007.7,7.95,0.0,False,False
BGW-004,6,2020-06-29,4,169.63,55.9,100.0,5.3,5.29,92.1,0.9,0.816,196.59,0.149,167.29,12195.8,8.44,0.002,False,False
BGW-004,6,2020-06-30,5,166.61,59.2,97.8,5.49,5.28,91.8,0.893,0.809,197.68,0.197,158.71,12121.0,8.76,0.038,False,False
BGW-004,6,2020-07-01,6,163.67,62.8,96.7,6.5,5.27,89.6,0.859,0.778,222.05,0.186,180.74,11976.4,9.32,0.216,False,False
BGW-004,6,2020-07-02,7,160.8,66.5,100.0,5.17,5.25,82.0,0.9,0.814,191.17,0.175,157.71,12275.1,8.3,0.0,False,False
BGW-004,6,2020-07-03,8,158.0,70.4,98.1,5.02,5.24,82.9,0.9,0.813,181.73,0.215,142.61,11778.3,8.0,0.0,False,False
BGW-004,6,2020-07-04,9,155.27,74.5,100.0,5.43,5.23,81.0,0.893,0.806,198.87,0.207,157.69,12072.0,8.31,0.036,False,False
BGW-004,6,2020-07-05,10,152.61,78.7,100.0,6.5,5.22,89.9,0.857,0.772,228.02,0.195,183.49,12193.5,9.57,0.225,False,False
BGW-004,6,2020-07-06,11,150.01,83.2,100.0,5.43,5.2,81.0,0.892,0.802,198.0,0.165,165.37,12175.6,8.39,0.04,False,False
BGW-004,6,2020-07-07,12,147.47,87.8,100.0,6.5,5.19,83.6,0.856,0.769,227.05,0.185,185.03,12113.4,9.61,0.229,False,False
BGW-004,6,2020-07-08,13,145.0,92.6,100.0,6.32,5.17,79.6,0.862,0.772,221.83,0.195,178.55,12337.5,9.5,0.201,False,False
BGW-004,6,2020-07-09,14,142.59,97.6,100.0,6.32,5.16,88.8,0.861,0.77,221.19,0.208,175.12,12081.9,9.04,0.203,False,False
BGW-004,6,2020-07-10,15,140.24,102.8,100.0,6.5,5.14,88.5,0.855,0.763,225.4,0.187,183.34,11946.3,9.12,0.237,False,False
BGW-004,6,2020-07-11,16,137.94,108.2,100.0,6.23,5.13,88.1,0.863,0.769,217.8,0.21,172.01,11909.9,9.56,0.193,False,False
BGW-004,6,2020-07-12,17,135.7,113.9,100.0,5.16,5.11,82.8,0.899,0.799,187.13,0.249,140.46,12116.1,8.4,0.007,False,False
BGW-004,6,2020-07-13,18,133.52,119.7,100.0,6.5,5.1,78.2,0.853,0.757,223.42,0.222,173.71,12128.6,9.22,0.246,False,False
BGW-004,6,2020-07-14,19,131.39,125.7,95.1,5.98,5.08,86.4,0.87,0.77,199.09,0.225,154.33,11832.7,8.8,0.158,False,False
BGW-004,6,2020-07-15,20,129.32,132.0,100.0,4.82,5.06,84.7,0.9,0.794,173.88,0.236,132.86,11809.4,7.68,0.0,False,False
BGW-004,6,2020-07-16,21,127.29,138.4,100.0,5.06,5.04,83.7,0.9,0.792,181.93,0.22,141.83,12190.9,7.88,0.002,False,False
BGW-004,6,2020-07-17,22,125.31,145.1,100.0,4.99,5.03,86.5,0.9,0.79,179.01,0.236,136.69,12277.2,7.96,0.0,False,False
BGW-004,6,2020-07-18,23,123.39,152.0,100.0,6.5,5.01,78.6,0.85,0.744,219.87,0.26,162.66,12099.1,9.42,0.261,False,False
BGW-004,6,2020-07-19,24,121.51,159.1,97.5,5.17,4.99,86.6,0.894,0.78,178.73,0.239,136.01,12229.9,7.86,0.031,False,False
BGW-004,6,2020-07-20,25,119.67,166.4,100.0,5.14,4.97,87.0,0.894,0.778,181.8,0.234,139.34,12363.2,8.17,0.03,False,False
BGW-004,6,2020-07-21,26,117.88,173.9,100.0,6.28,4.95,88.5,0.856,0.742,211.79,0.256,157.53,12202.3,9.31,0.232,False,False
BGW-004,6,2020-07-22,27,116.14,181.7,99.3,4.83,4.93,91.3,0.9,0.778,169.78,0.287,121.03,12104.4,7.77,0.0,False,False
BGW-004,6,2020-07-23,28,114.44,189.6,100.0,6.2,4.91,83.3,0.857,0.738,207.93,0.296,146.42,12053.6,9.23,0.225,False,False
BGW-004,6,2020-07-24,29,112.78,197.8,100.0,6.33,4.89,85.8,0.852,0.731,210.28,0.279,151.64,12223.7,9.76,0.251,False,False
BGW-004,6,2020-07-25,30,111.16,206.2,100.0,5.56,4.87,90.8,0.877,0.75,189.42,0.303,131.95,11924.8,8.55,0.122,False,False
BGW-004,6,2020-07-26,31,109.58,214.7,98.8,4.79,4.85,93.2,0.9,0.767,164.87,0.27,120.27,12252.2,7.63,0.003,False,False
BGW-004,6,2020-07-27,32,108.04,223.5,97.8,4.64,4.83,84.8,0.9,0.764,157.34,0.298,110.52,11778.6,7.24,0.005,False,False
BGW-004,6,2020-07-28,33,106.53,232.5,100.0,4.91,4.81,92.7,0.897,0.758,169.1,0.299,118.46,12078.9,7.85,0.026,False,False
BGW-004,6,2020-07-29,34,105.07,241.7,98.9,4.57,4.79,91.3,0.9,0.757,155.71,0.324,105.25,12326.8,7.77,0.009,False,False
BGW-004,6,2020-07-30,35,103.64,251.1,98.3,4.9,4.76,93.3,0.896,0.75,164.19,0.302,114.52,12105.4,8.05,0.035,False,False
BGW-004,6,2020-07-31,36,102.24,260.7,100.0,5.67,4.74,89.0,0.869,0.725,186.85,0.327,125.84,12380.1,8.74,0.176,False,False
BGW-004,6,2020-08-01,37,100.88,270.5,100.0,6.5,4.72,80.4,0.841,0.698,206.23,0.274,149.67,12139.1,9.8,0.327,False,False
BGW-004,6,2020-08-02,38,99.56,280.5,100.0,4.58,4.7,91.7,0.9,0.744,154.95,0.301,108.32,12209.4,7.78,0.018,False,False
BGW-004,6,2020-08-03,39,98.26,290.6,99.7,4.78,4.68,91.4,0.896,0.737,159.78,0.331,106.97,12301.1,7.91,0.039,False,False
BGW-004,6,2020-08-04,40,97.0,300.9,98.9,4.5,4.65,91.3,0.9,0.737,148.99,0.298,104.65,11894.3,7.5,0.023,False,False
BGW-004,6,2020-08-05,41,95.77,311.4,100.0,4.71,4.63,83.0,0.897,0.731,156.38,0.358,100.36,12369.2,7.54,0.039,False,False
BGW-004,6,2020-08-06,42,94.57,322.1,97.4,4.42,4.61,81.5,0.9,0.729,142.76,0.325,96.35,12155.8,7.49,0.028,False,False
BGW-004,6,2020-08-07,43,93.4,332.9,99.5,4.43,4.59,92.9,0.9,0.726,145.37,0.334,96.86,12481.8,7.13,0.03,False,False
BGW-004,6,2020-08-08,44,92.25,343.9,100.0,4.74,4.56,87.1,0.894,0.717,154.55,0.326,104.17,12083.9,7.79,0.064,False,False
BGW-004,6,2020-08-09,45,91.14,355.0,100.0,4.6,4.54,93.9,0.898,0.716,149.66,0.324,101.12,12010.7,7.66,0.045,False,False
BGW-004,6,2020-08-10,46,90.05,366.2,100.0,4.3,4.52,85.8,0.9,0.714,139.49,0.367,88.37,12201.7,7.04,0.038,False,False
BGW-004,6,2020-08-11,47,88.99,377.6,100.0,4.5,4.5,81.7,0.9,0.71,145.25,0.365,92.2,12100.6,7.45,0.041,False,False
BGW-004,6,2020-08-12,48,87.96,389.2,95.8,5.28,4.47,79.7,0.873,0.685,157.26,0.331,105.22,12049.8,8.18,0.183,False,False
BGW-004,6,2020-08-13,49,86.95,400.8,100.0,4.59,4.45,81.0,0.895,0.698,145.64,0.353,94.22,12611.6,7.61,0.07,False,False
BGW-004,6,2020-08-14,50,85.96,412.6,99.4,5.91,4.43,79.3,0.849,0.658,175.64,0.376,109.55,11874.2,8.73,0.307,False,False
BGW-004,6,2020-08-15,51,85.0,424.4,100.0,5.87,4.41,79.4,0.848,0.654,174.41,0.378,108.43,12484.9,9.1,0.307,False,False
BGW-004,6,2020-08-16,52,84.06,436.4,95.4,5.09,4.39,89.7,0.872,0.668,147.56,0.416,86.15,11988.0,8.23,0.178,False,False
BGW-004,6,2020-08-17,53,83.15,448.5,100.0,4.5,4.36,91.8,0.89,0.677,138.69,0.363,88.39,12185.5,7.5,0.081,False,False
BGW-004,6,2020-08-18,54,82.26,460.6,95.1,5.71,4.34,85.1,0.847,0.641,158.31,0.387,97.05,11958.0,9.06,0.299,False,False
BGW-004,6,2020-08-19,55,81.39,472.9,97.1,4.17,4.32,82.0,0.891,0.671,123.51,0.416,72.14,12206.3,7.25,0.062,False,False
BGW-004,6,2020-08-20,56,80.54,485.2,99.6,4.26,4.3,84.9,0.89,0.665,128.38,0.452,70.35,12170.9,7.12,0.065,False,False
BGW-004,6,2020-08-21,57,79.72,497.5,100.0,4.99,4.28,90.4,0.865,0.643,145.64,0.414,85.4,12300.7,8.17,0.192,False,False
BGW-004,6,2020-08-22,58,78.91,510.0,99.4,4.38,4.26,82.2,0.883,0.652,128.93,0.411,75.96,12081.8,7.14,0.092,False,False
BGW-004,6,2020-08-23,59,78.12,522.5,100.0,4.24,4.23,81.2,0.886,0.65,125.19,0.382,77.4,12207.3,7.46,0.074,False,False
BGW-004,6,2020-08-24,60,77.36,535.0,96.5,5.96,4.21,78.9,0.826,0.602,157.36,0.424,90.65,12079.9,8.73,0.382,False,False
BGW-004,6,2020-08-25,61,76.61,547.5,98.8,5.04,4.19,84.7,0.855,0.619,139.99,0.396,84.57,12127.3,8.13,0.227,False,False
BGW-004,6,2020-08-26,62,75.88,560.1,97.6,4.27,4.17,89.5,0.878,0.632,119.6,0.44,67.01,12114.8,6.76,0.098,False,False
BGW-004,6,2020-08-27,63,75.16,572.7,100.0,4.03,4.15,91.5,0.88,0.629,115.17,0.433,65.25,12435.6,6.78,0.085,False,False
BGW-004,6,2020-08-28,64,74.47,585.4,98.5,4.1,4.13,85.2,0.878,0.624,114.6,0.447,63.38,12380.9,7.01,0.088,False,False
BGW-004,6,2020-08-29,65,73.79,598.0,97.0,4.13,4.11,80.9,0.876,0.619,112.75,0.436,63.61,12146.2,7.01,0.094,False,False
BGW-004,6,2020-08-30,66,73.13,610.6,98.6,4.16,4.09,80.7,0.873,0.613,114.2,0.458,61.92,12179.8,6.93,0.105,False,False
BGW-004,6,2020-08-31,67,72.49,623.3,95.8,5.61,4.07,80.6,0.823,0.574,140.02,0.46,75.66,12610.2,8.89,0.364,False,False
BGW-004,6,2020-09-01,68,71.86,635.9,100.0,5.82,4.05,83.2,0.814,0.564,149.19,0.479,77.7,12261.9,8.91,0.409,False,False
BGW-004,6,2020-09-02,69,71.24,648.5,96.7,4.07,4.04,90.7,0.87,0.599,107.05,0.467,57.07,12067.7,6.75,0.108,False,False
BGW-004,6,2020-09-03,70,70.65,661.1,99.5,4.09,4.02,84.5,0.867,0.593,109.72,0.467,58.46,12235.3,7.05,0.117,False,False
BGW-004,6,2020-09-04,71,70.06,673.6,98.6,5.41,4.0,74.4,0.821,0.558,135.43,0.459,73.23,12602.3,8.64,0.355,False,False
BGW-004,6,2020-09-05,72,69.49,686.1,100.0,3.84,3.98,90.1,0.867,0.585,102.19,0.491,52.01,12339.0,6.91,0.11,False,False
BGW-004,6,2020-09-06,73,68.94,698.6,100.0,4.85,3.96,75.7,0.836,0.561,123.64,0.507,60.97,12427.0,7.91,0.269,False,False
BGW-004,6,2020-09-07,74,68.4,711.0,97.7,3.97,3.94,78.0,0.863,0.576,101.43,0.498,50.95,11873.8,6.77,0.12,False,False
BGW-004,6,2020-09-08,75,67.87,723.3,99.7,3.96,3.93,84.9,0.861,0.571,102.49,0.453,56.04,12473.1,7.05,0.125,False,False
BGW-004,6,2020-09-09,76,67.35,735.6,96.7,3.89,3.91,86.8,0.861,0.567,96.91,0.496,48.82,12293.7,7.05,0.122,False,False
BGW-004,6,2020-09-10,77,66.85,747.9,100.0,4.06,3.89,87.7,0.854,0.559,103.21,0.513,50.22,12495.1,7.03,0.154,False,False
BGW-004,6,2020-09-11,78,66.36,760.1,99.2,4.03,3.88,80.6,0.853,0.555,100.98,0.494,51.1,12306.9,6.84,0.155,False,False
BGW-004,6,2020-09-12,79,65.88,772.2,99.1,3.96,3.86,80.3,0.853,0.552,98.49,0.497,49.5,12303.6,7.05,0.148,False,False
BGW-004,6,2020-09-13,80,65.41,784.2,97.5,3.85,3.84,81.4,0.855,0.55,93.79,0.535,43.62,12218.4,6.67,0.133,False,False
BGW-004,6,2020-09-14,81,64.96,796.1,95.5,5.27,3.83,75.6,0.806,0.515,117.84,0.502,58.63,12044.8,8.14,0.387,False,False
BGW-004,6,2020-09-15,82,64.51,808.0,98.7,3.64,3.81,86.9,0.852,0.542,88.52,0.518,42.68,12027.0,6.41,0.138,False,False
BGW-004,6,2020-09-16,83,64.08,819.7,100.0,5.21,3.8,73.4,0.804,0.508,120.29,0.512,58.75,12575.8,8.16,0.388,False,False
BGW-004,6,2020-09-17,84,63.66,831.4,100.0,4.06,3.78,87.6,0.84,0.528,97.45,0.542,44.64,12548.7,7.21,0.192,False,False
BGW-004,6,2020-09-18,85,63.25,843.0,95.1,3.83,3.77,80.1,0.846,0.529,87.59,0.57,37.66,12314.0,6.88,0.157,False,False
BGW-004,6,2020-09-19,86,62.85,854.4,96.2,3.77,3.75,84.9,0.847,0.526,86.62,0.541,39.77,11941.3,6.47,0.151,False,False
BGW-004,6,2020-09-20,87,62.45,865.8,95.8,3.69,3.74,77.1,0.846,0.522,83.87,0.547,37.98,12222.8,6.31,0.151,False,False
BGW-004,6,2020-09-21,88,62.07,877.0,94.6,3.59,3.73,82.7,0.844,0.519,80.05,0.52,38.44,12125.9,6.63,0.154,False,False
BGW-004,6,2020-09-22,89,61.7,888.2,100.0,4.57,3.71,79.0,0.815,0.498,103.31,0.591,42.29,12444.3,7.57,0.306,False,False
BGW-004,6,2020-09-23,90,61.33,899.2,95.2,3.61,3.7,75.8,0.842,0.511,79.97,0.535,37.21,12208.8,6.39,0.159,False,False
BGW-004,6,2020-09-24,91,60.98,910.1,100.0,4.94,3.69,83.4,0.799,0.483,108.3,0.557,47.96,12351.5,8.05,0.38,False,False
BGW-004,6,2020-09-25,92,60.63,920.9,97.4,3.61,3.67,83.3,0.839,0.505,80.68,0.55,36.29,12223.0,6.56,0.164,False,False
BGW-004,6,2020-09-26,93,60.3,931.6,97.6,3.79,3.66,77.8,0.834,0.499,83.88,0.542,38.39,12126.3,6.82,0.189,False,False
BGW-004,6,2020-09-27,94,59.97,942.1,95.2,3.55,3.65,86.3,0.837,0.498,76.43,0.558,33.74,12435.3,6.53,0.169,False,False
BGW-004,6,2020-09-28,95,59.65,952.6,96.8,3.51,3.64,84.8,0.836,0.495,76.47,0.592,31.23,12180.3,6.48,0.171,False,False
BGW-004,6,2020-09-29,96,59.33,962.9,100.0,4.67,3.62,76.6,0.799,0.471,99.97,0.591,40.9,12338.1,7.66,0.357,False,False
BGW-004,6,2020-09-30,97,59.03,973.1,93.3,5.08,3.61,82.1,0.784,0.46,98.99,0.585,41.08,12190.5,7.97,0.433,False,False
BGW-004,6,2020-10-01,98,58.73,983.1,94.2,3.48,3.6,82.1,0.832,0.485,72.22,0.628,26.84,12030.5,6.36,0.178,False,False
BGW-004,6,2020-10-02,99,58.44,993.0,96.5,4.36,3.59,80.5,0.805,0.467,89.41,0.588,36.83,12298.7,7.34,0.316,False,False
BGW-004,6,2020-10-03,100,58.15,1002.8,100.0,4.04,3.58,80.5,0.814,0.47,86.45,0.603,34.3,12420.8,7.28,0.264,False,False
BGW-004,6,2020-10-04,101,57.88,1012.5,96.4,3.67,3.57,82.2,0.825,0.474,76.36,0.596,30.82,12133.1,6.47,0.203,False,False
BGW-004,6,2020-10-05,102,57.61,1022.0,92.0,4.92,3.56,79.4,0.782,0.448,92.03,0.566,39.97,12119.0,7.52,0.425,False,False
BGW-004,6,2020-10-06,103,57.34,1031.4,98.2,3.38,3.55,75.9,0.826,0.471,71.12,0.615,27.39,12382.2,6.23,0.189,False,False
BGW-004,6,2020-10-07,104,57.09,1040.6,92.3,4.77,3.54,77.2,0.784,0.445,88.93,0.611,34.59,11860.1,7.58,0.407,False,False
BGW-004,6,2020-10-08,105,56.84,1049.8,97.7,3.4,3.53,79.8,0.824,0.466,70.29,0.617,26.96,12288.6,6.19,0.193,False,False
BGW-004,6,2020-10-09,106,56.59,1058.8,100.0,3.83,3.52,77.9,0.813,0.457,79.48,0.625,29.8,12407.2,6.83,0.249,False,False
BGW-004,6,2020-10-10,107,56.35,1067.6,94.5,3.5,3.51,84.2,0.822,0.46,69.21,0.617,26.52,12213.2,6.51,0.197,False,False
BGW-004,6,2020-10-11,108,56.12,1076.4,96.5,3.61,3.5,84.4,0.817,0.456,72.13,0.634,26.42,12306.9,6.74,0.218,False,False
BGW-004,6,2020-10-12,109,55.9,1084.9,94.7,3.66,3.49,73.5,0.814,0.452,71.23,0.654,24.65,12129.8,6.54,0.231,False,False
BGW-004,6,2020-10-13,110,55.67,1093.4,94.3,4.8,3.48,79.0,0.775,0.429,88.25,0.584,36.68,12117.3,7.6,0.435,False,False
BGW-004,6,2020-10-14,111,55.46,1101.7,94.8,3.47,3.47,80.0,0.818,0.451,67.3,0.664,22.61,12319.4,6.41,0.205,False,False
BGW-004,6,2020-10-15,112,55.25,1109.9,97.3,3.59,3.46,77.0,0.813,0.446,70.86,0.663,23.87,12081.3,6.58,0.229,False,False
BGW-004,6,2020-10-16,113,55.04,1118.0,100.0,4.81,3.45,70.2,0.771,0.422,92.24,0.665,30.93,12082.9,7.73,0.447,False,False
BGW-004,6,2020-10-17,114,54.84,1125.9,100.0,4.34,3.45,71.5,0.785,0.428,84.46,0.662,28.52,12363.4,7.41,0.368,False,False
BGW-004,6,2020-10-18,115,54.65,1133.7,97.4,3.6,3.44,77.0,0.809,0.439,69.92,0.68,22.35,12540.8,6.31,0.24,False,False
BGW-004,6,2020-10-19,116,54.46,1141.4,100.0,4.05,3.43,75.9,0.793,0.429,79.0,0.686,24.83,12295.2,6.93,0.323,False,False
BGW-004,6,2020-10-20,117,54.27,1148.9,98.1,3.34,3.42,81.2,0.813,0.438,65.26,0.705,19.26,12479.3,6.11,0.216,False,False
BGW-004,6,2020-10-21,118,54.09,1156.3,93.1,3.42,3.41,81.5,0.811,0.436,63.16,0.705,18.62,12299.9,6.55,0.219,False,False
BGW-004,6,2020-10-22,119,53.91,1163.6,93.2,3.53,3.41,80.2,0.807,0.432,64.62,0.665,21.65,12508.6,6.49,0.241,False,False
BGW-004,6,2020-10-23,120,53.74,1170.7,99.1,4.89,3.4,77.5,0.76,0.406,89.34,0.693,27.39,12444.6,8.14,0.481,True,False
BGW-004,7,2020-11-07,1,171.76,53.6,100.0,5.88,5.3,88.7,0.881,0.8,213.62,0.165,178.42,12084.6,8.65,0.102,False,False
BGW-004,7,2020-11-08,2,168.55,57.0,100.0,6.5,5.28,77.7,0.859,0.78,230.31,0.12,202.78,12185.5,9.39,0.213,False,False
BGW-004,7,2020-11-09,3,165.42,60.7,99.9,6.5,5.27,89.8,0.859,0.778,229.7,0.193,185.27,12101.4,9.6,0.215,False,False
BGW-004,7,2020-11-10,4,162.38,64.4,97.9,5.16,5.26,92.7,0.9,0.814,186.98,0.158,157.48,11704.0,7.96,0.0,False,False
BGW-004,7,2020-11-11,5,159.41,68.4,100.0,5.66,5.25,81.8,0.886,0.801,205.9,0.166,171.71,11896.2,8.52,0.071,False,False
BGW-004,7,2020-11-12,6,156.52,72.6,100.0,6.5,5.24,87.4,0.858,0.774,228.68,0.195,184.08,12235.3,9.48,0.221,False,False
BGW-004,7,2020-11-13,7,153.7,76.9,97.5,5.39,5.22,86.3,0.894,0.806,192.47,0.196,154.68,11953.7,8.45,0.029,False,False
BGW-004,7,2020-11-14,8,150.96,81.5,100.0,6.07,5.21,85.6,0.871,0.784,216.09,0.192,174.69,12067.9,9.23,0.15,False,False
BGW-004,7,2020-11-15,9,148.28,86.3,100.0,6.5,5.19,78.0,0.856,0.769,227.21,0.19,184.09,12093.3,9.65,0.229,False,False
BGW-004,7,2020-11-16,10,145.68,91.3,97.7,5.23,5.18,89.7,0.898,0.805,187.04,0.249,140.37,12160.9,8.32,0.01,False,False
BGW-004,7,2020-11-17,11,143.14,96.5,100.0,5.32,5.16,92.2,0.895,0.8,193.7,0.205,154.06,11876.8,8.34,0.028,False,False
BGW-004,7,2020-11-18,12,140.66,101.9,99.1,5.06,5.15,90.1,0.9,0.804,182.96,0.225,141.86,11834.4,8.11,0.0,False,False
BGW-004,7,2020-11-19,13,138.25,107.5,95.1,6.5,5.13,80.5,0.854,0.761,213.76,0.261,158.0,11896.2,9.67,0.24,False,False
BGW-004,7,2020-11-20,14,135.91,113.3,100.0,5.63,5.11,92.0,0.883,0.785,200.68,0.286,143.26,11824.4,8.55,0.089,False,False
BGW-004,7,2020-11-21,15,133.62,119.4,95.1,6.5,5.1,88.3,0.853,0.757,212.57,0.288,151.4,11771.7,9.52,0.246,False,False
BGW-004,7,2020-11-22,16,131.39,125.7,98.2,5.14,5.08,94.2,0.898,0.794,182.29,0.257,135.43,12049.2,8.24,0.011,False,False
BGW-004,7,2020-11-23,17,129.22,132.3,97.2,4.95,5.06,84.6,0.9,0.794,173.49,0.29,123.12,11998.2,8.01,0.0,False,False
BGW-004,7,2020-11-24,18,127.1,139.0,100.0,5.93,5.04,89.6,0.87,0.766,206.55,0.273,150.16,12388.4,9.22,0.156,False,False
BGW-004,7,2020-11-25,19,125.04,146.0,100.0,6.29,5.02,86.5,0.858,0.753,215.27,0.325,145.31,12134.8,9.68,0.222,False,False
BGW-004,7,2020-11-26,20,123.03,153.3,96.6,6.5,5.0,80.0,0.85,0.744,212.17,0.306,147.22,12113.4,9.58,0.262,False,False
BGW-004,7,2020-11-27,21,121.08,160.8,98.9,4.92,4.98,84.0,0.9,0.785,173.74,0.289,123.6,12154.8,7.86,0.0,False,False
BGW-004,7,2020-11-28,22,119.17,168.5,97.2,6.45,4.96,83.8,0.85,0.739,210.85,0.328,141.74,12340.6,9.71,0.261,False,True
BGW-004,7,2020-11-29,23,117.31,176.4,97.0,4.77,4.94,84.7,0.9,0.78,163.94,0.343,107.68,12100.0,7.71,0.0,False,False
BGW-004,7,2020-11-30,24,115.5,184.6,100.0,6.32,4.92,84.8,0.853,0.737,211.67,0.346,138.51,12306.9,9.39,0.245,False,False
BGW-004,7,2020-12-01,25,113.74,193.0,97.3,5.04,4.9,92.7,0.896,0.77,171.49,0.348,111.75,11939.3,7.87,0.023,False,False
BGW-004,7,2020-12-02,26,112.02,201.6,100.0,5.0,4.88,86.3,0.896,0.768,174.51,0.376,108.82,12252.6,8.11,0.022,False,False
BGW-004,7,2020-12-03,27,110.35,210.5,99.9,5.05,4.86,92.9,0.894,0.763,175.03,0.355,112.88,12127.7,8.06,0.036,False,False
BGW-004,7,2020-12-04,28,108.72,219.6,100.0,6.24,4.84,83.8,0.853,0.725,205.81,0.417,120.04,12278.1,9.35,0.251,False,False
BGW-004,7,2020-12-05,29,107.13,228.9,100.0,5.06,4.82,91.0,0.892,0.755,173.73,0.427,99.49,12372.8,8.11,0.05,False,False
BGW-004,7,2020-12-06,30,105.58,238.5,100.0,4.69,4.79,84.3,0.9,0.759,161.73,0.362,103.11,11969.2,7.46,0.009,False,False
BGW-004,7,2020-12-07,31,104.07,248.2,98.7,5.02,4.77,89.1,0.892,0.748,168.42,0.412,98.98,12383.5,8.06,0.055,False,False
BGW-004,7,2020-12-08,32,102.6,258.2,100.0,4.78,4.75,85.2,0.899,0.751,163.03,0.408,96.47,12212.0,7.81,0.018,False,False
BGW-004,7,2020-12-09,33,101.17,268.4,98.9,4.76,4.72,83.3,0.899,0.747,159.93,0.431,90.95,12303.7,7.89,0.022,False,False
BGW-004,7,2020-12-10,34,99.78,278.8,100.0,5.87,4.7,79.4,0.861,0.712,189.98,0.429,108.52,12304.5,9.29,0.222,False,False
BGW-004,7,2020-12-11,35,98.42,289.4,100.0,6.41,4.68,80.2,0.842,0.693,202.01,0.45,111.03,12370.4,9.82,0.324,False,False
BGW-004,7,2020-12-12,36,97.09,300.1,97.4,4.86,4.66,84.0,0.893,0.731,157.4,0.427,90.25,12365.8,7.72,0.059,False,False
BGW-004,7,2020-12-13,37,95.8,311.1,98.5,4.78,4.63,93.4,0.895,0.729,155.89,0.436,87.93,12152.1,7.64,0.05,False,False
BGW-004,7,2020-12-14,38,94.55,322.3,98.3,4.74,4.61,93.5,0.896,0.726,153.59,0.447,84.87,12143.0,8.05,0.05,False,False
BGW-004,7,2020-12-15,39,93.32,333.6,100.0,6.18,4.59,83.3,0.847,0.682,191.63,0.519,92.14,12308.5,9.59,0.309,False,False
BGW-004,7,2020-12-16,40,92.13,345.1,95.4,6.48,4.56,82.1,0.836,0.67,188.24,0.48,97.93,11958.8,9.62,0.369,False,False
BGW-004,7,2020-12-17,41,90.97,356.7,98.6,4.54,4.54,93.4,0.9,0.717,145.92,0.48,75.89,12450.5,7.76,0.036,False,False
BGW-004,7,2020-12-18,42,89.83,368.5,100.0,4.94,4.51,84.3,0.886,0.702,157.52,0.5,78.81,12174.8,7.69,0.112,False,False
BGW-004,7,2020-12-19,43,88.73,380.5,98.3,4.63,4.49,88.5,0.895,0.705,145.94,0.493,74.06,12431.8,7.67,0.066,False,False
BGW-004,7,2020-12-20,44,87.65,392.6,100.0,4.41,4.47,87.3,0.9,0.705,141.28,0.536,65.5,12370.6,7.58,0.044,False,False
BGW-004,7,2020-12-21,45,86.61,404.8,100.0,6.23,4.44,80.2,0.84,0.654,184.98,0.542,84.65,12227.7,9.21,0.358,False,False
BGW-004,7,2020-12-22,46,85.59,417.2,100.0,4.54,4.42,83.0,0.894,0.692,142.59,0.524,67.82,12210.5,7.29,0.07,False,False
BGW-004,7,2020-12-23,47,84.59,429.6,100.0,4.33,4.4,82.5,0.897,0.689,135.67,0.525,64.42,12160.7,7.11,0.052,False,False
BGW-004,7,2020-12-24,48,83.62,442.2,99.2,4.22,4.38,85.9,0.895,0.684,129.91,0.56,57.19,12327.2,7.17,0.055,False,False
BGW-004,7,2020-12-25,49,82.68,454.9,97.6,4.41,4.35,91.1,0.892,0.677,132.44,0.556,58.74,11862.6,7.44,0.069,False,False
BGW-004,7,2020-12-26,50,81.76,467.6,97.8,4.33,4.33,89.3,0.892,0.673,129.47,0.586,53.57,11972.9,7.3,0.061,False,False
BGW-004,7,2020-12-27,51,80.86,480.5,100.0,5.43,4.31,76.9,0.853,0.639,157.89,0.617,60.47,12186.2,8.64,0.261,False,False
BGW-004,7,2020-12-28,52,79.99,493.4,98.0,4.21,4.28,93.3,0.889,0.662,124.26,0.603,49.33,12113.8,7.27,0.067,False,False
BGW-004,7,2020-12-29,53,79.14,506.4,96.6,5.3,4.26,83.9,0.853,0.631,146.85,0.583,61.22,12309.4,8.46,0.251,False,False
BGW-004,7,2020-12-30,54,78.31,519.4,100.0,4.23,4.24,82.9,0.886,0.651,125.16,0.587,51.73,12053.9,6.87,0.073,False,False
BGW-004,7,2020-12-31,55,77.5,532.5,100.0,4.64,4.22,83.7,0.87,0.635,134.07,0.601,53.55,12153.6,7.57,0.15,False,False
BGW-004,7,2021-01-01,56,76.72,545.7,100.0,4.27,4.2,82.5,0.881,0.639,123.83,0.622,46.82,12400.2,6.95,0.091,False,False
BGW-004,7,2021-01-02,57,75.95,558.8,100.0,5.52,4.17,84.2,0.837,0.603,151.1,0.63,55.93,12245.9,8.43,0.316,False,False
BGW-004,7,2021-01-03,58,75.21,572.0,97.2,5.73,4.15,85.6,0.827,0.592,149.97,0.666,50.05,12315.7,8.81,0.361,False,False
BGW-004,7,2021-01-04,59,74.48,585.2,100.0,5.58,4.13,81.0,0.83,0.59,149.59,0.639,54.05,12260.3,8.75,0.34,False,False
BGW-004,7,2021-01-05,60,73.77,598.4,100.0,4.08,4.11,79.6,0.877,0.619,114.93,0.643,41.03,12123.8,7.14,0.091,False,False
BGW-004,7,2021-01-06,61,73.08,611.7,100.0,5.26,4.09,78.6,0.836,0.587,140.34,0.68,44.85,12544.7,8.59,0.299,False,False
BGW-004,7,2021-01-07,62,72.41,624.9,97.5,4.62,4.07,81.4,0.855,0.596,122.08,0.65,42.75,12160.6,7.47,0.193,False,False
BGW-004,7,2021-01-08,63,71.75,638.1,97.7,4.01,4.05,87.8,0.872,0.604,107.43,0.646,38.04,12292.8,6.78,0.1,False,False
BGW-004,7,2021-01-09,64,71.11,651.2,98.5,4.2,4.03,83.4,0.865,0.595,111.96,0.677,36.11,12085.3,7.17,0.133,False,False
BGW-004,7,2021-01-10,65,70.49,664.4,97.6,4.13,4.01,77.9,0.865,0.591,108.32,0.688,33.83,12389.5,7.26,0.127,False,False
BGW-005,1,2019-10-11,1,158.88,179.3,100.0,5.07,4.94,83.3,0.895,0.775,178.63,0.144,152.87,12003.7,7.95,0.024,False,False
BGW-005,1,2019-10-12,2,155.32,192.9,100.0,5.07,4.9,93.3,0.894,0.769,177.29,0.139,152.63,12082.8,7.99,0.029,False,False
BGW-005,1,2019-10-13,3,151.88,207.3,100.0,6.06,4.87,80.3,0.86,0.735,202.62,0.193,163.51,12370.9,9.22,0.211,False,False
BGW-005,1,2019-10-14,4,148.54,222.4,100.0,4.72,4.83,83.9,0.9,0.764,163.92,0.147,139.83,12451.4,8.07,0.005,False,False
BGW-005,1,2019-10-15,5,145.32,238.5,98.0,4.93,4.79,93.1,0.896,0.755,165.58,0.118,146.05,12578.0,8.25,0.032,False,False
BGW-005,1,2019-10-16,6,142.19,255.3,98.0,4.86,4.75,92.6,0.896,0.75,162.3,0.182,132.72,12094.8,7.85,0.031,False,False
BGW-005,1,2019-10-17,7,139.17,273.0,99.8,4.67,4.71,85.6,0.9,0.746,158.03,0.162,132.46,12193.2,7.51,0.017,False,False
BGW-005,1,2019-10-18,8,136.24,291.6,98.5,4.85,4.67,80.9,0.894,0.735,159.66,0.184,130.36,12149.2,7.89,0.052,False,False
BGW-005,1,2019-10-19,9,133.4,311.1,99.4,4.55,4.63,88.9,0.9,0.733,150.73,0.181,123.41,12289.7,7.6,0.025,False,False
BGW-005,1,2019-10-20,10,130.66,331.5,100.0,5.24,4.59,82.6,0.878,0.709,168.7,0.204,134.34,12117.1,7.9,0.144,False,False
BGW-005,1,2019-10-21,11,128.0,352.9,98.6,4.72,4.55,93.5,0.894,0.714,151.11,0.157,127.37,12383.0,7.73,0.066,False,False
BGW-005,1,2019-10-22,12,125.43,375.1,100.0,4.94,4.5,80.3,0.885,0.699,157.06,0.224,121.86,12210.6,7.84,0.117,False,False
BGW-005,1,2019-10-23,13,122.95,398.2,95.6,5.33,4.46,88.3,0.871,0.68,157.55,0.218,123.23,12107.0,8.39,0.198,False,False
BGW-005,1,2019-10-24,14,120.54,422.3,98.0,4.63,4.41,91.2,0.89,0.687,141.73,0.185,115.56,12224.2,7.39,0.089,False,False
BGW-005,1,2019-10-25,15,118.21,447.3,100.0,4.33,4.37,88.3,0.894,0.682,134.27,0.251,100.55,12673.3,7.52,0.056,False,False
BGW-005,1,2019-10-26,16,115.95,473.2,100.0,4.87,4.32,89.7,0.873,0.657,145.47,0.203,116.0,12316.9,7.53,0.159,False,False
BGW-005,1,2019-10-27,17,113.76,500.0,100.0,4.23,4.27,81.9,0.888,0.659,126.74,0.231,97.52,12255.4,7.18,0.068,False,False
BGW-005,1,2019-10-28,18,111.65,527.8,99.8,4.21,4.23,89.2,0.885,0.648,123.58,0.251,92.58,12213.1,7.08,0.074,False,False
BGW-005,1,2019-10-29,19,109.6,556.4,100.0,5.0,4.18,77.9,0.855,0.616,139.95,0.206,111.07,12348.7,7.74,0.224,False,False
BGW-005,1,2019-10-30,20,107.62,585.9,100.0,4.02,4.13,82.9,0.878,0.624,113.99,0.266,83.72,12339.3,6.68,0.088,False,False
BGW-005,1,2019-10-31,21,105.7,616.3,94.4,5.62,4.08,80.8,0.823,0.576,139.01,0.233,106.67,12345.9,8.84,0.364,False,False
BGW-005,1,2019-11-01,22,103.85,647.5,100.0,5.48,4.04,85.2,0.823,0.567,141.29,0.261,104.46,12207.8,8.78,0.355,False,False
BGW-005,1,2019-11-02,23,102.05,679.5,96.7,4.16,3.99,83.8,0.862,0.584,106.84,0.243,80.89,12136.8,6.94,0.139,False,False
BGW-005,1,2019-11-03,24,100.31,712.3,100.0,3.93,3.94,86.8,0.864,0.576,102.97,0.277,74.46,12323.9,6.87,0.116,False,False
BGW-005,1,2019-11-04,25,98.63,745.9,96.0,4.43,3.9,87.7,0.842,0.552,106.6,0.279,76.86,12104.9,7.27,0.217,False,False
BGW-005,1,2019-11-05,26,96.99,780.3,100.0,3.85,3.85,79.4,0.856,0.551,96.46,0.271,70.31,12324.9,6.78,0.132,False,False
BGW-005,1,2019-11-06,27,95.42,815.3,100.0,5.4,3.8,80.6,0.798,0.506,124.13,0.271,90.48,12087.1,8.47,0.42,False,False
BGW-005,1,2019-11-07,28,93.89,851.1,98.2,3.72,3.76,80.7,0.847,0.527,87.5,0.308,60.57,12190.6,6.72,0.148,False,False
BGW-005,1,2019-11-08,29,92.41,887.5,98.2,4.52,3.71,84.7,0.816,0.499,100.56,0.279,72.49,12254.6,7.38,0.297,False,False
BGW-005,1,2019-11-09,30,90.98,924.5,99.5,4.19,3.67,75.4,0.822,0.493,93.34,0.277,67.48,12396.6,7.14,0.255,False,False
BGW-005,1,2019-11-10,31,89.59,962.1,95.2,3.45,3.62,84.2,0.834,0.492,73.36,0.321,49.78,12399.1,6.42,0.173,False,False
BGW-005,1,2019-11-11,32,88.25,1000.2,100.0,5.14,3.58,71.1,0.778,0.45,105.16,0.308,72.73,12527.3,8.47,0.455,True,False
BGW-005,1,2019-11-12,33,86.96,1038.9,100.0,4.81,3.54,76.4,0.783,0.445,97.18,0.307,67.35,12351.5,7.77,0.413,False,False
BGW-005,1,2019-11-13,34,85.7,1078.0,99.3,4.95,3.5,73.1,0.772,0.43,96.16,0.314,66.0,12237.3,7.82,0.454,True,False
BGW-005,1,2019-11-14,35,84.48,1117.5,100.0,4.9,3.45,76.1,0.768,0.42,93.54,0.331,62.59,12613.0,7.86,0.461,True,False
BGW-005,1,2019-11-15,36,83.3,1157.4,100.0,4.62,3.41,73.2,0.771,0.414,86.98,0.306,60.39,12480.7,7.49,0.429,False,False
BGW-005,1,2019-11-16,37,82.17,1197.7,96.3,3.28,3.37,76.1,0.807,0.425,60.96,0.318,41.55,12397.4,6.12,0.227,False,False
BGW-005,1,2019-11-17,38,81.06,1238.2,92.3,3.92,3.33,79.8,0.783,0.405,66.54,0.36,42.58,12390.5,6.56,0.339,False,False
BGW-005,1,2019-11-18,39,79.99,1279.1,91.5,4.02,3.3,71.0,0.773,0.392,65.61,0.331,43.9,12431.0,7.14,0.372,False,False
BGW-005,1,2019-11-19,40,78.96,1320.1,96.9,3.29,3.26,76.0,0.792,0.394,57.14,0.325,38.54,12365.6,6.13,0.26,False,False
BGW-005,1,2019-11-20,41,77.96,1361.4,96.2,3.28,3.22,81.7,0.786,0.384,55.1,0.36,35.25,12386.3,6.35,0.274,False,False
BGW-005,1,2019-11-21,42,76.99,1402.7,92.5,3.34,3.19,80.7,0.778,0.373,52.35,0.355,33.74,12146.9,6.22,0.3,False,False
BGW-005,1,2019-11-22,43,76.05,1444.2,90.3,3.99,3.15,77.9,0.75,0.354,57.91,0.363,36.91,12097.3,6.81,0.43,False,False
BGW-005,1,2019-11-23,44,75.15,1485.8,94.1,3.13,3.12,75.5,0.773,0.358,47.85,0.369,30.19,12258.1,5.7,0.294,False,False
BGW-005,1,2019-11-24,45,74.27,1527.3,90.8,2.99,3.08,74.2,0.768,0.349,43.04,0.363,27.41,12246.2,5.55,0.302,False,False
BGW-005,1,2019-11-25,46,73.42,1568.9,98.4,3.69,3.05,74.9,0.742,0.332,54.66,0.371,34.37,12385.0,6.46,0.422,False,False
BGW-005,1,2019-11-26,47,72.59,1610.4,93.0,4.32,3.02,68.5,0.715,0.314,57.35,0.324,38.75,12321.2,7.19,0.549,True,False
BGW-005,1,2019-11-27,48,71.8,1651.8,94.5,3.13,2.99,74.2,0.749,0.323,43.45,0.38,26.94,12170.8,6.01,0.355,False,False
BGW-005,1,2019-11-28,49,71.03,1693.1,91.6,3.07,2.96,71.2,0.745,0.316,40.37,0.373,25.31,12149.5,5.7,0.359,False,False
BGW-005,1,2019-11-29,50,70.28,1734.2,90.3,2.82,2.93,73.0,0.744,0.31,35.85,0.367,22.69,12140.1,5.59,0.349,False,False
BGW-005,1,2019-11-30,51,69.56,1775.1,89.9,2.86,2.9,73.8,0.74,0.303,35.45,0.41,20.93,12271.4,5.89,0.358,False,False
BGW-005,1,2019-12-01,52,68.86,1815.9,96.0,4.1,2.87,66.1,0.694,0.28,49.97,0.414,29.3,12234.5,7.11,0.582,True,False
BGW-005,1,2019-12-02,53,68.18,1856.3,92.0,2.9,2.84,69.0,0.728,0.289,35.02,0.393,21.25,12536.8,5.77,0.387,False,False
BGW-005,1,2019-12-03,54,67.52,1896.5,93.3,2.75,2.82,71.1,0.725,0.283,33.0,0.378,20.52,12240.5,5.64,0.386,False,False
BGW-005,1,2019-12-04,55,66.89,1936.4,90.0,3.13,2.79,74.4,0.71,0.273,34.87,0.388,21.35,12033.3,5.87,0.453,True,False
BGW-005,1,2019-12-05,56,66.27,1976.0,96.3,3.0,2.76,66.7,0.708,0.268,35.16,0.392,21.39,12234.7,6.11,0.444,False,False
BGW-005,1,2019-12-06,57,65.68,2015.2,86.1,3.03,2.74,66.7,0.702,0.262,31.06,0.449,17.12,11866.3,5.65,0.464,True,False
BGW-005,1,2019-12-07,58,65.1,2054.0,95.7,3.29,2.72,69.6,0.688,0.253,36.15,0.43,20.62,12401.2,6.08,0.521,True,False
BGW-005,1,2019-12-08,59,64.55,2092.4,95.8,3.6,2.69,68.5,0.672,0.243,38.16,0.41,22.52,12378.9,6.66,0.589,True,False
BGW-005,1,2019-12-09,60,64.01,2130.4,86.7,2.55,2.67,67.5,0.698,0.249,24.99,0.444,13.89,11896.5,5.16,0.439,False,False
BGW-005,1,2019-12-10,61,63.49,2168.0,89.6,2.74,2.65,63.6,0.691,0.243,27.11,0.458,14.7,12249.3,5.56,0.463,True,False
BGW-005,1,2019-12-11,62,62.98,2205.1,87.2,2.87,2.63,65.3,0.682,0.237,26.87,0.426,15.42,12002.2,5.53,0.497,True,False
BGW-005,1,2019-12-12,63,62.49,2241.7,94.9,2.85,2.61,64.1,0.677,0.232,28.48,0.429,16.26,12443.8,5.66,0.506,True,False
BGW-005,1,2019-12-13,64,62.02,2277.9,84.6,3.67,2.59,58.3,0.645,0.218,30.76,0.433,17.43,11926.3,6.39,0.662,True,False
BGW-005,1,2019-12-14,65,61.56,2313.5,92.4,3.6,2.57,59.4,0.642,0.214,32.38,0.447,17.9,12536.7,6.41,0.66,True,False
BGW-005,1,2019-12-15,66,61.12,2348.6,87.5,2.65,2.55,68.2,0.669,0.221,23.27,0.455,12.67,11762.9,5.29,0.506,True,False
BGW-005,1,2019-12-16,67,60.69,2383.2,88.9,2.49,2.53,67.7,0.669,0.218,21.93,0.46,11.83,11818.8,5.19,0.496,True,False
BGW-005,1,2019-12-17,68,60.27,2417.3,86.9,2.4,2.52,60.3,0.665,0.214,20.25,0.427,11.61,11764.8,4.94,0.5,True,False
BGW-005,1,2019-12-18,69,59.87,2450.8,94.7,3.18,2.5,60.2,0.638,0.203,27.8,0.468,14.78,12505.6,5.98,0.62,True,False
BGW-005,1,2019-12-19,70,59.48,2483.8,88.8,2.91,2.48,62.9,0.643,0.202,23.73,0.491,12.08,12271.2,5.79,0.575,True,False
BGW-005,1,2019-12-20,71,59.1,2516.2,88.1,3.04,2.47,63.9,0.634,0.197,24.01,0.474,12.63,12023.6,5.88,0.601,True,False
BGW-005,1,2019-12-21,72,58.74,2548.1,84.5,2.57,2.45,61.8,0.645,0.198,19.6,0.508,9.64,11942.2,5.22,0.521,True,False
BGW-005,1,2019-12-22,73,58.38,2579.3,84.1,2.38,2.44,61.3,0.646,0.197,17.86,0.462,9.62,11978.0,4.99,0.5,True,False
BGW-005,1,2019-12-23,74,58.04,2610.0,83.5,2.5,2.42,65.9,0.64,0.193,18.28,0.436,10.31,11692.5,5.09,0.514,True,False
BGW-005,1,2019-12-24,75,57.71,2640.2,84.9,3.43,2.41,57.5,0.605,0.18,23.86,0.505,11.82,12241.5,6.47,0.679,True,False
BGW-005,1,2019-12-25,76,57.39,2669.7,86.8,2.39,2.39,64.2,0.635,0.188,17.72,0.46,9.56,12037.9,5.05,0.5,True,False
BGW-005,1,2019-12-26,77,57.08,2698.7,85.8,2.34,2.38,58.8,0.632,0.185,16.86,0.516,8.16,12202.3,5.15,0.5,True,False
BGW-005,1,2019-12-27,78,56.78,2727.1,87.1,2.25,2.37,62.2,0.629,0.182,16.24,0.532,7.6,12051.2,4.66,0.5,True,False
BGW-005,1,2019-12-28,79,56.49,2755.0,83.8,2.37,2.36,59.4,0.625,0.179,16.2,0.488,8.29,11919.7,5.27,0.502,True,False
BGW-005,1,2019-12-29,80,56.21,2782.2,83.8,2.34,2.34,62.5,0.622,0.177,15.77,0.529,7.43,11828.6,5.2,0.5,True,False
BGW-005,1,2019-12-30,81,55.94,2808.9,85.8,2.36,2.33,58.1,0.618,0.174,16.02,0.528,7.56,12334.4,5.18,0.504,True,False
BGW-005,1,2019-12-31,82,55.67,2835.1,84.2,2.86,2.32,53.9,0.598,0.167,18.3,0.532,8.56,11741.8,5.18,0.593,True,False
BGW-005,1,2020-01-01,83,55.42,2860.6,80.6,2.99,2.31,58.4,0.59,0.164,17.93,0.524,8.53,11859.7,5.93,0.618,True,False
BGW-005,1,2020-01-02,84,55.17,2885.6,85.0,2.27,2.3,57.0,0.61,0.168,14.69,0.552,6.59,12176.4,4.96,0.5,True,False
BGW-005,1,2020-01-03,85,54.93,2910.1,91.4,2.82,2.29,61.0,0.589,0.161,18.89,0.534,8.81,12368.9,5.72,0.593,True,False
BGW-005,1,2020-01-04,86,54.7,2934.0,91.5,2.64,2.28,56.0,0.592,0.161,17.66,0.577,7.47,12081.4,5.68,0.563,True,False
BGW-005,1,2020-01-05,87,54.48,2957.3,82.9,2.37,2.27,61.4,0.598,0.161,14.36,0.581,6.02,11805.0,4.99,0.517,True,False
BGW-005,1,2020-01-06,88,54.26,2980.1,80.6,2.76,2.26,52.9,0.582,0.156,15.73,0.592,6.42,12190.7,5.98,0.587,True,False
BGW-005,1,2020-01-07,89,54.05,3002.4,87.0,3.09,2.25,59.6,0.569,0.151,18.43,0.561,8.09,12180.1,5.89,0.646,True,False
BGW-005,1,2020-01-08,90,53.85,3024.1,80.3,3.07,2.24,58.8,0.566,0.15,16.8,0.547,7.6,11783.2,5.73,0.644,True,False
BGW-005,1,2020-01-09,91,53.65,3045.4,85.2,2.33,2.24,57.5,0.588,0.154,13.93,0.564,6.07,12094.4,4.85,0.517,True,False
BGW-005,1,2020-01-10,92,53.46,3066.1,86.3,3.1,2.23,52.0,0.56,0.15,18.27,0.56,8.04,12326.0,5.98,0.653,True,False
BGW-005,1,2020-01-11,93,53.27,3086.3,83.1,2.13,2.22,60.1,0.587,0.152,12.21,0.595,4.94,11831.8,4.88,0.5,True,False
BGW-005,1,2020-01-12,94,53.1,3106.0,84.8,2.13,2.21,58.2,0.584,0.15,12.35,0.546,5.61,12079.0,4.91,0.5,True,False
BGW-005,1,2020-01-13,95,52.92,3125.2,82.6,2.28,2.2,54.5,0.58,0.15,12.82,0.586,5.3,12065.4,4.8,0.513,True,False
BGW-005,1,2020-01-14,96,52.76,3144.0,80.3,2.15,2.2,59.6,0.58,0.15,11.76,0.583,4.9,11695.0,4.78,0.5,True,False
BGW-005,1,2020-01-15,97,52.59,3162.2,81.0,2.22,2.19,60.0,0.577,0.15,12.25,0.61,4.78,12020.7,4.47,0.505,True,False
BGW-005,1,2020-01-16,98,52.44,3180.0,83.0,2.17,2.18,58.7,0.576,0.15,12.3,0.636,4.48,11786.8,4.64,0.5,True,False
BGW-005,1,2020-01-17,99,52.29,3197.4,84.0,2.13,2.18,51.7,0.574,0.15,12.2,0.597,4.92,12064.0,4.91,0.5,True,False
BGW-005,1,2020-01-18,100,52.14,3214.2,84.6,3.07,2.17,51.7,0.542,0.15,17.71,0.621,6.71,11780.7,5.46,0.657,True,False
BGW-005,1,2020-01-19,101,52.0,3230.7,81.6,2.93,2.17,52.3,0.544,0.15,16.27,0.64,5.85,12061.3,5.69,0.633,True,False
BGW-005,1,2020-01-20,102,51.86,3246.7,83.0,2.14,2.16,57.2,0.568,0.15,12.09,0.583,5.05,11963.2,4.86,0.5,True,False
BGW-005,1,2020-01-21,103,51.73,3262.3,79.8,2.25,2.15,55.3,0.563,0.15,12.21,0.617,4.67,11898.1,5.02,0.516,True,False
BGW-005,1,2020-01-22,104,51.6,3277.5,83.5,2.25,2.15,51.2,0.561,0.15,12.8,0.673,4.19,12131.8,4.89,0.518,True,False
BGW-005,1,2020-01-23,105,51.47,3292.3,80.2,2.82,2.14,54.4,0.54,0.15,15.43,0.661,5.23,12175.2,5.68,0.619,True,False
BGW-005,1,2020-01-24,106,51.35,3306.6,87.1,2.35,2.14,52.5,0.554,0.15,13.97,0.65,4.89,12268.2,5.23,0.537,True,False
BGW-005,1,2020-01-25,107,51.23,3320.6,87.3,2.96,2.13,52.8,0.532,0.15,17.65,0.67,5.83,12047.7,5.71,0.645,True,False
BGW-005,1,2020-01-26,108,51.12,3334.2,77.1,2.5,2.13,54.0,0.545,0.15,13.14,0.678,4.24,11773.0,5.17,0.565,True,False
BGW-005,1,2020-01-27,109,51.01,3347.4,81.6,2.18,2.12,53.3,0.554,0.15,12.12,0.666,4.04,12035.1,4.84,0.51,True,False
BGW-005,1,2020-01-28,110,50.91,3360.3,80.1,2.21,2.12,51.5,0.552,0.15,12.05,0.648,4.24,11743.8,5.1,0.515,True,False
BGW-005,1,2020-01-29,111,50.8,3372.8,78.6,2.02,2.11,50.6,0.553,0.15,10.84,0.66,3.69,11744.7,4.51,0.5,True,False
BGW-005,1,2020-01-30,112,50.7,3385.0,78.7,2.02,2.11,51.2,0.552,0.15,10.83,0.642,3.88,11927.9,4.54,0.5,True,False
BGW-005,1,2020-01-31,113,50.61,3396.8,81.5,2.04,2.11,53.6,0.55,0.15,11.31,0.652,3.93,11992.8,4.82,0.5,True,False
BGW-005,1,2020-02-01,114,50.51,3408.3,84.9,2.7,2.1,51.0,0.53,0.15,15.62,0.668,5.19,12232.2,5.35,0.604,True,True
BGW-005,1,2020-02-02,115,50.42,3419.4,86.4,2.36,2.1,48.8,0.541,0.15,13.9,0.651,4.85,12119.2,5.3,0.546,True,False
BGW-005,1,2020-02-03,116,50.34,3430.3,81.9,2.03,2.1,51.4,0.55,0.15,11.33,0.695,3.46,11763.4,4.69,0.5,True,False
BGW-005,1,2020-02-04,117,50.25,3440.8,86.1,2.86,2.09,51.8,0.524,0.15,16.81,0.672,5.51,12091.3,5.54,0.635,True,False
BGW-005,1,2020-02-05,118,50.17,3451.0,79.8,2.11,2.09,52.2,0.549,0.15,11.48,0.684,3.63,11880.9,4.7,0.504,True,False
BGW-005,1,2020-02-06,119,50.09,3461.0,79.0,2.88,2.08,54.0,0.523,0.15,15.53,0.665,5.21,11795.6,5.76,0.64,True,False
BGW-005,2,2020-02-20,1,166.64,153.5,99.2,5.09,5.0,87.5,0.897,0.785,179.93,0.155,151.97,11982.6,8.13,0.014,False,False
BGW-005,2,2020-02-21,2,163.25,164.2,99.2,6.5,4.98,84.6,0.849,0.74,216.72,0.19,175.51,12139.1,9.6,0.267,False,False
BGW-005,2,2020-02-22,3,159.95,175.4,100.0,6.46,4.95,85.0,0.85,0.736,216.22,0.175,178.48,12186.6,9.64,0.265,False,False
BGW-005,2,2020-02-23,4,156.75,187.3,100.0,5.02,4.92,81.3,0.896,0.773,176.52,0.173,145.96,11985.1,7.86,0.019,False,False
BGW-005,2,2020-02-24,5,153.64,199.8,98.7,5.04,4.89,89.6,0.895,0.768,173.32,0.153,146.76,12047.7,7.85,0.026,False,False
BGW-005,2,2020-02-25,6,150.61,212.9,96.6,5.62,4.85,84.3,0.875,0.746,183.84,0.193,148.4,12193.0,8.69,0.137,False,False
BGW-005,2,2020-02-26,7,147.68,226.6,97.2,4.8,4.82,88.2,0.9,0.763,161.68,0.243,122.47,12101.5,7.73,0.006,False,False
BGW-005,2,2020-02-27,8,144.83,241.0,100.0,4.62,4.79,91.7,0.9,0.758,159.23,0.238,121.32,12076.5,7.8,0.009,False,False
BGW-005,2,2020-02-28,9,142.05,256.1,100.0,5.42,4.75,87.7,0.878,0.734,180.69,0.236,138.04,12106.3,8.42,0.129,False,False
BGW-005,2,2020-02-29,10,139.36,271.9,98.3,4.96,4.72,89.5,0.892,0.74,164.1,0.232,126.04,12259.6,7.99,0.059,False,False
BGW-005,2,2020-03-01,11,136.75,288.3,99.6,4.89,4.68,92.6,0.893,0.735,162.86,0.253,121.65,12390.3,7.7,0.057,False,False
BGW-005,2,2020-03-02,12,134.21,305.5,100.0,4.81,4.64,80.8,0.895,0.731,159.58,0.239,121.48,12170.4,7.89,0.052,False,False
BGW-005,2,2020-03-03,13,131.74,323.3,100.0,4.48,4.61,81.2,0.9,0.729,148.38,0.262,109.48,12314.0,7.6,0.028,False,False
BGW-005,2,2020-03-04,14,129.34,341.9,100.0,4.74,4.57,92.1,0.894,0.718,154.71,0.271,112.76,12337.3,7.96,0.063,False,False
BGW-005,2,2020-03-05,15,127.01,361.3,97.2,5.52,4.53,81.6,0.867,0.689,167.97,0.3,117.57,12241.0,8.29,0.209,False,False
BGW-005,2,2020-03-06,16,124.75,381.3,98.8,4.29,4.49,83.1,0.9,0.709,136.47,0.342,89.86,12178.1,7.05,0.041,False,False
BGW-005,2,2020-03-07,17,122.55,402.1,100.0,4.64,4.45,93.7,0.894,0.696,146.74,0.328,98.56,11978.5,7.57,0.079,False,False
BGW-005,2,2020-03-08,18,120.41,423.6,98.1,5.28,4.41,78.9,0.868,0.669,157.74,0.344,103.53,12259.7,8.35,0.204,False,False
BGW-005,2,2020-03-09,19,118.34,445.8,100.0,4.61,4.37,87.5,0.887,0.676,141.65,0.346,92.65,12234.4,7.64,0.098,False,False
BGW-005,2,2020-03-10,20,116.32,468.8,100.0,6.12,4.33,76.1,0.832,0.627,174.43,0.332,116.5,12150.3,9.23,0.374,False,False
BGW-005,2,2020-03-11,21,114.37,492.5,97.9,5.4,4.29,83.7,0.852,0.635,152.48,0.392,92.75,12129.0,8.23,0.261,False,False
BGW-005,2,2020-03-12,22,112.46,516.9,100.0,5.8,4.24,81.7,0.834,0.614,161.87,0.361,103.45,12042.8,8.62,0.344,False,False
BGW-005,2,2020-03-13,23,110.62,542.0,100.0,4.21,4.2,85.0,0.883,0.642,122.88,0.379,76.34,12083.8,7.0,0.08,False,False
BGW-005,2,2020-03-14,24,108.82,567.8,100.0,5.86,4.16,75.4,0.824,0.591,157.39,0.393,95.48,12508.9,9.06,0.382,False,False
BGW-005,2,2020-03-15,25,107.08,594.3,100.0,5.14,4.12,88.0,0.843,0.597,139.42,0.378,86.67,12424.4,8.56,0.269,False,False
BGW-005,2,2020-03-16,26,105.38,621.5,100.0,5.67,4.08,75.4,0.821,0.573,147.77,0.42,85.69,12379.8,8.95,0.376,False,False
BGW-005,2,2020-03-17,27,103.74,649.4,100.0,3.83,4.03,85.4,0.871,0.599,104.46,0.41,61.6,12398.7,6.89,0.102,False,False
BGW-005,2,2020-03-18,28,102.14,677.9,97.9,3.99,3.99,86.2,0.868,0.589,104.51,0.445,57.96,12043.8,6.95,0.109,False,False
BGW-005,2,2020-03-19,29,100.59,707.0,100.0,4.4,3.95,86.4,0.849,0.568,113.55,0.442,63.39,12425.2,7.45,0.194,False,False
BGW-005,2,2020-03-20,30,99.08,736.7,100.0,4.75,3.91,86.2,0.833,0.548,118.45,0.484,61.11,12219.1,7.61,0.27,False,False
BGW-005,2,2020-03-21,31,97.61,767.1,97.6,4.0,3.87,87.3,0.853,0.553,98.24,0.463,52.71,12381.9,6.94,0.153,False,False
BGW-005,2,2020-03-22,32,96.19,798.0,100.0,3.77,3.83,87.0,0.854,0.545,93.34,0.496,47.06,12301.6,6.44,0.136,False,False
BGW-005,2,2020-03-23,33,94.8,829.5,100.0,3.76,3.79,77.5,0.85,0.534,91.35,0.508,44.94,12481.7,6.9,0.143,False,False
BGW-005,2,2020-03-24,34,93.46,861.5,100.0,4.84,3.75,77.3,0.81,0.501,110.18,0.539,50.83,12521.8,7.81,0.341,False,False
BGW-005,2,2020-03-25,35,92.15,894.0,94.2,4.9,3.71,82.7,0.803,0.489,102.61,0.525,48.76,11748.7,7.71,0.367,False,False
BGW-005,2,2020-03-26,36,90.89,927.0,96.5,3.69,3.67,85.8,0.838,0.502,81.32,0.511,39.72,12363.5,6.65,0.17,False,False
BGW-005,2,2020-03-27,37,89.65,960.4,100.0,4.38,3.63,73.3,0.809,0.477,95.03,0.551,42.71,12278.8,7.2,0.305,False,False
BGW-005,2,2020-03-28,38,88.46,994.3,94.1,4.26,3.59,74.7,0.808,0.469,85.36,0.561,37.45,12025.8,6.87,0.298,False,False
BGW-005,2,2020-03-29,39,87.29,1028.6,99.3,4.5,3.55,73.5,0.795,0.454,92.17,0.548,41.63,12300.2,7.73,0.355,False,False
BGW-005,2,2020-03-30,40,86.16,1063.3,93.6,3.96,3.51,83.2,0.808,0.453,76.33,0.591,31.21,12173.2,6.64,0.274,False,False
BGW-005,2,2020-03-31,41,85.07,1098.3,95.9,3.58,3.47,74.2,0.815,0.45,70.24,0.57,30.22,12218.4,6.47,0.223,False,False
BGW-005,2,2020-04-01,42,84.0,1133.6,97.6,3.47,3.44,78.2,0.813,0.441,67.98,0.599,27.27,12526.2,6.23,0.218,False,False
BGW-005,2,2020-04-02,43,82.97,1169.3,100.0,3.59,3.4,83.7,0.804,0.429,69.98,0.608,27.45,12331.2,6.43,0.253,False,False
BGW-005,2,2020-04-03,44,81.96,1205.1,100.0,3.56,3.37,73.1,0.8,0.42,67.92,0.633,24.9,12660.4,6.52,0.262,False,False
BGW-005,2,2020-04-04,45,80.98,1241.3,93.9,3.37,3.33,74.2,0.801,0.413,59.47,0.668,19.75,12383.0,6.05,0.244,False,False
BGW-005,2,2020-04-05,46,80.03,1277.6,94.9,3.41,3.3,72.6,0.794,0.403,59.23,0.618,22.65,12267.4,6.44,0.264,False,False
BGW-005,2,2020-04-06,47,79.11,1314.1,100.0,4.36,3.26,79.3,0.757,0.378,74.9,0.661,25.4,12438.8,7.55,0.445,False,False
BGW-005,2,2020-04-07,48,78.21,1350.8,93.9,4.12,3.23,76.6,0.76,0.373,65.58,0.676,21.26,12133.7,6.87,0.417,False,False
BGW-005,2,2020-04-08,49,77.34,1387.5,94.5,3.14,3.2,75.6,0.785,0.379,51.2,0.675,16.66,12369.8,5.95,0.27,False,True
BGW-005,2,2020-04-09,50,76.5,1424.4,92.8,3.12,3.17,75.5,0.78,0.371,48.77,0.704,14.42,12371.8,6.14,0.278,False,False
BGW-005,3,2020-04-24,1,176.01,128.2,100.0,6.36,5.07,89.2,0.857,0.757,219.06,0.136,189.28,11896.0,9.33,0.226,False,False
BGW-005,3,2020-04-25,2,172.71,136.5,97.4,5.17,5.05,85.7,0.896,0.789,180.62,0.139,155.46,11822.9,8.14,0.021,False,False
BGW-005,3,2020-04-26,3,169.49,145.2,100.0,5.98,5.03,85.2,0.868,0.762,207.05,0.17,171.84,12332.4,9.35,0.166,False,False
BGW-005,3,2020-04-27,4,166.36,154.4,98.1,5.11,5.0,87.2,0.896,0.784,178.52,0.193,144.08,11817.2,8.02,0.019,False,False
BGW-005,3,2020-04-28,5,163.31,164.0,100.0,4.93,4.98,89.8,0.9,0.784,175.77,0.158,148.06,12320.4,7.85,0.0,False,False
BGW-005,3,2020-04-29,6,160.34,174.1,96.8,5.6,4.95,83.8,0.878,0.762,187.77,0.17,155.94,11611.4,8.25,0.114,False,False
BGW-005,3,2020-04-30,7,157.44,184.7,100.0,5.75,4.92,82.4,0.872,0.753,196.93,0.154,166.67,12286.3,9.04,0.145,False,False
BGW-005,3,2020-05-01,8,154.62,195.7,97.8,5.06,4.9,84.3,0.895,0.769,172.9,0.177,142.31,12140.5,8.08,0.029,False,False
BGW-005,3,2020-05-02,9,151.87,207.3,98.7,6.14,4.87,87.4,0.857,0.733,202.07,0.225,156.57,12298.5,9.34,0.225,False,False
BGW-005,3,2020-05-03,10,149.19,219.4,99.0,6.5,4.84,86.0,0.845,0.718,209.89,0.207,166.46,12141.7,9.73,0.295,False,False
BGW-005,3,2020-05-04,11,146.58,232.0,99.2,4.64,4.81,92.0,0.9,0.761,159.23,0.193,128.5,12125.2,7.83,0.007,False,False
BGW-005,3,2020-05-05,12,144.04,245.2,96.7,6.5,4.78,82.1,0.843,0.708,202.34,0.207,160.39,12163.0,9.68,0.312,False,False
BGW-005,3,2020-05-06,13,141.56,258.9,100.0,5.92,4.75,83.7,0.861,0.719,193.35,0.216,151.67,12218.5,8.92,0.219,False,False
BGW-005,3,2020-05-07,14,139.14,273.2,100.0,4.62,4.71,84.1,0.9,0.746,156.88,0.236,119.89,12226.6,7.6,0.017,False,False
BGW-005,3,2020-05-08,15,136.79,288.0,98.1,5.97,4.68,83.4,0.857,0.706,187.85,0.213,147.76,12106.7,9.11,0.246,False,False
BGW-005,3,2020-05-09,16,134.5,303.4,100.0,5.93,4.65,83.9,0.857,0.701,188.85,0.221,147.13,12409.8,9.24,0.247,False,False
BGW-005,3,2020-05-10,17,132.27,319.4,100.0,4.66,4.61,85.9,0.898,0.729,154.52,0.265,113.64,12283.0,7.78,0.036,False,False
BGW-005,3,2020-05-11,18,130.09,336.0,97.0,4.71,4.58,91.6,0.896,0.721,149.77,0.234,114.66,12398.7,7.77,0.054,False,False
BGW-005,3,2020-05-12,19,127.98,353.1,100.0,5.68,4.55,89.4,0.862,0.688,177.69,0.236,135.77,12288.1,8.57,0.234,False,False
BGW-005,3,2020-05-13,20,125.91,370.8,99.1,4.3,4.51,89.1,0.9,0.712,137.84,0.255,102.7,12333.8,7.17,0.039,False,False
BGW-005,3,2020-05-14,21,123.9,389.2,100.0,4.88,4.47,89.9,0.886,0.695,154.32,0.219,120.48,12258.9,7.7,0.115,False,False
BGW-005,3,2020-05-15,22,121.94,408.1,100.0,5.08,4.44,87.2,0.878,0.682,157.47,0.288,112.14,12086.4,7.94,0.16,False,False
BGW-005,3,2020-05-16,23,120.03,427.6,95.3,4.83,4.4,86.4,0.883,0.679,142.04,0.21,112.23,11860.4,7.57,0.126,False,False
BGW-005,3,2020-05-17,24,118.17,447.7,98.0,5.27,4.37,77.9,0.864,0.659,154.46,0.239,117.59,12147.2,8.36,0.214,False,False
BGW-005,3,2020-05-18,25,116.36,468.4,100.0,4.36,4.33,84.6,0.891,0.672,133.03,0.282,95.52,12157.9,7.17,0.066,False,False
BGW-005,3,2020-05-19,26,114.59,489.7,95.7,4.56,4.29,80.3,0.881,0.657,130.17,0.303,90.74,12002.0,7.55,0.112,False,False
BGW-005,3,2020-05-20,27,112.87,511.5,100.0,4.21,4.25,87.5,0.887,0.654,125.3,0.255,93.38,12543.4,7.26,0.071,False,False
BGW-005,3,2020-05-21,28,111.2,534.0,100.0,4.37,4.22,85.4,0.879,0.642,127.27,0.279,91.8,12298.7,7.36,0.102,False,False
BGW-005,3,2020-05-22,29,109.56,557.0,97.0,4.46,4.18,82.2,0.872,0.629,123.76,0.278,89.33,12123.6,7.4,0.131,False,False
BGW-005,3,2020-05-23,30,107.97,580.5,100.0,5.86,4.14,85.3,0.822,0.586,155.82,0.317,106.42,12489.5,9.21,0.387,False,False
BGW-005,3,2020-05-24,31,106.42,604.6,95.6,5.42,4.1,85.1,0.832,0.586,138.11,0.273,100.44,12114.9,8.5,0.323,False,False
BGW-005,3,2020-05-25,32,104.91,629.3,99.8,3.93,4.06,82.7,0.873,0.607,108.06,0.27,78.91,12092.5,6.63,0.098,False,False
BGW-005,3,2020-05-26,33,103.44,654.5,100.0,4.24,4.03,77.7,0.863,0.593,114.12,0.269,83.39,12639.7,7.53,0.14,False,False
BGW-005,3,2020-05-27,34,102.01,680.3,100.0,4.84,3.99,77.5,0.839,0.568,125.04,0.304,87.06,12261.8,7.62,0.258,False,False
BGW-005,3,2020-05-28,35,100.61,706.5,99.5,4.97,3.95,85.5,0.83,0.555,124.88,0.3,87.37,12252.0,8.09,0.294,False,False
BGW-005,3,2020-05-29,36,99.25,733.2,96.9,5.38,3.91,73.6,0.812,0.536,126.94,0.328,85.24,12274.9,8.16,0.378,False,False
BGW-005,3,2020-05-30,37,97.93,760.5,99.9,3.7,3.88,84.7,0.858,0.558,93.81,0.331,62.79,12508.7,6.91,0.127,False,False
BGW-005,3,2020-05-31,38,96.63,788.1,96.6,3.98,3.84,87.9,0.85,0.546,95.32,0.316,65.19,12191.5,6.58,0.158,False,False
BGW-005,3,2020-06-01,39,95.38,816.3,99.4,5.03,3.8,78.8,0.81,0.513,116.61,0.315,79.89,12360.4,8.13,0.355,False,False
BGW-005,3,2020-06-02,40,94.15,844.9,97.2,3.9,3.77,85.3,0.844,0.527,90.7,0.322,61.47,12211.7,6.75,0.17,False,False
BGW-005,3,2020-06-03,41,92.95,873.9,96.4,3.66,3.73,77.7,0.845,0.52,83.27,0.286,59.47,12325.7,6.63,0.153,False,False
BGW-005,3,2020-06-04,42,91.79,903.3,99.4,3.54,3.69,81.1,0.841,0.51,81.6,0.34,53.87,12477.4,6.43,0.16,False,False
BGW-005,3,2020-06-05,43,90.66,933.1,99.0,3.79,3.66,77.3,0.834,0.498,84.85,0.338,56.16,12471.3,6.63,0.189,False,False
BGW-005,3,2020-06-06,44,89.55,963.3,95.5,3.63,3.62,83.6,0.834,0.491,77.38,0.321,52.51,12288.0,6.24,0.175,False,False
BGW-005,3,2020-06-07,45,88.48,993.8,100.0,4.93,3.59,82.0,0.786,0.456,102.24,0.376,63.78,12330.9,8.07,0.416,False,False
BGW-005,3,2020-06-08,46,87.43,1024.6,95.6,3.72,3.55,85.1,0.821,0.47,75.93,0.368,48.0,12254.7,6.66,0.217,False,False
BGW-005,3,2020-06-09,47,86.41,1055.7,94.6,4.56,3.52,73.5,0.789,0.444,87.15,0.351,56.57,12142.5,7.37,0.377,False,False
BGW-005,3,2020-06-10,48,85.41,1087.2,94.7,3.51,3.49,76.8,0.819,0.455,68.6,0.379,42.62,11983.5,6.16,0.205,False,False
BGW-005,3,2020-06-11,49,84.44,1118.9,99.3,3.87,3.45,82.9,0.802,0.438,76.59,0.363,48.81,12340.6,6.65,0.282,False,False
BGW-005,3,2020-06-12,50,83.5,1150.8,95.4,3.53,3.42,73.7,0.809,0.436,66.63,0.401,39.95,11904.5,6.4,0.235,False,False
BGW-005,3,2020-06-13,51,82.58,1183.0,96.2,3.96,3.39,80.2,0.789,0.419,72.56,0.359,46.5,12409.6,7.05,0.324,False,False
BGW-005,3,2020-06-14,52,81.68,1215.4,94.0,4.2,3.36,75.4,0.777,0.406,72.76,0.389,44.47,12027.8,6.81,0.378,False,False
BGW-005,3,2020-06-15,53,80.8,1247.9,96.0,3.45,3.33,79.7,0.797,0.41,61.75,0.38,38.3,12227.2,6.41,0.26,False,False
BGW-005,3,2020-06-16,54,79.95,1280.7,97.4,3.23,3.29,77.7,0.797,0.404,57.85,0.381,35.8,12178.1,6.17,0.246,False,False
BGW-005,3,2020-06-17,55,79.12,1313.5,98.1,3.52,3.26,82.2,0.785,0.392,61.58,0.366,39.03,12412.5,6.32,0.298,False,False
BGW-005,3,2020-06-18,56,78.32,1346.5,93.4,3.28,3.23,74.9,0.788,0.388,54.07,0.411,31.86,11972.4,5.84,0.269,False,False
BGW-005,3,2020-06-19,57,77.53,1379.6,96.8,3.09,3.21,75.8,0.786,0.381,51.9,0.383,32.02,12413.3,5.99,0.268,False,False
BGW-005,3,2020-06-20,58,76.76,1412.8,91.9,4.32,3.18,74.8,0.744,0.355,64.09,0.364,40.73,12100.0,7.19,0.475,True,False
BGW-005,3,2020-06-21,59,76.01,1446.0,100.0,4.22,3.15,76.3,0.742,0.35,67.03,0.401,40.19,12517.2,7.16,0.471,True,False
BGW-005,3,2020-06-22,60,75.29,1479.2,94.8,3.19,3.12,76.0,0.772,0.358,49.21,0.423,28.39,12252.6,5.86,0.302,False,False
BGW-005,3,2020-06-23,61,74.58,1512.5,98.9,3.35,3.09,69.2,0.762,0.348,52.51,0.405,31.23,12582.7,6.48,0.343,False,False
BGW-005,3,2020-06-24,62,73.89,1545.8,94.7,3.19,3.07,69.0,0.762,0.344,47.18,0.409,27.89,12179.8,5.98,0.327,False,False
BGW-005,3,2020-06-25,63,73.21,1579.1,95.6,3.07,3.04,70.5,0.762,0.339,45.14,0.412,26.53,12620.3,6.28,0.318,False,False
BGW-005,3,2020-06-26,64,72.56,1612.3,100.0,3.88,3.02,66.9,0.73,0.32,56.47,0.445,31.31,12486.5,6.93,0.473,True,False
BGW-005,3,2020-06-27,65,71.92,1645.5,90.7,2.96,2.99,71.0,0.755,0.326,39.84,0.429,22.75,11886.5,5.68,0.329,False,False
BGW-005,3,2020-06-28,66,71.29,1678.5,89.6,2.95,2.97,78.8,0.751,0.32,38.47,0.435,21.76,12009.1,5.78,0.336,False,False
BGW-005,3,2020-06-29,67,70.69,1711.5,92.3,2.87,2.94,72.6,0.747,0.314,37.8,0.44,21.17,11997.0,5.77,0.344,False,False
BGW-005,3,2020-06-30,68,70.1,1744.4,94.2,2.94,2.92,77.1,0.742,0.308,38.76,0.486,19.94,12308.7,5.83,0.354,False,False
BGW-005,3,2020-07-01,69,69.52,1777.2,90.5,2.85,2.9,69.6,0.739,0.303,35.49,0.453,19.41,12216.1,5.85,0.358,False,False
BGW-005,3,2020-07-02,70,68.96,1809.8,98.0,3.84,2.87,64.4,0.703,0.284,48.59,0.459,26.27,12411.4,6.58,0.535,True,False
BGW-005,3,2020-07-03,71,68.41,1842.3,92.3,2.93,2.85,76.3,0.729,0.291,35.77,0.48,18.59,12110.5,5.73,0.387,False,False
BGW-005,3,2020-07-04,72,67.88,1874.6,91.4,3.95,2.83,69.3,0.691,0.272,44.59,0.466,23.81,12021.3,6.22,0.576,True,False
BGW-005,3,2020-07-05,73,67.36,1906.7,91.9,3.3,2.81,63.7,0.708,0.275,37.98,0.479,19.79,12130.7,6.31,0.474,True,False
BGW-005,3,2020-07-06,74,66.86,1938.6,91.5,2.84,2.79,66.3,0.719,0.276,32.58,0.499,16.33,12065.8,5.67,0.404,False,False
BGW-005,3,2020-07-07,75,66.36,1970.3,88.6,2.76,2.77,67.8,0.717,0.272,30.19,0.496,15.2,12018.1,5.31,0.402,False,False
BGW-005,3,2020-07-08,76,65.88,2001.7,92.2,2.7,2.75,66.5,0.713,0.267,30.19,0.455,16.45,12170.3,5.65,0.409,False,False
BGW-005,3,2020-07-09,77,65.42,2033.0,87.5,3.18,2.73,71.7,0.695,0.257,32.5,0.468,17.3,11904.2,5.81,0.495,True,False
BGW-005,3,2020-07-10,78,64.96,2063.9,87.6,2.69,2.71,68.2,0.706,0.258,27.67,0.491,14.08,11968.8,5.61,0.424,False,False
BGW-005,3,2020-07-11,79,64.52,2094.7,93.9,3.13,2.69,61.9,0.688,0.249,33.2,0.52,15.94,12524.7,5.85,0.507,True,False
BGW-005,3,2020-07-12,80,64.08,2125.1,90.0,2.88,2.67,68.6,0.692,0.247,29.1,0.519,13.98,12253.5,5.47,0.473,True,False
BGW-005,3,2020-07-13,81,63.66,2155.3,89.6,2.53,2.66,65.1,0.695,0.246,25.28,0.539,11.66,12160.3,5.04,0.444,False,False
BGW-005,3,2020-07-14,82,63.25,2185.1,90.4,3.09,2.64,69.0,0.677,0.237,30.06,0.495,15.19,12166.2,5.6,0.53,True,False
BGW-005,3,2020-07-15,83,62.85,2214.7,84.5,3.09,2.62,68.0,0.673,0.233,27.6,0.545,12.55,11774.6,5.83,0.539,True,False
BGW-005,3,2020-07-16,84,62.46,2244.0,92.4,3.36,2.61,68.8,0.66,0.226,31.87,0.537,14.74,12351.6,6.23,0.596,True,False
BGW-005,3,2020-07-17,85,62.08,2273.0,86.7,2.52,2.59,67.8,0.681,0.231,22.89,0.52,10.98,12206.4,5.36,0.471,True,False
BGW-005,3,2020-07-18,86,61.71,2301.6,86.5,2.64,2.58,70.0,0.676,0.227,23.49,0.516,11.36,12063.9,4.97,0.488,True,False
BGW-005,3,2020-07-19,87,61.35,2329.9,93.6,3.25,2.56,64.2,0.652,0.216,29.92,0.557,13.26,12535.3,6.24,0.605,True,False
BGW-005,3,2020-07-20,88,61.0,2357.9,89.1,2.5,2.55,60.6,0.672,0.221,22.36,0.525,10.61,12290.8,5.23,0.49,True,False
BGW-005,3,2020-07-21,89,60.66,2385.5,86.4,2.45,2.53,63.1,0.668,0.217,20.89,0.529,9.84,11939.0,5.26,0.497,True,False
BGW-005,3,2020-07-22,90,60.33,2412.8,85.1,2.46,2.52,63.3,0.665,0.214,20.37,0.554,9.08,12050.6,5.32,0.5,True,False
BGW-005,3,2020-07-23,91,60.0,2439.7,89.3,2.54,2.5,60.2,0.661,0.211,21.79,0.521,10.44,12198.8,5.5,0.507,True,False
BGW-005,3,2020-07-24,92,59.68,2466.3,89.6,2.85,2.49,64.0,0.647,0.205,23.77,0.577,10.05,12038.4,5.86,0.563,True,False
BGW-005,3,2020-07-25,93,59.38,2492.6,84.8,2.52,2.48,63.6,0.654,0.205,19.93,0.566,8.65,12422.9,5.34,0.508,True,False
BGW-005,3,2020-07-26,94,59.08,2518.5,85.9,2.78,2.47,61.5,0.642,0.2,21.67,0.572,9.27,11826.5,5.56,0.555,True,False
BGW-005,3,2020-07-27,95,58.78,2544.0,85.3,2.53,2.45,63.9,0.647,0.199,19.57,0.601,7.81,12147.2,5.29,0.514,True,False
BGW-005,3,2020-07-28,96,58.5,2569.1,92.3,2.86,2.44,64.2,0.633,0.193,23.19,0.59,9.5,12509.0,5.72,0.573,True,False
BGW-005,3,2020-07-29,97,58.22,2593.9,88.5,2.55,2.43,62.7,0.64,0.194,19.88,0.554,8.87,12452.8,5.42,0.521,True,False
BGW-005,3,2020-07-30,98,57.95,2618.3,89.8,3.23,2.42,63.1,0.614,0.184,24.33,0.581,10.2,12572.0,6.28,0.643,True,False
BGW-005,3,2020-07-31,99,57.69,2642.4,93.0,3.25,2.41,57.4,0.61,0.182,24.99,0.568,10.78,12328.3,6.11,0.647,True,False
BGW-005,3,2020-08-01,100,57.43,2666.1,92.4,2.99,2.4,57.4,0.616,0.182,22.82,0.586,9.46,12538.0,5.85,0.603,True,False
BGW-005,3,2020-08-02,101,57.18,2689.4,82.4,2.73,2.39,62.7,0.621,0.182,18.67,0.59,7.65,11945.8,5.43,0.561,True,False
BGW-005,3,2020-08-03,102,56.94,2712.3,82.9,2.33,2.38,61.3,0.63,0.183,16.09,0.621,6.1,11756.3,5.11,0.5,True,False
BGW-005,3,2020-08-04,103,56.7,2734.9,85.3,2.28,2.37,63.6,0.628,0.181,16.04,0.616,6.17,11911.3,5.24,0.5,True,False
BGW-005,3,2020-08-05,104,56.47,2757.1,81.5,2.97,2.36,57.0,0.605,0.173,19.07,0.634,6.98,11872.7,5.5,0.608,True,False
BGW-005,3,2020-08-06,105,56.24,2779.0,85.4,2.46,2.35,57.6,0.619,0.176,16.84,0.652,5.87,12307.3,5.17,0.52,True,False
BGW-005,3,2020-08-07,106,56.02,2800.4,83.2,2.41,2.34,63.2,0.617,0.175,15.94,0.615,6.13,11881.5,5.13,0.513,True,False
BGW-005,3,2020-08-08,107,55.81,2821.5,86.2,2.41,2.33,60.8,0.615,0.173,16.34,0.619,6.23,12341.6,4.98,0.515,True,False
BGW-005,3,2020-08-09,108,55.6,2842.3,92.8,3.33,2.32,56.9,0.581,0.162,22.8,0.643,8.14,12340.9,6.39,0.677,True,False
BGW-005,3,2020-08-10,109,55.4,2862.7,83.5,2.22,2.31,58.7,0.613,0.17,14.3,0.646,5.06,11857.0,4.98,0.5,True,False
BGW-005,3,2020-08-11,110,55.2,2882.7,85.0,2.34,2.3,55.4,0.609,0.168,15.15,0.658,5.18,12060.1,4.82,0.506,True,False
BGW-005,3,2020-08-12,111,55.01,2902.4,85.1,2.41,2.29,63.0,0.604,0.166,15.41,0.625,5.78,11864.1,5.17,0.52,True,False
BGW-005,3,2020-08-13,112,54.82,2921.7,91.9,2.56,2.29,62.2,0.597,0.162,17.38,0.67,5.73,12372.4,5.29,0.548,True,True
BGW-005,3,2020-08-14,113,54.63,2940.7,90.9,3.16,2.28,58.2,0.574,0.155,20.27,0.638,7.34,12410.3,5.87,0.654,True,False
BGW-005,3,2020-08-15,114,54.46,2959.3,81.7,2.69,2.27,57.4,0.587,0.158,15.77,0.64,5.68,11889.3,5.4,0.573,True,False
BGW-005,3,2020-08-16,115,54.28,2977.5,86.5,2.96,2.26,55.6,0.576,0.154,17.96,0.671,5.91,12218.3,5.65,0.623,True,False
BGW-005,3,2020-08-17,116,54.11,2995.5,85.8,3.1,2.26,58.4,0.569,0.151,18.31,0.658,6.25,12121.9,5.61,0.648,True,False
BGW-005,3,2020-08-18,117,53.95,3013.1,83.7,2.19,2.25,57.3,0.595,0.158,13.13,0.671,4.32,12042.9,4.97,0.5,True,False
BGW-005,3,2020-08-19,118,53.79,3030.3,82.4,2.32,2.24,57.6,0.59,0.155,13.53,0.671,4.45,11493.0,4.72,0.514,True,False
BGW-005,3,2020-08-20,119,53.63,3047.2,89.8,2.89,2.24,58.5,0.569,0.15,17.72,0.698,5.36,12196.5,6.0,0.615,True,False
BGW-005,3,2020-08-21,120,53.48,3063.8,83.9,2.15,2.23,55.5,0.589,0.154,12.6,0.698,3.8,12013.8,4.83,0.5,True,False
BGW-005,3,2020-08-22,121,53.33,3080.1,83.7,2.74,2.22,54.4,0.57,0.15,15.65,0.682,4.98,12223.6,5.51,0.591,True,False
BGW-005,3,2020-08-23,122,53.19,3096.0,83.0,2.42,2.22,57.3,0.579,0.15,13.71,0.66,4.67,12035.7,5.18,0.536,True,False
BGW-005,3,2020-08-24,123,53.04,3111.7,84.2,2.24,2.21,53.1,0.583,0.15,12.87,0.723,3.57,12168.8,4.91,0.506,True,False
BGW-005,4,2020-09-03,1,177.78,124.0,97.1,4.83,5.08,87.1,0.9,0.797,169.93,0.163,142.23,11894.2,7.74,0.0,False,False
BGW-005,4,2020-09-04,2,174.38,132.2,99.1,5.31,5.06,84.6,0.892,0.787,188.15,0.161,157.77,11812.3,7.88,0.044,False,False
BGW-005,4,2020-09-05,3,171.06,140.9,100.0,4.82,5.04,89.6,0.9,0.791,173.33,0.151,147.16,11946.3,7.62,0.0,False,False
BGW-005,4,2020-09-06,4,167.83,150.0,100.0,5.59,5.01,83.7,0.881,0.772,196.11,0.164,163.91,12352.1,8.61,0.101,False,False
BGW-005,4,2020-09-07,5,164.68,159.6,100.0,4.76,4.99,84.9,0.9,0.785,170.01,0.13,147.95,12240.7,7.93,0.0,False,False
BGW-005,4,2020-09-08,6,161.62,169.6,100.0,5.18,4.96,87.9,0.893,0.776,182.5,0.185,148.79,12057.9,8.09,0.038,False,False
BGW-005,4,2020-09-09,7,158.64,180.2,100.0,5.91,4.93,83.4,0.868,0.75,201.47,0.194,162.49,12162.5,9.38,0.17,False,False
BGW-005,4,2020-09-10,8,155.73,191.3,99.0,5.08,4.91,93.4,0.894,0.77,175.98,0.201,140.61,12134.6,8.3,0.031,False,False
BGW-005,4,2020-09-11,9,152.9,202.9,96.5,5.2,4.88,84.9,0.889,0.762,173.75,0.188,141.02,12233.7,8.21,0.057,False,False
BGW-005,4,2020-09-12,10,150.15,215.0,97.3,4.61,4.85,88.9,0.9,0.767,156.3,0.229,120.54,12038.6,7.48,0.003,False,False
BGW-005,4,2020-09-13,11,147.46,227.7,100.0,5.19,4.82,88.3,0.888,0.752,177.37,0.176,146.23,12113.3,8.32,0.072,False,False
BGW-005,4,2020-09-14,12,144.85,240.9,100.0,4.96,4.79,90.2,0.894,0.753,169.73,0.223,131.9,12382.3,8.01,0.04,False,False
BGW-005,4,2020-09-15,13,142.31,254.7,95.8,5.7,4.76,83.6,0.869,0.727,180.29,0.203,143.72,12026.3,8.7,0.177,False,False
BGW-005,4,2020-09-16,14,139.83,269.0,99.3,4.75,4.72,90.1,0.899,0.747,160.28,0.196,128.94,12208.5,7.62,0.021,False,False
BGW-005,4,2020-09-17,15,137.42,284.0,100.0,6.19,4.69,80.4,0.85,0.701,197.26,0.232,151.51,12221.7,9.28,0.281,False,False
BGW-005,4,2020-09-18,16,135.07,299.5,100.0,5.09,4.66,88.8,0.885,0.725,167.92,0.247,126.37,12007.6,8.05,0.099,False,False
BGW-005,4,2020-09-19,17,132.78,315.7,100.0,5.83,4.62,82.6,0.86,0.699,185.18,0.24,140.78,12133.7,8.73,0.238,False,False
BGW-005,4,2020-09-20,18,130.55,332.4,100.0,4.78,4.59,88.7,0.894,0.721,156.43,0.213,123.15,12348.7,7.62,0.063,False,False
BGW-005,4,2020-09-21,19,128.38,349.7,100.0,6.45,4.55,75.7,0.837,0.669,196.01,0.217,153.56,12218.0,9.69,0.365,False,False
BGW-005,4,2020-09-22,20,126.27,367.7,100.0,6.23,4.52,76.3,0.843,0.668,189.23,0.226,146.4,12206.4,9.56,0.339,False,False
BGW-005,4,2020-09-23,21,124.21,386.3,100.0,6.1,4.48,79.9,0.846,0.664,184.21,0.225,142.83,12485.3,9.46,0.326,False,False
BGW-005,4,2020-09-24,22,122.21,405.4,100.0,5.1,4.44,84.9,0.877,0.683,158.3,0.284,113.41,12393.4,8.26,0.162,False,False
BGW-005,4,2020-09-25,23,120.26,425.2,100.0,4.23,4.41,90.5,0.897,0.691,132.87,0.226,102.85,12103.1,7.14,0.051,False,False
BGW-005,4,2020-09-26,24,118.36,445.6,100.0,4.36,4.37,84.8,0.895,0.682,135.22,0.254,100.83,12239.7,7.56,0.056,False,False
BGW-005,4,2020-09-27,25,116.51,466.7,100.0,4.2,4.33,90.8,0.892,0.673,128.54,0.227,99.39,12214.6,7.22,0.061,False,False
BGW-005,4,2020-09-28,26,114.7,488.3,100.0,4.64,4.29,80.0,0.878,0.656,138.2,0.279,99.59,12264.3,7.39,0.126,False,False
BGW-005,4,2020-09-29,27,112.95,510.5,97.7,4.37,4.25,83.8,0.883,0.652,126.58,0.25,94.91,12067.1,7.14,0.091,False,False
BGW-005,4,2020-09-30,28,111.24,533.3,97.1,4.3,4.22,87.7,0.882,0.643,122.07,0.288,86.9,12445.3,7.42,0.09,False,False
BGW-005,4,2020-10-01,29,109.58,556.8,100.0,4.31,4.18,83.9,0.877,0.633,124.0,0.248,93.25,12409.0,7.31,0.105,False,False
BGW-005,4,2020-10-02,30,107.96,580.8,96.6,6.0,4.14,85.1,0.817,0.582,153.41,0.298,107.75,11770.4,9.15,0.413,False,False
BGW-005,4,2020-10-03,31,106.38,605.4,98.0,4.65,4.1,88.9,0.858,0.604,124.97,0.234,95.72,12165.1,7.56,0.188,False,False
BGW-005,4,2020-10-04,32,104.84,630.5,98.6,4.24,4.06,89.6,0.867,0.603,114.52,0.32,77.83,12208.7,7.22,0.129,False,False
BGW-005,4,2020-10-05,33,103.35,656.2,100.0,5.48,4.02,85.1,0.822,0.563,140.35,0.28,101.12,12088.9,8.56,0.359,False,False
BGW-005,4,2020-10-06,34,101.89,682.5,97.2,4.33,3.99,82.3,0.856,0.579,110.75,0.289,78.69,12409.1,7.34,0.17,False,False
BGW-005,4,2020-10-07,35,100.47,709.2,96.0,3.98,3.95,82.6,0.863,0.576,100.1,0.275,72.53,12125.8,7.14,0.122,False,False
BGW-005,4,2020-10-08,36,99.09,736.5,100.0,5.05,3.91,77.1,0.823,0.542,124.45,0.289,88.5,12626.2,8.54,0.322,False,False
BGW-005,4,2020-10-09,37,97.74,764.3,95.8,3.7,3.87,79.5,0.857,0.557,89.82,0.282,64.48,12240.1,6.44,0.128,False,False
BGW-005,4,2020-10-10,38,96.43,792.6,96.2,3.99,3.83,80.0,0.849,0.544,94.84,0.278,68.43,12059.9,6.77,0.162,False,False
BGW-005,4,2020-10-11,39,95.16,821.3,95.7,3.86,3.8,79.2,0.849,0.536,89.86,0.341,59.26,12066.0,6.75,0.152,False,False
BGW-005,4,2020-10-12,40,93.91,850.5,99.5,4.78,3.76,80.8,0.814,0.506,109.35,0.335,72.74,12353.9,7.74,0.326,False,False
BGW-005,4,2020-10-13,41,92.7,880.2,93.0,5.33,3.72,75.7,0.79,0.485,109.26,0.323,73.98,12001.1,8.32,0.436,False,False
BGW-005,4,2020-10-14,42,91.52,910.2,100.0,5.26,3.69,71.0,0.788,0.476,113.82,0.335,75.7,12638.0,8.34,0.437,False,False
BGW-005,4,2020-10-15,43,90.38,940.7,99.5,3.58,3.65,82.6,0.837,0.498,80.57,0.356,51.86,12239.5,6.39,0.168,False,False
BGW-005,4,2020-10-16,44,89.26,971.5,99.4,3.6,3.61,78.1,0.833,0.489,79.47,0.354,51.37,12436.1,6.62,0.175,False,False
BGW-005,4,2020-10-17,45,88.17,1002.6,99.2,4.63,3.58,80.8,0.795,0.459,95.77,0.363,61.0,12252.9,7.65,0.366,False,False
BGW-005,4,2020-10-18,46,87.11,1034.2,92.1,4.6,3.54,74.7,0.791,0.45,86.62,0.34,57.13,12019.5,7.49,0.374,False,False
BGW-005,4,2020-10-19,47,86.08,1066.0,96.9,4.75,3.51,70.5,0.781,0.438,91.58,0.343,60.16,12212.3,7.86,0.415,False,False
BGW-005,4,2020-10-20,48,85.07,1098.1,94.1,3.44,3.47,76.3,0.819,0.452,66.53,0.309,45.96,12476.1,6.41,0.204,False,False
BGW-005,4,2020-10-21,49,84.09,1130.5,93.8,3.39,3.44,81.8,0.815,0.443,64.1,0.36,41.03,12184.7,6.13,0.211,False,False
BGW-005,4,2020-10-22,50,83.14,1163.1,100.0,4.35,3.41,75.0,0.779,0.417,82.56,0.366,52.35,12707.4,7.63,0.384,False,False
BGW-005,4,2020-10-23,51,82.21,1195.9,100.0,3.61,3.38,83.5,0.799,0.421,69.22,0.353,44.77,12364.7,6.66,0.268,False,False
BGW-005,4,2020-10-24,52,81.31,1229.0,97.4,4.38,3.34,77.0,0.769,0.399,77.5,0.382,47.89,12437.8,7.64,0.416,False,False
BGW-005,4,2020-10-25,53,80.43,1262.2,100.0,4.73,3.31,70.0,0.752,0.385,82.67,0.354,53.43,12522.5,7.91,0.49,True,False
BGW-005,4,2020-10-26,54,79.57,1295.6,93.3,3.43,3.28,81.1,0.791,0.398,57.85,0.369,36.49,12319.7,6.41,0.274,False,False
BGW-005,4,2020-10-27,55,78.74,1329.2,91.4,3.51,3.25,82.0,0.783,0.388,56.65,0.376,35.34,12496.0,6.52,0.302,False,False
BGW-005,4,2020-10-28,56,77.92,1362.8,92.3,3.8,3.22,69.3,0.768,0.375,59.88,0.406,35.56,12154.9,7.2,0.367,False,False
BGW-005,4,2020-10-29,57,77.13,1396.6,96.6,3.34,3.19,78.1,0.779,0.375,54.96,0.37,34.64,12281.7,6.41,0.298,False,False
BGW-005,4,2020-10-30,58,76.36,1430.4,95.7,3.25,3.16,70.0,0.777,0.368,52.15,0.397,31.45,12452.4,5.96,0.296,False,False
BGW-005,4,2020-10-31,59,75.61,1464.2,93.3,3.08,3.13,75.0,0.776,0.362,47.29,0.395,28.63,12374.7,5.92,0.287,False,False
BGW-005,4,2020-11-01,60,74.88,1498.1,95.5,3.07,3.11,78.6,0.772,0.355,47.28,0.428,27.07,12505.3,5.88,0.295,False,False
BGW-005,4,2020-11-02,61,74.17,1532.0,89.8,4.46,3.08,70.6,0.722,0.327,59.62,0.406,35.42,11903.2,7.31,0.545,True,False
BGW-005,4,2020-11-03,62,73.48,1565.9,93.8,3.13,3.05,72.3,0.762,0.341,45.37,0.379,28.17,12007.3,5.95,0.323,False,False
BGW-005,4,2020-11-04,63,72.8,1599.8,96.3,3.34,3.03,74.0,0.749,0.33,48.31,0.416,28.21,12256.1,5.99,0.374,False,False
BGW-005,4,2020-11-05,64,72.14,1633.6,91.7,3.09,3.0,68.1,0.753,0.327,42.07,0.398,25.31,12302.2,6.02,0.341,False,False
BGW-005,4,2020-11-06,65,71.5,1667.3,90.2,2.97,2.97,68.9,0.752,0.322,39.21,0.444,21.82,12060.9,5.8,0.333,False,False
BGW-005,4,2020-11-07,66,70.88,1701.0,91.6,2.81,2.95,71.4,0.748,0.316,37.02,0.414,21.71,12597.9,5.76,0.341,False,False
BGW-005,4,2020-11-08,67,70.27,1734.5,97.9,3.64,2.93,70.8,0.721,0.3,48.62,0.425,27.95,12481.7,6.59,0.473,True,False
BGW-005,4,2020-11-09,68,69.68,1767.9,91.3,2.93,2.9,69.4,0.739,0.304,36.98,0.423,21.32,12316.3,5.53,0.362,False,False
BGW-005,4,2020-11-10,69,69.11,1801.2,90.4,2.82,2.88,68.8,0.737,0.299,34.56,0.476,18.1,12195.8,5.59,0.364,False,False
BGW-005,4,2020-11-11,70,68.55,1834.3,91.7,2.89,2.86,73.3,0.732,0.293,35.26,0.454,19.24,12244.9,5.87,0.377,False,False
BGW-005,4,2020-11-12,71,68.0,1867.2,91.0,4.05,2.83,67.5,0.688,0.272,45.54,0.457,24.75,12041.0,6.85,0.592,True,False
BGW-005,4,2020-11-13,72,67.47,1900.0,88.8,2.7,2.81,71.0,0.725,0.283,30.83,0.435,17.41,11879.9,5.68,0.386,False,False
BGW-005,4,2020-11-14,73,66.95,1932.5,96.9,3.0,2.79,72.4,0.714,0.275,36.36,0.446,20.15,12338.6,5.97,0.431,False,False
BGW-005,4,2020-11-15,74,66.45,1964.8,92.6,3.62,2.77,67.1,0.689,0.262,39.91,0.452,21.86,12385.5,6.81,0.549,True,False
BGW-005,4,2020-11-16,75,65.96,1996.9,89.8,2.7,2.75,66.8,0.714,0.268,29.56,0.474,15.55,12312.3,5.89,0.408,False,False
BGW-005,4,2020-11-17,76,65.48,2028.8,90.9,2.7,2.73,64.1,0.71,0.263,29.36,0.497,14.75,12165.5,5.51,0.416,False,False
BGW-005,4,2020-11-18,77,65.01,2060.3,93.1,3.55,2.71,64.1,0.678,0.249,37.34,0.447,20.65,12209.3,6.28,0.569,True,False
BGW-005,4,2020-11-19,78,64.56,2091.7,93.3,3.18,2.69,67.1,0.687,0.249,33.48,0.449,18.46,12257.0,6.1,0.515,True,False
BGW-005,4,2020-11-20,79,64.12,2122.7,90.0,3.39,2.68,64.9,0.675,0.242,33.52,0.497,16.85,12289.1,6.17,0.562,True,False
BGW-005,4,2020-11-21,80,63.69,2153.4,89.8,2.69,2.66,71.2,0.694,0.246,26.96,0.491,13.73,11919.0,5.28,0.449,False,False
BGW-005,4,2020-11-22,81,63.27,2183.9,90.7,3.22,2.64,67.5,0.673,0.235,31.23,0.484,16.11,12305.6,5.92,0.553,True,False
BGW-005,4,2020-11-23,82,62.86,2214.0,87.7,2.77,2.62,66.3,0.684,0.237,26.08,0.476,13.68,12140.1,5.47,0.483,True,False
BGW-005,4,2020-11-24,83,62.46,2243.8,90.9,2.57,2.61,66.5,0.685,0.234,24.94,0.482,12.93,12240.8,5.57,0.465,True,False
BGW-005,4,2020-11-25,84,62.08,2273.3,89.1,2.63,2.59,65.7,0.68,0.23,24.56,0.493,12.45,12289.6,5.61,0.478,True,False
BGW-005,4,2020-11-26,85,61.7,2302.5,86.1,2.49,2.58,71.2,0.678,0.227,22.09,0.5,11.05,12036.4,5.18,0.478,True,False
BGW-005,4,2020-11-27,86,61.33,2331.3,91.6,2.73,2.56,66.3,0.669,0.222,25.2,0.522,12.05,12301.1,5.47,0.514,True,False
BGW-005,4,2020-11-28,87,60.98,2359.8,89.7,2.45,2.55,62.9,0.671,0.22,21.97,0.505,10.88,12496.2,5.52,0.491,True,False
BGW-005,4,2020-11-29,88,60.63,2387.9,89.0,2.43,2.53,60.9,0.668,0.217,21.31,0.519,10.26,12290.4,5.09,0.497,True,False
BGW-005,4,2020-11-30,89,60.29,2415.7,93.1,3.21,2.52,61.1,0.642,0.207,28.02,0.54,12.9,12176.3,6.06,0.621,True,False
BGW-005,4,2020-12-01,90,59.96,2443.1,87.1,2.53,2.5,62.0,0.661,0.211,21.12,0.534,9.85,11811.2,5.17,0.505,True,False
BGW-005,4,2020-12-02,91,59.64,2470.1,92.4,3.5,2.49,57.0,0.625,0.197,29.01,0.565,12.61,12099.7,6.25,0.677,True,False
BGW-005,4,2020-12-03,92,59.33,2496.8,89.3,2.37,2.48,68.1,0.655,0.205,19.71,0.516,9.54,12422.5,5.49,0.5,True,False
BGW-005,4,2020-12-04,93,59.02,2523.1,84.4,2.63,2.46,64.8,0.647,0.201,20.24,0.527,9.58,11905.2,5.26,0.529,True,False
BGW-005,4,2020-12-05,94,58.73,2549.0,94.0,3.36,2.45,62.0,0.619,0.19,27.3,0.543,12.48,12384.0,5.91,0.659,True,False
BGW-005,4,2020-12-06,95,58.44,2574.6,85.4,3.03,2.44,63.7,0.626,0.191,22.49,0.514,10.93,12351.7,5.99,0.604,True,False
BGW-005,4,2020-12-07,96,58.16,2599.7,86.0,2.35,2.43,58.7,0.643,0.194,17.82,0.567,7.72,11956.3,4.95,0.5,True,False
BGW-005,4,2020-12-08,97,57.88,2624.5,82.7,2.97,2.42,58.1,0.622,0.186,20.8,0.547,9.42,11870.7,5.8,0.597,True,False
BGW-005,4,2020-12-09,98,57.62,2648.9,85.1,2.68,2.4,60.1,0.629,0.187,19.33,0.553,8.63,12093.4,5.42,0.548,True,False
BGW-005,4,2020-12-10,99,57.36,2672.9,84.0,2.28,2.39,58.5,0.635,0.187,16.32,0.533,7.62,12145.5,5.07,0.5,True,False
BGW-005,4,2020-12-11,100,57.1,2696.6,84.2,2.29,2.38,58.8,0.632,0.185,16.23,0.565,7.06,11933.7,4.8,0.5,True,False
BGW-005,4,2020-12-12,101,56.86,2719.8,83.8,2.37,2.37,61.9,0.629,0.183,16.51,0.576,7.0,12043.9,5.12,0.5,True,False
BGW-005,4,2020-12-13,102,56.62,2742.7,84.1,2.36,2.36,63.9,0.627,0.181,16.26,0.579,6.84,11946.6,5.23,0.5,True,False
BGW-005,4,2020-12-14,103,56.38,2765.2,85.8,2.32,2.35,61.7,0.624,0.179,16.16,0.621,6.13,12173.2,5.25,0.5,True,False
BGW-005,4,2020-12-15,104,56.16,2787.3,88.4,2.92,2.34,59.9,0.602,0.171,20.05,0.592,8.19,12153.9,5.69,0.601,True,False
BGW-005,4,2020-12-16,105,55.93,2809.0,81.1,2.67,2.33,62.0,0.608,0.171,16.87,0.568,7.28,11623.5,5.37,0.559,True,True
BGW-005,4,2020-12-17,106,55.72,2830.3,84.7,2.81,2.32,61.6,0.6,0.168,18.17,0.589,7.46,12096.5,5.5,0.584,True,False
BGW-005,4,2020-12-18,107,55.51,2851.3,83.7,2.33,2.31,61.0,0.613,0.171,15.15,0.592,6.18,11855.7,4.85,0.503,True,False
BGW-005,4,2020-12-19,108,55.3,2871.9,86.1,2.37,2.31,62.3,0.609,0.169,15.66,0.609,6.12,11978.2,5.01,0.512,True,False
BGW-005,4,2020-12-20,109,55.11,2892.1,83.1,2.95,2.3,60.0,0.588,0.161,17.98,0.632,6.62,11764.2,5.59,0.613,True,False
BGW-005,4,2020-12-21,110,54.91,2912.0,85.2,2.29,2.29,55.6,0.607,0.166,14.72,0.632,5.41,11839.7,4.88,0.501,True,False
BGW-005,4,2020-12-22,111,54.72,2931.5,85.8,2.23,2.28,55.2,0.605,0.164,14.27,0.638,5.17,12285.2,4.95,0.5,True,False
BGW-005,4,2020-12-23,112,54.54,2950.6,81.7,2.28,2.27,60.8,0.602,0.162,13.75,0.642,4.92,11740.7,4.79,0.501,True,False
BGW-005,4,2020-12-24,113,54.36,2969.4,83.1,2.37,2.27,58.2,0.597,0.16,14.32,0.624,5.38,12341.8,5.22,0.518,True,False
BGW-005,4,2020-12-25,114,54.19,2987.8,89.2,2.81,2.26,60.8,0.58,0.155,17.6,0.604,6.97,11952.1,5.52,0.596,True,False
BGW-005,4,2020-12-26,115,54.02,3005.9,82.0,3.04,2.25,55.6,0.57,0.151,17.11,0.656,5.89,12165.2,5.82,0.638,True,False
BGW-005,4,2020-12-27,116,53.85,3023.6,87.3,2.69,2.24,60.0,0.579,0.153,16.31,0.639,5.88,12203.4,5.45,0.578,True,False
BGW-005,4,2020-12-28,117,53.69,3041.0,88.8,3.05,2.24,57.1,0.565,0.15,18.42,0.66,6.26,12252.7,5.97,0.641,True,False
BGW-005,4,2020-12-29,118,53.53,3058.0,90.3,2.88,2.23,58.6,0.568,0.15,17.71,0.647,6.26,12291.0,5.78,0.613,True,False
BGW-005,4,2020-12-30,119,53.38,3074.7,82.3,2.62,2.22,57.5,0.575,0.15,14.72,0.606,5.81,12111.1,5.41,0.57,True,False
BGW-005,4,2020-12-31,120,53.23,3091.0,88.5,2.82,2.22,57.2,0.566,0.15,17.02,0.634,6.23,12139.0,5.47,0.606,True,False
BGW-005,4,2021-01-01,121,53.09,3107.0,86.0,2.4,2.21,58.5,0.578,0.15,14.08,0.672,4.62,11970.0,5.06,0.533,True,False
BGW-005,4,2021-01-02,122,52.94,3122.7,87.9,2.47,2.21,58.3,0.574,0.15,14.78,0.638,5.34,12225.2,5.23,0.545,True,False
BGW-005,4,2021-01-03,123,52.81,3138.1,83.9,2.14,2.2,57.6,0.581,0.15,12.24,0.651,4.27,11777.6,5.07,0.5,True,False
BGW-005,4,2021-01-04,124,52.67,3153.1,89.7,2.39,2.19,55.4,0.572,0.15,14.59,0.699,4.39,12074.0,4.86,0.534,True,False
BGW-005,4,2021-01-05,125,52.54,3167.9,80.7,2.11,2.19,57.4,0.577,0.15,11.63,0.674,3.8,11691.7,4.48,0.5,True,False
BGW-005,4,2021-01-06,126,52.42,3182.3,81.4,2.11,2.18,52.8,0.575,0.15,11.68,0.675,3.79,11926.2,4.82,0.5,True,False
BGW-005,4,2021-01-07,127,52.29,3196.4,82.8,2.26,2.18,54.4,0.571,0.15,12.75,0.677,4.12,11987.3,4.92,0.514,True,False
BGW-005,4,2021-01-08,128,52.17,3210.3,86.8,2.75,2.17,54.5,0.553,0.15,16.26,0.708,4.74,11950.9,5.28,0.601,True,False
BGW-005,4,2021-01-09,129,52.06,3223.8,82.9,2.37,2.17,52.4,0.564,0.15,13.38,0.705,3.94,12154.8,5.02,0.535,True,False
BGW-005,4,2021-01-10,130,51.94,3237.1,80.8,2.16,2.16,51.9,0.569,0.15,11.9,0.678,3.84,11836.8,4.93,0.5,True,False
BGW-005,5,2021-01-24,1,151.99,206.8,100.0,4.76,4.87,87.4,0.9,0.769,166.31,0.139,143.27,12370.5,7.8,0.002,False,False
BGW-005,5,2021-01-25,2,148.54,222.5,100.0,4.61,4.83,86.8,0.9,0.764,159.97,0.139,137.68,11842.0,7.42,0.005,False,False
BGW-005,5,2021-01-26,3,145.21,239.0,97.7,4.99,4.79,93.4,0.893,0.753,166.86,0.18,136.83,11998.4,7.83,0.044,False,False
BGW-005,5,2021-01-27,4,141.99,256.4,96.2,5.16,4.75,84.5,0.886,0.741,167.22,0.182,136.71,12065.3,8.13,0.084,False,False
BGW-005,5,2021-01-28,5,138.88,274.8,100.0,5.38,4.71,81.2,0.878,0.727,177.96,0.165,148.68,12314.6,8.2,0.135,False,False
BGW-005,5,2021-01-29,6,135.87,294.1,99.7,4.61,4.67,82.2,0.9,0.739,154.49,0.166,128.77,12317.4,7.72,0.021,False,False
BGW-005,5,2021-01-30,7,132.95,314.4,100.0,5.85,4.63,88.0,0.859,0.699,185.75,0.184,151.66,12204.6,8.86,0.24,False,False
BGW-005,5,2021-01-31,8,130.14,335.6,97.1,4.72,4.58,91.5,0.895,0.721,150.26,0.161,126.13,12135.6,7.65,0.056,False,False
BGW-005,5,2021-02-01,9,127.42,357.8,100.0,4.46,4.54,92.5,0.9,0.717,145.28,0.207,115.22,12213.2,7.32,0.036,False,False
BGW-005,5,2021-02-02,10,124.78,381.0,98.4,4.47,4.49,87.2,0.9,0.709,141.76,0.227,109.53,11918.4,7.18,0.041,False,False
BGW-005,5,2021-02-03,11,122.24,405.1,100.0,4.22,4.44,88.3,0.899,0.7,134.29,0.175,110.77,12270.4,7.0,0.047,False,False
BGW-005,5,2021-02-04,12,119.78,430.3,100.0,4.73,4.4,82.5,0.885,0.68,146.31,0.198,117.39,12267.3,7.72,0.111,False,False
BGW-005,5,2021-02-05,13,117.4,456.4,100.0,4.48,4.35,85.5,0.889,0.674,137.22,0.186,111.7,12220.3,7.37,0.081,False,False
BGW-005,5,2021-02-06,14,115.09,483.5,100.0,4.65,4.3,82.6,0.879,0.657,138.97,0.216,108.93,12511.8,7.73,0.126,False,False
BGW-005,5,2021-02-07,15,112.87,511.6,99.7,4.21,4.25,86.7,0.887,0.654,125.01,0.225,96.87,11877.5,7.03,0.071,False,False
BGW-005,5,2021-02-08,16,110.72,540.6,97.9,4.24,4.2,84.4,0.882,0.642,121.05,0.228,93.41,12176.0,7.2,0.084,False,False
BGW-005,5,2021-02-09,17,108.64,570.6,97.9,4.28,4.16,85.5,0.876,0.627,119.35,0.198,95.67,12302.7,7.45,0.105,False,False
BGW-005,5,2021-02-10,18,106.62,601.5,97.4,4.31,4.11,82.7,0.87,0.613,116.93,0.226,90.47,12443.9,7.16,0.126,False,False
BGW-005,5,2021-02-11,19,104.68,633.3,98.0,4.18,4.06,90.4,0.869,0.603,112.19,0.243,84.95,12106.3,7.13,0.12,False,False
BGW-005,5,2021-02-12,20,102.8,666.0,100.0,3.97,4.01,79.3,0.869,0.593,106.94,0.223,83.12,12276.6,6.75,0.106,False,False
BGW-005,5,2021-02-13,21,100.98,699.5,96.4,4.14,3.96,87.4,0.859,0.576,104.65,0.239,79.61,12102.3,7.1,0.146,False,False
BGW-005,5,2021-02-14,22,99.22,733.9,98.3,4.06,3.91,77.1,0.856,0.565,102.42,0.256,76.19,12276.8,7.13,0.147,False,False
BGW-005,5,2021-02-15,23,97.51,769.1,97.1,3.95,3.86,77.8,0.854,0.554,96.4,0.253,72.0,12127.0,6.66,0.144,False,False
BGW-005,5,2021-02-16,24,95.87,805.1,96.7,3.94,3.82,88.6,0.849,0.54,93.65,0.235,71.64,12307.5,6.86,0.16,False,False
BGW-005,5,2021-02-17,25,94.28,841.8,99.0,3.9,3.77,80.2,0.844,0.528,92.63,0.221,72.12,12286.3,6.72,0.169,False,False
BGW-005,5,2021-02-18,26,92.74,879.2,95.6,3.78,3.72,81.2,0.842,0.517,84.85,0.273,61.66,12289.2,6.7,0.164,False,False
BGW-005,5,2021-02-19,27,91.25,917.3,94.8,3.77,3.68,87.6,0.837,0.504,81.8,0.278,59.07,12160.9,6.61,0.179,False,False
BGW-005,5,2021-02-20,28,89.81,956.0,95.7,3.75,3.63,85.4,0.831,0.491,80.07,0.286,57.17,12191.3,6.73,0.192,False,False
BGW-005,5,2021-02-21,29,88.42,995.3,99.2,3.63,3.59,79.8,0.829,0.481,78.56,0.243,59.46,12600.8,6.95,0.188,False,False
BGW-005,5,2021-02-22,30,87.08,1035.1,92.0,3.77,3.54,84.6,0.818,0.465,73.41,0.298,51.54,11920.4,6.39,0.23,False,False
BGW-005,5,2021-02-23,31,85.78,1075.4,100.0,4.69,3.5,77.9,0.782,0.436,92.87,0.263,68.46,12027.6,7.42,0.407,False,False
BGW-005,5,2021-02-24,32,84.52,1116.2,99.0,4.4,3.46,80.2,0.785,0.43,84.94,0.271,61.95,12415.7,7.38,0.373,False,False
BGW-005,5,2021-02-25,33,83.31,1157.4,97.9,3.4,3.41,81.9,0.812,0.436,65.88,0.333,43.97,12334.1,6.35,0.218,False,False
BGW-005,5,2021-02-26,34,82.13,1199.0,96.6,3.48,3.37,82.4,0.803,0.423,64.55,0.308,44.66,12321.7,6.41,0.245,False,False
BGW-005,5,2021-02-27,35,80.99,1240.9,93.3,3.29,3.33,73.1,0.802,0.414,57.8,0.29,41.06,12153.3,5.84,0.237,False,False
BGW-005,5,2021-02-28,36,79.89,1283.0,97.2,4.16,3.29,69.3,0.768,0.389,71.46,0.298,50.19,12353.8,7.0,0.397,False,False
BGW-005,5,2021-03-01,37,78.83,1325.4,96.1,3.41,3.25,79.9,0.787,0.391,58.22,0.31,40.15,12247.0,6.43,0.283,False,False
BGW-005,5,2021-03-02,38,77.8,1368.0,100.0,3.9,3.22,80.1,0.764,0.373,66.03,0.336,43.85,12664.5,6.99,0.385,False,False
BGW-005,5,2021-03-03,39,76.81,1410.7,100.0,3.45,3.18,80.7,0.773,0.37,57.94,0.34,38.25,12224.4,6.03,0.322,False,False
BGW-005,5,2021-03-04,40,75.85,1453.6,95.5,3.11,3.14,75.7,0.777,0.365,49.23,0.322,33.37,12281.5,5.66,0.285,False,False
BGW-005,5,2021-03-05,41,74.92,1496.5,99.6,3.29,3.11,77.4,0.766,0.353,52.62,0.37,33.13,12402.2,5.98,0.327,False,False
BGW-005,5,2021-03-06,42,74.02,1539.4,90.8,2.96,3.07,76.0,0.767,0.347,42.38,0.298,29.76,12028.0,5.93,0.304,False,False
BGW-005,5,2021-03-07,43,73.15,1582.2,89.4,4.04,3.04,66.4,0.729,0.324,53.08,0.343,34.88,11792.7,6.68,0.488,True,False
BGW-005,5,2021-03-08,44,72.31,1625.0,94.4,3.09,3.01,77.7,0.754,0.329,43.6,0.358,27.97,12266.3,5.85,0.338,False,False
BGW-005,5,2021-03-09,45,71.5,1667.7,90.2,3.0,2.97,76.0,0.751,0.322,39.64,0.346,25.93,12186.9,5.76,0.339,False,False
BGW-005,5,2021-03-10,46,70.71,1710.3,92.7,2.97,2.94,75.2,0.746,0.314,39.3,0.37,24.74,12320.9,5.69,0.348,False,False
BGW-005,5,2021-03-11,47,69.95,1752.7,99.6,4.13,2.91,64.9,0.702,0.29,54.27,0.382,33.56,12215.3,7.29,0.566,True,False
BGW-005,5,2021-03-12,48,69.22,1794.8,90.9,2.82,2.88,74.0,0.737,0.3,34.87,0.355,22.49,11922.3,5.26,0.362,False,False
BGW-005,5,2021-03-13,49,68.5,1836.8,98.6,3.87,2.86,73.0,0.699,0.279,48.37,0.357,31.11,12470.1,6.81,0.549,True,False
BGW-005,5,2021-03-14,50,67.82,1878.4,92.3,2.9,2.83,68.4,0.725,0.285,34.72,0.364,22.09,12186.7,5.91,0.395,False,False
BGW-005,5,2021-03-15,51,67.15,1919.7,94.9,3.82,2.8,66.5,0.689,0.266,43.89,0.389,26.79,12299.2,6.54,0.569,True,False
BGW-005,5,2021-03-16,52,66.51,1960.7,89.3,2.81,2.77,69.4,0.717,0.273,31.15,0.363,19.83,12226.0,5.59,0.407,False,False
BGW-005,5,2021-03-17,53,65.89,2001.3,89.0,2.81,2.75,64.2,0.711,0.267,30.29,0.344,19.86,11937.3,5.41,0.42,False,False
BGW-005,5,2021-03-18,54,65.29,2041.5,92.4,3.29,2.72,63.2,0.69,0.255,35.17,0.374,22.02,12298.6,6.17,0.518,True,False
BGW-005,5,2021-03-19,55,64.71,2081.3,86.7,3.0,2.7,69.4,0.694,0.252,29.81,0.396,18.01,12091.2,6.02,0.48,True,False
BGW-005,5,2021-03-20,56,64.15,2120.6,92.8,3.47,2.68,67.5,0.673,0.241,35.25,0.389,21.52,12482.1,6.23,0.575,True,False
BGW-005,5,2021-03-21,57,63.6,2159.5,94.6,3.06,2.66,64.2,0.681,0.24,31.67,0.42,18.37,12572.9,5.97,0.517,True,False
BGW-005,5,2021-03-22,58,63.08,2197.9,91.3,2.72,2.63,66.7,0.688,0.239,26.97,0.433,15.3,12318.3,5.19,0.468,True,False
BGW-005,5,2021-03-23,59,62.57,2235.8,89.5,3.31,2.61,63.6,0.663,0.227,30.6,0.42,17.76,12123.0,5.92,0.584,True,False
BGW-005,5,2021-03-24,60,62.08,2273.2,91.3,3.15,2.59,68.5,0.663,0.224,29.33,0.438,16.47,12248.1,6.17,0.568,True,False
BGW-005,5,2021-03-25,61,61.6,2310.1,88.4,2.65,2.57,70.2,0.675,0.225,24.0,0.434,13.59,11812.5,5.42,0.493,True,False
BGW-005,5,2021-03-26,62,61.14,2346.4,87.4,2.47,2.55,63.4,0.673,0.222,21.82,0.417,12.72,12198.7,5.26,0.488,True,False
BGW-005,5,2021-03-27,63,60.7,2382.1,84.3,2.81,2.53,68.6,0.66,0.215,23.11,0.437,13.0,12023.7,5.62,0.544,True,False
BGW-005,5,2021-03-28,64,60.27,2417.3,85.2,2.42,2.52,61.1,0.665,0.214,20.04,0.435,11.33,11753.8,4.9,0.5,True,False
BGW-005,5,2021-03-29,65,59.86,2451.9,89.0,2.56,2.5,64.5,0.659,0.209,21.67,0.429,12.38,12194.5,5.11,0.511,True,False
BGW-005,5,2021-03-30,66,59.45,2485.9,88.6,2.48,2.48,59.6,0.657,0.206,20.58,0.402,12.31,11998.6,5.13,0.5,True,False
BGW-005,5,2021-03-31,67,59.07,2519.3,84.7,2.55,2.47,61.2,0.65,0.202,19.83,0.442,11.06,11811.8,4.81,0.515,True,False
BGW-005,5,2021-04-01,68,58.69,2552.1,84.3,3.16,2.45,58.0,0.625,0.192,23.27,0.463,12.51,12144.5,5.82,0.625,True,False
BGW-005,5,2021-04-02,69,58.33,2584.3,84.7,2.42,2.43,59.4,0.645,0.196,18.25,0.47,9.67,12130.4,5.25,0.5,True,False
BGW-005,5,2021-04-03,70,57.98,2615.9,84.7,2.42,2.42,65.7,0.641,0.193,17.96,0.433,10.19,11740.5,5.32,0.5,True,False
BGW-005,5,2021-04-04,71,57.64,2646.9,93.5,3.23,2.41,59.2,0.61,0.182,24.92,0.465,13.33,12198.7,6.15,0.644,True,False
BGW-005,5,2021-04-05,72,57.31,2677.2,84.2,2.45,2.39,59.1,0.632,0.186,17.44,0.452,9.55,12094.2,5.24,0.51,True,False
BGW-005,5,2021-04-06,73,56.99,2707.0,83.7,2.38,2.38,59.0,0.631,0.184,16.67,0.443,9.29,11494.0,4.9,0.501,True,False
BGW-005,5,2021-04-07,74,56.69,2736.1,88.3,3.25,2.36,57.0,0.598,0.173,22.54,0.483,11.66,12254.0,6.14,0.656,True,False
BGW-005,5,2021-04-08,75,56.39,2764.7,86.9,2.35,2.35,60.0,0.624,0.179,16.61,0.49,8.47,12241.5,4.84,0.5,True,False
BGW-005,5,2021-04-09,76,56.1,2792.6,89.1,3.35,2.34,56.4,0.587,0.167,22.61,0.468,12.03,12289.6,6.19,0.677,True,False
BGW-005,5,2021-04-10,77,55.82,2819.9,80.7,3.02,2.33,54.5,0.595,0.167,18.52,0.492,9.41,11794.0,5.6,0.621,True,False
BGW-005,5,2021-04-11,78,55.56,2846.6,84.3,2.38,2.32,63.6,0.612,0.171,15.59,0.496,7.86,12107.4,5.09,0.512,True,False
BGW-005,5,2021-04-12,79,55.3,2872.7,91.2,2.88,2.31,53.6,0.592,0.164,19.55,0.501,9.76,12165.5,5.62,0.6,True,False
BGW-005,5,2021-04-13,80,55.05,2898.3,83.2,2.37,2.3,63.1,0.606,0.166,14.87,0.501,7.43,12014.6,5.14,0.512,True,False
BGW-005,5,2021-04-14,81,54.8,2923.2,86.3,2.24,2.28,59.7,0.606,0.165,14.5,0.479,7.55,11853.5,4.84,0.5,True,False
BGW-005,5,2021-04-15,82,54.57,2947.5,81.2,2.18,2.27,58.3,0.603,0.163,13.06,0.494,6.61,11787.2,4.82,0.5,True,False
BGW-005,5,2021-04-16,83,54.34,2971.3,85.0,2.33,2.27,61.3,0.598,0.16,14.42,0.507,7.11,11978.2,4.94,0.511,True,False
BGW-005,5,2021-04-17,84,54.12,2994.5,84.7,2.25,2.26,62.6,0.597,0.159,13.8,0.528,6.51,12165.3,4.64,0.5,True,False
BGW-005,5,2021-04-18,85,53.91,3017.1,83.5,2.21,2.25,60.0,0.595,0.157,13.16,0.519,6.33,11882.4,4.51,0.5,True,False
BGW-005,5,2021-04-19,86,53.71,3039.2,83.3,2.24,2.24,56.3,0.592,0.155,13.17,0.544,6.01,11974.6,4.98,0.5,True,False
BGW-005,5,2021-04-20,87,53.51,3060.7,81.4,2.31,2.23,59.9,0.587,0.153,13.1,0.513,6.38,11546.9,4.85,0.515,True,False
BGW-005,5,2021-04-21,88,53.32,3081.7,81.0,2.2,2.22,54.5,0.587,0.152,12.34,0.544,5.63,11890.2,5.11,0.5,True,False
BGW-005,5,2021-04-22,89,53.13,3102.2,83.5,2.31,2.21,54.6,0.582,0.15,13.15,0.518,6.34,12141.5,5.21,0.517,True,False
BGW-005,5,2021-04-23,90,52.95,3122.1,87.4,3.18,2.21,57.7,0.55,0.15,18.95,0.562,8.3,12134.8,5.7,0.67,True,False
BGW-005,5,2021-04-24,91,52.78,3141.5,81.0,2.12,2.2,54.6,0.58,0.15,11.7,0.562,5.12,11760.5,4.77,0.5,True,False
BGW-005,5,2021-04-25,92,52.61,3160.4,84.3,2.26,2.19,53.2,0.576,0.15,13.01,0.558,5.75,12145.1,5.06,0.513,True,False
BGW-005,5,2021-04-26,93,52.45,3178.8,83.1,2.12,2.18,53.0,0.576,0.15,12.02,0.513,5.85,11990.8,4.68,0.5,True,False
BGW-005,5,2021-04-27,94,52.29,3196.8,82.3,3.1,2.18,55.3,0.543,0.15,17.39,0.576,7.37,11936.2,5.92,0.662,True,False
BGW-005,5,2021-04-28,95,52.14,3214.2,86.9,2.91,2.17,52.1,0.547,0.15,17.24,0.608,6.77,12297.3,5.53,0.629,True,False
BGW-005,5,2021-04-29,96,51.99,3231.2,83.4,2.81,2.17,56.6,0.548,0.15,15.97,0.57,6.88,12185.1,5.86,0.613,True,False
BGW-005,5,2021-04-30,97,51.85,3247.7,80.2,2.94,2.16,56.3,0.542,0.15,16.08,0.593,6.55,11767.5,5.62,0.637,True,False
BGW-005,5,2021-05-01,98,51.71,3263.8,80.1,3.05,2.15,52.0,0.536,0.15,16.65,0.572,7.12,11590.7,5.65,0.657,True,False
BGW-005,5,2021-05-02,99,51.58,3279.4,83.0,2.81,2.15,56.1,0.542,0.15,15.86,0.583,6.62,11888.8,5.24,0.615,True,False
BGW-005,5,2021-05-03,100,51.45,3294.6,80.2,2.24,2.14,52.6,0.559,0.15,12.25,0.577,5.19,11776.5,4.94,0.517,True,False
BGW-005,5,2021-05-04,101,51.33,3309.3,81.3,2.08,2.14,56.2,0.561,0.15,11.52,0.598,4.64,11907.7,4.77,0.5,True,False
BGW-005,5,2021-05-05,102,51.21,3323.7,78.9,2.2,2.13,51.4,0.557,0.15,11.82,0.602,4.71,11775.3,4.6,0.511,True,False
BGW-005,5,2021-05-06,103,51.09,3337.6,79.6,2.13,2.13,57.0,0.557,0.15,11.58,0.567,5.01,11772.4,4.53,0.501,True,False
BGW-005,5,2021-05-07,104,50.98,3351.2,83.1,2.08,2.12,51.6,0.556,0.15,11.81,0.591,4.84,12100.0,4.92,0.5,True,False
BGW-005,5,2021-05-08,105,50.87,3364.3,79.7,2.16,2.12,57.6,0.553,0.15,11.75,0.671,3.86,11846.3,4.62,0.508,True,False
BGW-005,5,2021-05-09,106,50.77,3377.1,82.0,2.41,2.11,50.3,0.543,0.15,13.48,0.624,5.07,11950.7,4.96,0.552,True,False
BGW-005,5,2021-05-10,107,50.67,3389.5,78.7,2.83,2.11,48.1,0.527,0.15,15.19,0.616,5.84,11584.4,5.6,0.626,True,False
BGW-005,5,2021-05-11,108,50.57,3401.6,77.6,2.88,2.1,48.4,0.524,0.15,15.22,0.617,5.82,11791.7,5.53,0.635,True,False
BGW-005,5,2021-05-12,109,50.47,3413.3,81.4,2.02,2.1,49.7,0.55,0.15,11.21,0.649,3.94,11965.3,4.91,0.5,True,False
BGW-005,5,2021-05-13,110,50.38,3424.7,80.4,2.08,2.1,52.3,0.55,0.15,11.41,0.658,3.9,11866.7,4.85,0.5,True,False
BGW-005,5,2021-05-14,111,50.29,3435.7,82.1,2.99,2.09,53.7,0.52,0.15,16.72,0.625,6.27,11831.2,5.66,0.656,True,False
BGW-005,5,2021-05-15,112,50.21,3446.4,78.3,2.09,2.09,51.4,0.55,0.15,11.16,0.649,3.92,12252.0,4.77,0.5,True,False
BGW-005,5,2021-05-16,113,50.13,3456.8,84.0,2.99,2.09,48.2,0.52,0.15,17.11,0.695,5.23,12208.1,5.86,0.658,True,False
BGW-005,5,2021-05-17,114,50.05,3466.9,86.7,2.49,2.08,51.7,0.537,0.15,14.7,0.648,5.18,12423.0,5.51,0.571,True,False
BGW-005,5,2021-05-18,115,49.97,3476.7,79.6,2.17,2.08,51.9,0.547,0.15,11.78,0.646,4.17,11877.7,4.57,0.516,True,False
BGW-005,5,2021-05-19,116,49.89,3486.2,81.3,2.02,2.08,57.2,0.55,0.15,11.22,0.632,4.13,11867.8,4.88,0.5,True,False
BGW-005,5,2021-05-20,117,49.82,3495.4,87.5,2.28,2.07,55.5,0.543,0.15,13.57,0.705,4.0,12264.5,5.15,0.535,True,False
BGW-005,5,2021-05-21,118,49.75,3504.3,81.2,2.0,2.07,53.4,0.55,0.15,11.09,0.668,3.68,11951.2,4.59,0.5,True,False
BGW-005,5,2021-05-22,119,49.68,3513.0,80.9,1.99,2.07,55.6,0.55,0.15,10.97,0.649,3.85,11826.7,4.51,0.5,True,False
BGW-005,5,2021-05-23,120,49.62,3521.4,84.7,2.84,2.06,48.1,0.524,0.15,16.4,0.675,5.33,12178.3,5.44,0.636,True,False
BGW-005,5,2021-05-24,121,49.55,3529.5,81.5,2.0,2.06,54.9,0.55,0.15,11.11,0.666,3.71,12199.8,4.77,0.5,True,False
BGW-005,5,2021-05-25,122,49.49,3537.4,87.7,2.4,2.06,56.0,0.539,0.15,14.34,0.638,5.2,12332.0,5.05,0.559,True,False
BGW-005,5,2021-05-26,123,49.43,3545.1,85.8,2.3,2.06,53.0,0.542,0.15,13.44,0.699,4.05,12109.2,4.96,0.542,True,False
BGW-005,5,2021-05-27,124,49.38,3552.5,79.8,2.19,2.05,54.6,0.545,0.15,11.92,0.715,3.39,12084.7,4.97,0.524,True,False
BGW-005,6,2021-06-08,1,172.0,138.3,98.1,5.03,5.04,82.1,0.9,0.792,177.64,0.162,148.82,12337.2,8.16,0.0,False,False
BGW-005,6,2021-06-09,2,168.57,147.8,97.9,4.98,5.02,83.6,0.9,0.789,174.89,0.188,142.05,11838.2,7.81,0.0,False,False
BGW-005,6,2021-06-10,3,165.23,157.9,100.0,5.01,4.99,93.6,0.899,0.785,178.84,0.201,142.83,12043.0,7.94,0.003,False,False
BGW-005,6,2021-06-11,4,161.98,168.4,100.0,4.98,4.96,92.3,0.899,0.782,177.04,0.2,141.56,12026.7,7.69,0.003,False,False
BGW-005,6,2021-06-12,5,158.82,179.5,98.4,4.69,4.94,82.6,0.9,0.779,163.35,0.209,129.26,12123.0,7.44,0.0,False,False
BGW-005,6,2021-06-13,6,155.75,191.2,99.6,5.71,4.91,87.0,0.873,0.752,194.43,0.199,155.78,12400.8,9.01,0.141,False,False
BGW-005,6,2021-06-14,7,152.77,203.4,95.4,6.5,4.88,76.6,0.846,0.724,204.15,0.201,163.19,11836.2,9.45,0.285,False,False
BGW-005,6,2021-06-15,8,149.86,216.3,100.0,6.5,4.85,85.3,0.845,0.719,212.47,0.244,160.73,12116.9,9.79,0.293,False,False
BGW-005,6,2021-06-16,9,147.04,229.7,100.0,4.68,4.81,90.2,0.9,0.762,162.04,0.227,125.3,12204.8,7.44,0.007,False,False
BGW-005,6,2021-06-17,10,144.3,243.8,97.1,6.21,4.78,77.9,0.852,0.717,196.31,0.29,139.41,12043.0,9.35,0.26,False,False
BGW-005,6,2021-06-18,11,141.63,258.5,100.0,4.57,4.75,86.6,0.9,0.752,156.01,0.262,115.08,12110.3,7.53,0.013,False,False
BGW-005,6,2021-06-19,12,139.03,273.9,100.0,5.3,4.71,81.0,0.88,0.73,175.8,0.295,123.96,12297.7,8.34,0.119,False,False
BGW-005,6,2021-06-20,13,136.51,289.9,100.0,4.58,4.68,81.6,0.9,0.741,154.24,0.281,110.9,12297.0,7.54,0.02,False,False
BGW-005,6,2021-06-21,14,134.05,306.5,100.0,4.92,4.64,90.3,0.891,0.727,162.54,0.314,111.47,11881.8,7.61,0.073,False,False
BGW-005,6,2021-06-22,15,131.67,323.9,97.8,4.68,4.61,87.8,0.897,0.727,151.23,0.307,104.74,12233.2,7.92,0.041,False,False
BGW-005,6,2021-06-23,16,129.35,341.9,98.5,4.71,4.57,81.9,0.895,0.719,151.59,0.299,106.31,11944.7,7.72,0.057,False,False
BGW-005,6,2021-06-24,17,127.09,360.6,100.0,5.95,4.53,85.1,0.853,0.678,183.47,0.316,125.54,11998.4,8.97,0.286,False,False
BGW-005,6,2021-06-25,18,124.9,379.9,100.0,4.5,4.49,91.2,0.9,0.709,144.92,0.352,93.89,12160.2,7.47,0.042,False,False
BGW-005,6,2021-06-26,19,122.77,400.0,99.4,4.45,4.45,83.2,0.9,0.702,141.28,0.398,85.0,12263.6,7.57,0.045,False,False
BGW-005,6,2021-06-27,20,120.69,420.7,100.0,5.24,4.41,79.1,0.87,0.672,160.02,0.405,95.24,12214.5,8.22,0.195,False,False
BGW-005,6,2021-06-28,21,118.67,442.1,100.0,5.23,4.38,87.8,0.867,0.662,157.24,0.416,91.78,12303.6,8.42,0.204,False,False
BGW-005,6,2021-06-29,22,116.71,464.3,99.9,4.25,4.34,91.4,0.893,0.674,130.04,0.407,77.15,12196.9,7.07,0.06,False,False
BGW-005,6,2021-06-30,23,114.81,487.0,99.9,4.13,4.3,90.6,0.89,0.665,124.63,0.409,73.71,12387.8,7.15,0.065,False,False
BGW-005,6,2021-07-01,24,112.95,510.5,100.0,5.56,4.26,81.8,0.843,0.623,157.44,0.45,86.64,12513.1,8.92,0.3,False,False
BGW-005,6,2021-07-02,25,111.15,534.6,98.8,5.8,4.21,84.4,0.831,0.606,157.99,0.435,89.27,11856.2,8.69,0.354,False,False
BGW-005,6,2021-07-03,26,109.4,559.4,98.5,4.25,4.17,86.4,0.879,0.633,120.42,0.459,65.11,12356.1,7.16,0.095,False,False
BGW-005,6,2021-07-04,27,107.69,584.8,99.1,4.02,4.13,80.6,0.878,0.625,113.03,0.475,59.4,12106.2,6.67,0.087,False,False
BGW-005,6,2021-07-05,28,106.03,610.9,100.0,5.48,4.09,85.5,0.829,0.582,144.83,0.462,77.97,12338.0,8.66,0.336,False,False
BGW-005,6,2021-07-06,29,104.42,637.6,98.8,5.67,4.05,81.9,0.818,0.567,144.2,0.522,68.87,12427.6,8.94,0.382,False,False
BGW-005,6,2021-07-07,30,102.85,664.9,100.0,4.61,4.01,85.2,0.849,0.58,121.41,0.516,58.77,12451.2,7.77,0.21,False,False
BGW-005,6,2021-07-08,31,101.33,692.9,95.7,4.36,3.97,82.8,0.853,0.574,108.86,0.53,51.18,12091.3,7.23,0.18,False,False
BGW-005,6,2021-07-09,32,99.85,721.4,100.0,4.8,3.93,80.0,0.833,0.553,120.71,0.527,57.09,12446.4,7.67,0.271,False,False
BGW-005,6,2021-07-10,33,98.41,750.4,99.1,3.9,3.89,78.4,0.859,0.562,98.76,0.559,43.52,12338.9,6.87,0.127,False,False
BGW-005,6,2021-07-11,34,97.01,780.0,99.9,3.93,3.85,84.1,0.853,0.55,98.25,0.55,44.19,12492.7,6.96,0.147,False,False
BGW-005,6,2021-07-12,35,95.64,810.2,100.0,4.61,3.81,83.8,0.825,0.524,109.83,0.545,50.0,12357.5,7.37,0.279,False,False
BGW-005,6,2021-07-13,36,94.32,840.9,100.0,5.18,3.77,74.9,0.802,0.501,117.98,0.545,53.68,12168.0,8.22,0.392,False,False
BGW-005,6,2021-07-14,37,93.03,872.0,97.1,3.77,3.73,78.4,0.844,0.519,86.43,0.584,35.96,12156.1,6.34,0.16,False,False
BGW-005,6,2021-07-15,38,91.78,903.6,100.0,4.77,3.69,77.5,0.805,0.488,105.86,0.626,39.56,12404.7,7.91,0.348,False,False
BGW-005,6,2021-07-16,39,90.56,935.7,95.0,3.59,3.66,76.0,0.838,0.5,77.46,0.627,28.88,12080.2,6.39,0.167,False,False
BGW-005,6,2021-07-17,40,89.38,968.2,95.3,4.44,3.62,76.1,0.806,0.474,91.1,0.646,32.24,12037.0,7.16,0.319,False,False
BGW-005,6,2021-07-18,41,88.22,1001.1,96.5,3.4,3.58,76.3,0.83,0.48,71.62,0.666,23.93,12339.1,6.28,0.182,False,False
BGW-005,6,2021-07-19,42,87.1,1034.3,100.0,4.63,3.54,77.2,0.79,0.449,94.55,0.7,28.32,12428.1,7.77,0.38,False,False
BGW-005,6,2021-07-20,43,86.02,1067.9,96.5,3.38,3.51,75.1,0.822,0.46,68.18,0.656,23.43,12318.2,6.22,0.197,False,False
BGW-005,6,2021-07-21,44,84.96,1101.9,95.8,3.52,3.47,78.5,0.816,0.45,68.96,0.712,19.83,12256.5,6.37,0.213,False,False
BGW-005,6,2021-07-22,45,83.93,1136.1,94.2,4.46,3.44,71.6,0.78,0.423,80.77,0.697,24.44,12254.4,7.39,0.392,False,False
BGW-006,1,2019-01-05,1,180.46,77.7,100.0,6.38,5.22,85.5,0.861,0.776,224.92,0.12,197.83,12193.4,9.39,0.203,False,False
BGW-006,1,2019-01-06,2,177.18,82.6,100.0,6.26,5.2,84.2,0.865,0.778,221.36,0.133,191.9,11814.1,9.19,0.185,False,False
BGW-006,1,2019-01-07,3,173.98,87.8,100.0,6.29,5.19,84.0,0.863,0.775,221.49,0.184,180.76,12104.1,9.09,0.193,False,False
BGW-006,1,2019-01-08,4,170.86,93.2,100.0,5.0,5.17,89.7,0.9,0.806,183.09,0.179,150.41,12100.2,7.9,0.0,False,False
BGW-006,1,2019-01-09,5,167.82,98.8,98.0,5.54,5.16,90.1,0.887,0.793,195.75,0.164,163.6,12035.8,8.53,0.067,False,False
BGW-006,1,2019-01-10,6,164.86,104.8,98.6,5.24,5.14,91.1,0.897,0.8,187.8,0.124,164.55,12082.8,8.12,0.017,False,False
BGW-006,1,2019-01-11,7,161.96,111.0,100.0,5.02,5.12,84.8,0.9,0.801,182.54,0.186,148.65,12333.8,7.97,0.0,False,False
BGW-006,1,2019-01-12,8,159.14,117.5,100.0,6.41,5.1,77.5,0.856,0.76,221.48,0.19,179.45,12124.1,9.22,0.229,False,False
BGW-006,1,2019-01-13,9,156.39,124.3,100.0,6.5,5.08,82.2,0.853,0.755,223.01,0.181,182.73,11946.6,9.41,0.248,False,False
BGW-006,1,2019-01-14,10,153.7,131.4,99.2,5.29,5.06,86.9,0.892,0.788,187.97,0.183,153.52,12118.5,8.16,0.04,False,False
BGW-006,1,2019-01-15,11,151.09,138.8,100.0,6.18,5.04,77.7,0.862,0.759,213.04,0.167,177.53,12038.9,9.03,0.199,False,False
BGW-006,1,2019-01-16,12,148.53,146.6,100.0,5.31,5.02,91.2,0.89,0.781,188.59,0.198,151.25,11959.6,8.05,0.051,False,False
BGW-006,1,2019-01-17,13,146.04,154.6,100.0,4.76,5.0,86.3,0.9,0.787,170.4,0.209,134.77,12174.0,7.61,0.0,False,False
BGW-006,1,2019-01-18,14,143.61,163.0,100.0,6.5,4.98,81.7,0.849,0.74,218.61,0.199,175.05,12147.8,9.49,0.266,False,False
BGW-006,1,2019-01-19,15,141.24,171.7,98.5,6.21,4.96,85.5,0.858,0.745,207.23,0.18,169.92,11950.7,9.55,0.22,False,False
BGW-006,1,2019-01-20,16,138.93,180.8,100.0,6.11,4.93,77.6,0.861,0.744,206.64,0.238,157.49,12288.4,9.26,0.206,False,False
BGW-006,1,2019-01-21,17,136.68,190.2,97.0,4.79,4.91,86.6,0.9,0.775,163.65,0.244,123.67,11865.6,7.78,0.0,False,False
BGW-006,1,2019-01-22,18,134.48,200.0,99.7,5.7,4.89,85.7,0.873,0.749,193.25,0.179,158.74,12418.1,8.73,0.142,False,False
BGW-006,1,2019-01-23,19,132.34,210.1,100.0,6.5,4.86,81.8,0.845,0.722,213.19,0.194,171.93,12168.6,9.4,0.289,False,False
BGW-006,1,2019-01-24,20,130.25,220.5,98.0,4.7,4.84,91.9,0.9,0.765,160.16,0.199,128.23,12173.1,7.72,0.005,False,False
BGW-006,1,2019-01-25,21,128.21,231.3,100.0,5.17,4.81,86.8,0.888,0.751,176.5,0.247,132.85,12053.9,8.18,0.071,False,False
BGW-006,1,2019-01-26,22,126.22,242.5,100.0,4.57,4.78,88.1,0.9,0.757,157.29,0.237,120.07,12220.7,7.45,0.01,False,False
BGW-006,1,2019-01-27,23,124.28,254.0,100.0,4.59,4.76,84.8,0.9,0.753,157.09,0.223,122.09,12352.1,7.51,0.012,False,False
BGW-006,1,2019-01-28,24,122.39,265.9,100.0,6.25,4.73,82.6,0.849,0.707,200.66,0.239,152.8,12231.8,9.37,0.28,False,False
BGW-006,1,2019-01-29,25,120.54,278.2,100.0,5.23,4.7,88.8,0.882,0.73,173.59,0.251,129.98,12096.3,8.14,0.11,False,False
BGW-006,1,2019-01-30,26,118.74,290.8,97.3,4.69,4.68,83.5,0.9,0.74,153.37,0.238,116.85,12008.3,7.52,0.023,False,False
BGW-006,1,2019-01-31,27,116.99,303.8,100.0,6.26,4.65,83.3,0.846,0.692,196.75,0.238,149.93,12520.3,9.58,0.305,False,False
BGW-006,1,2019-02-01,28,115.27,317.1,100.0,5.0,4.62,88.7,0.887,0.721,163.7,0.226,126.71,12265.9,7.86,0.093,False,False
BGW-006,1,2019-02-02,29,113.6,330.8,100.0,4.54,4.59,83.3,0.9,0.726,149.74,0.229,115.39,11933.5,7.45,0.03,False,False
BGW-006,1,2019-02-03,30,111.98,344.8,100.0,5.24,4.56,80.4,0.878,0.703,167.37,0.227,129.45,12338.3,8.33,0.151,False,False
BGW-006,1,2019-02-04,31,110.39,359.2,95.0,5.24,4.53,79.0,0.876,0.698,157.8,0.254,117.74,11973.4,8.17,0.16,False,False
BGW-006,1,2019-02-05,32,108.84,373.9,100.0,4.48,4.5,86.0,0.9,0.711,144.8,0.286,103.45,12090.5,7.32,0.04,False,False
BGW-006,1,2019-02-06,33,107.33,389.0,100.0,4.35,4.47,85.8,0.9,0.706,139.62,0.269,102.08,12312.3,7.25,0.043,False,False
BGW-006,1,2019-02-07,34,105.85,404.4,100.0,6.12,4.45,80.4,0.844,0.657,182.68,0.279,131.72,12356.4,9.22,0.34,False,False
BGW-006,1,2019-02-08,35,104.42,420.1,96.3,5.15,4.42,81.9,0.873,0.674,152.13,0.272,110.78,12082.6,8.35,0.179,False,False
BGW-006,1,2019-02-09,36,103.01,436.2,100.0,4.9,4.39,81.5,0.879,0.673,149.92,0.281,107.75,11944.4,7.7,0.144,False,False
BGW-006,1,2019-02-10,37,101.65,452.5,100.0,5.22,4.36,87.2,0.865,0.657,155.96,0.266,114.55,12294.6,8.29,0.208,False,False
BGW-006,1,2019-02-11,38,100.31,469.2,97.2,4.21,4.33,93.4,0.892,0.672,125.15,0.27,91.41,12294.0,7.12,0.061,False,False
BGW-006,1,2019-02-12,39,99.01,486.2,100.0,5.11,4.3,80.3,0.863,0.645,149.83,0.258,111.16,12085.1,8.04,0.208,False,False
BGW-006,1,2019-02-13,40,97.74,503.5,100.0,4.43,4.27,87.9,0.882,0.654,131.64,0.301,92.08,12169.1,7.34,0.098,False,False
BGW-006,1,2019-02-14,41,96.51,521.0,99.8,4.33,4.24,83.6,0.883,0.648,127.42,0.305,88.52,12170.2,7.2,0.09,False,False
BGW-006,1,2019-02-15,42,95.3,538.9,95.9,5.35,4.21,82.1,0.846,0.615,143.57,0.311,98.94,12171.7,8.14,0.277,False,False
BGW-006,1,2019-02-16,43,94.12,557.0,98.3,4.37,4.18,90.6,0.875,0.631,123.27,0.314,84.56,12227.4,7.35,0.115,False,False
BGW-006,1,2019-02-17,44,92.97,575.4,100.0,5.47,4.15,83.6,0.835,0.597,148.47,0.323,100.45,12544.9,8.63,0.317,False,False
BGW-006,1,2019-02-18,45,91.85,594.0,100.0,4.9,4.12,82.2,0.851,0.602,134.23,0.286,95.9,12131.2,7.84,0.227,False,False
BGW-006,1,2019-02-19,46,90.76,612.8,99.3,5.53,4.09,86.2,0.827,0.58,144.76,0.332,96.73,12057.8,8.54,0.346,False,False
BGW-006,1,2019-02-20,47,89.7,631.9,99.9,4.15,4.06,87.2,0.87,0.604,113.82,0.323,77.1,12429.7,7.04,0.114,False,False
BGW-006,1,2019-02-21,48,88.66,651.2,100.0,4.78,4.03,77.6,0.846,0.582,126.29,0.32,85.91,12066.4,7.53,0.233,False,False
BGW-006,1,2019-02-22,49,87.65,670.7,97.4,4.78,4.0,76.8,0.842,0.574,121.47,0.335,80.75,12315.4,7.68,0.243,False,False
BGW-006,1,2019-02-23,50,86.66,690.4,96.4,4.01,3.97,84.4,0.865,0.583,102.34,0.334,68.18,12336.7,6.8,0.117,False,False
BGW-006,1,2019-02-24,51,85.69,710.2,98.6,3.79,3.95,79.5,0.864,0.577,98.0,0.368,61.91,12367.3,6.79,0.116,False,False
BGW-006,1,2019-02-25,52,84.75,730.3,99.4,5.03,3.92,77.9,0.824,0.545,123.73,0.341,81.54,12257.9,8.16,0.315,False,False
BGW-006,1,2019-02-26,53,83.84,750.4,94.4,5.22,3.89,84.4,0.815,0.533,119.43,0.331,79.88,12281.3,8.31,0.359,False,False
BGW-006,1,2019-02-27,54,82.94,770.8,99.0,3.97,3.86,83.4,0.853,0.552,98.79,0.387,60.59,12184.6,6.97,0.149,False,False
BGW-006,1,2019-02-28,55,82.07,791.2,99.7,3.66,3.84,85.8,0.854,0.548,90.88,0.356,58.53,12228.6,6.72,0.134,False,False
BGW-006,1,2019-03-01,56,81.22,811.8,95.2,3.88,3.81,76.5,0.85,0.539,90.51,0.346,59.21,12264.5,6.71,0.151,False,False
BGW-006,1,2019-03-02,57,80.39,832.5,98.2,3.75,3.78,84.1,0.85,0.533,89.24,0.33,59.8,12404.0,6.36,0.144,False,False
BGW-006,1,2019-03-03,58,79.58,853.3,100.0,4.78,3.76,82.0,0.813,0.505,109.71,0.369,69.18,12151.5,7.8,0.327,False,False
BGW-006,1,2019-03-04,59,78.79,874.1,95.5,3.69,3.73,80.5,0.845,0.52,83.33,0.353,53.92,12171.2,6.45,0.153,False,False
BGW-006,1,2019-03-05,60,78.02,895.1,96.8,3.53,3.7,84.0,0.842,0.513,79.62,0.369,50.22,12307.4,6.39,0.158,False,False
BGW-006,1,2019-03-06,61,77.27,916.1,94.4,3.53,3.68,87.1,0.84,0.506,76.67,0.377,47.76,12173.7,6.61,0.163,False,False
BGW-006,1,2019-03-07,62,76.54,937.1,95.0,3.92,3.65,79.5,0.828,0.494,83.64,0.346,54.68,12137.7,6.81,0.214,False,False
BGW-006,1,2019-03-08,63,75.83,958.2,96.3,3.73,3.63,74.9,0.831,0.491,80.24,0.405,47.73,12027.7,6.85,0.191,False,False
BGW-006,1,2019-03-09,64,75.13,979.3,94.6,3.52,3.6,76.1,0.832,0.486,73.58,0.374,46.09,12308.2,6.19,0.177,False,False
BGW-006,1,2019-03-10,65,74.45,1000.4,92.0,4.08,3.58,83.3,0.813,0.47,80.21,0.356,51.67,12141.8,7.17,0.269,False,False
BGW-006,1,2019-03-11,66,73.79,1021.5,95.7,4.66,3.56,80.4,0.791,0.453,91.7,0.42,53.22,12350.4,7.7,0.379,False,False
BGW-006,1,2019-03-12,67,73.14,1042.6,97.8,3.43,3.53,82.2,0.825,0.468,71.28,0.399,42.8,12048.6,6.34,0.191,False,False
BGW-006,1,2019-03-13,68,72.51,1063.6,93.9,3.53,3.51,85.9,0.822,0.461,69.45,0.396,41.94,12376.1,6.29,0.199,False,False
BGW-006,1,2019-03-14,69,71.9,1084.7,98.0,3.4,3.49,82.7,0.82,0.456,69.01,0.395,41.72,12423.1,6.3,0.201,False,False
BGW-006,1,2019-03-15,70,71.3,1105.7,98.8,3.42,3.47,83.0,0.818,0.45,69.13,0.348,45.1,12394.8,6.42,0.206,False,False
BGW-006,1,2019-03-16,71,70.71,1126.6,97.8,3.32,3.44,78.1,0.815,0.444,65.44,0.439,36.69,12484.1,6.19,0.211,False,False
BGW-006,1,2019-03-17,72,70.14,1147.5,94.6,4.27,3.42,71.1,0.784,0.423,77.76,0.415,45.49,12287.0,7.36,0.364,False,False
BGW-006,1,2019-03-18,73,69.59,1168.3,98.3,3.29,3.4,83.3,0.81,0.433,63.59,0.427,36.42,12617.9,6.06,0.22,False,False
BGW-006,1,2019-03-19,74,69.04,1189.0,93.0,3.33,3.38,73.6,0.808,0.427,60.17,0.42,34.9,12085.7,6.32,0.225,False,False
BGW-006,1,2019-03-20,75,68.51,1209.6,94.7,3.44,3.36,73.0,0.803,0.421,62.32,0.416,36.42,12224.4,6.35,0.243,False,False
BGW-006,1,2019-03-21,76,68.0,1230.1,94.4,3.38,3.34,74.0,0.802,0.416,60.31,0.426,34.6,12182.4,6.24,0.241,False,False
BGW-006,1,2019-03-22,77,67.49,1250.5,92.7,3.16,3.32,73.0,0.801,0.412,54.86,0.449,30.21,12067.2,5.73,0.239,False,False
BGW-006,1,2019-03-23,78,67.0,1270.8,97.4,3.18,3.3,82.3,0.798,0.407,57.34,0.387,35.17,12382.5,6.25,0.243,False,False
BGW-006,1,2019-03-24,79,66.52,1291.0,95.9,3.36,3.28,74.3,0.794,0.401,58.66,0.456,31.94,12336.3,6.24,0.261,False,False
BGW-006,1,2019-03-25,80,66.06,1311.0,99.7,4.41,3.27,75.8,0.756,0.378,75.54,0.448,41.7,12589.4,7.58,0.453,True,False
BGW-006,1,2019-03-26,81,65.6,1330.9,95.8,3.13,3.25,78.2,0.791,0.392,53.4,0.462,28.74,12223.4,6.06,0.257,False,False
BGW-006,1,2019-03-27,82,65.16,1350.7,95.2,3.31,3.23,75.9,0.786,0.386,55.42,0.469,29.42,12174.2,6.16,0.276,False,False
BGW-006,1,2019-03-28,83,64.73,1370.3,89.7,4.48,3.21,72.3,0.745,0.363,66.27,0.458,35.94,11957.4,7.3,0.488,True,False
BGW-006,1,2019-03-29,84,64.3,1389.7,92.9,3.24,3.2,73.7,0.783,0.378,51.73,0.428,29.6,12137.3,6.04,0.278,False,False
BGW-006,1,2019-03-30,85,63.89,1409.0,95.4,3.2,3.18,76.3,0.781,0.374,51.98,0.458,28.2,12242.0,5.98,0.279,False,False
BGW-006,1,2019-03-31,86,63.49,1428.1,97.8,4.38,3.16,69.1,0.739,0.351,68.36,0.49,34.89,12207.8,7.24,0.492,True,False
BGW-006,1,2019-04-01,87,63.1,1447.0,94.1,3.24,3.15,80.9,0.775,0.365,50.49,0.464,27.07,12500.6,6.04,0.299,False,False
BGW-006,1,2019-04-02,88,62.71,1465.7,92.5,3.0,3.13,72.4,0.776,0.362,45.65,0.485,23.49,11841.8,5.48,0.288,False,False
BGW-006,1,2019-04-03,89,62.34,1484.3,95.4,3.13,3.12,76.4,0.773,0.358,48.53,0.468,25.82,12180.6,6.0,0.294,False,False
BGW-006,1,2019-04-04,90,61.98,1502.7,93.5,3.14,3.1,72.8,0.77,0.354,47.15,0.496,23.78,12094.6,5.99,0.302,False,False
BGW-006,1,2019-04-05,91,61.62,1520.8,90.3,3.62,3.09,78.4,0.751,0.343,50.87,0.475,26.69,12036.9,6.47,0.393,False,False
BGW-006,1,2019-04-06,92,61.28,1538.8,95.4,3.01,3.07,71.1,0.767,0.347,45.31,0.508,22.29,12137.8,5.69,0.304,False,False
BGW-006,1,2019-04-07,93,60.94,1556.5,99.8,3.25,3.06,76.5,0.759,0.341,50.21,0.493,25.43,12504.4,6.27,0.342,False,False
BGW-006,1,2019-04-08,94,60.61,1574.1,91.9,4.08,3.05,75.6,0.728,0.325,55.35,0.487,28.37,11879.6,6.52,0.494,True,False
BGW-006,1,2019-04-09,95,60.29,1591.5,90.1,3.17,3.03,75.1,0.756,0.335,43.45,0.484,22.43,12285.8,5.81,0.341,False,False
BGW-006,1,2019-04-10,96,59.98,1608.6,99.2,3.61,3.02,74.1,0.739,0.325,52.9,0.51,25.91,12586.8,6.5,0.424,False,False
BGW-006,1,2019-04-11,97,59.67,1625.5,92.2,3.02,3.01,78.9,0.757,0.33,41.71,0.509,20.49,12318.7,6.04,0.326,False,False
BGW-006,1,2019-04-12,98,59.37,1642.2,94.4,2.9,2.99,76.4,0.755,0.327,40.68,0.473,21.44,12526.6,5.66,0.328,False,False
BGW-006,1,2019-04-13,99,59.08,1658.7,90.1,4.03,2.98,66.5,0.718,0.309,50.91,0.525,24.2,12048.5,6.67,0.515,True,False
BGW-006,1,2019-04-14,100,58.8,1675.0,93.8,3.02,2.97,71.3,0.75,0.32,41.22,0.537,19.07,12224.7,5.78,0.344,False,False
BGW-006,1,2019-04-15,101,58.52,1691.0,91.4,3.1,2.96,77.7,0.745,0.316,40.62,0.521,19.45,12325.2,5.89,0.363,False,False
BGW-006,1,2019-04-16,102,58.25,1706.9,94.5,2.97,2.95,72.9,0.747,0.315,40.16,0.539,18.52,12434.4,5.7,0.347,False,False
BGW-006,1,2019-04-17,103,57.99,1722.5,91.6,3.64,2.93,71.2,0.722,0.302,45.84,0.529,21.6,12081.3,6.47,0.47,True,False
BGW-006,1,2019-04-18,104,57.73,1737.9,91.2,2.95,2.92,71.2,0.743,0.309,37.79,0.505,18.69,11941.5,5.61,0.354,False,False
BGW-006,1,2019-04-19,105,57.48,1753.0,92.6,3.03,2.91,72.3,0.738,0.305,38.98,0.542,17.83,12392.8,5.55,0.374,False,False
BGW-006,1,2019-04-20,106,57.24,1768.0,96.7,4.01,2.9,63.9,0.704,0.289,50.93,0.559,22.45,12183.0,6.91,0.55,True,False
BGW-006,1,2019-04-21,107,57.0,1782.7,89.1,3.03,2.89,68.7,0.734,0.3,36.75,0.524,17.48,12098.9,5.92,0.383,False,False
BGW-006,1,2019-04-22,108,56.77,1797.2,95.5,3.07,2.88,72.2,0.731,0.297,39.53,0.55,17.78,12327.3,6.0,0.396,False,False
BGW-006,1,2019-04-23,109,56.54,1811.4,96.7,4.08,2.87,71.2,0.695,0.281,50.32,0.588,20.72,12463.6,7.15,0.577,True,False
BGW-006,1,2019-04-24,110,56.32,1825.5,90.9,2.86,2.86,70.9,0.734,0.295,34.82,0.56,15.31,12120.1,5.35,0.369,False,False
BGW-006,1,2019-04-25,111,56.11,1839.3,91.9,2.91,2.85,74.8,0.73,0.292,35.45,0.547,16.05,12202.5,5.54,0.383,False,False
BGW-006,1,2019-04-26,112,55.9,1852.9,92.2,3.35,2.84,73.2,0.714,0.283,39.83,0.573,17.02,12229.6,6.18,0.465,True,False
BGW-006,1,2019-04-27,113,55.69,1866.2,90.6,2.85,2.84,72.4,0.729,0.288,33.72,0.565,14.67,12112.0,5.91,0.381,False,False
BGW-006,1,2019-04-28,114,55.49,1879.4,90.0,2.95,2.83,69.1,0.723,0.284,34.33,0.597,13.84,12099.4,6.09,0.403,False,False
BGW-006,1,2019-04-29,115,55.3,1892.3,95.9,3.54,2.82,67.3,0.702,0.274,42.36,0.572,18.11,12467.2,6.42,0.511,True,False
BGW-006,1,2019-04-30,116,55.11,1905.0,88.5,2.87,2.81,65.1,0.722,0.281,32.48,0.587,13.41,12060.3,5.43,0.399,False,False
BGW-006,1,2019-05-01,117,54.92,1917.5,90.2,2.67,2.8,66.2,0.723,0.28,30.64,0.589,12.6,12004.5,5.48,0.39,False,False
BGW-006,1,2019-05-02,118,54.74,1929.8,87.2,3.08,2.79,67.9,0.712,0.274,33.47,0.58,14.07,11841.9,5.89,0.443,False,False
BGW-006,1,2019-05-03,119,54.57,1941.9,87.7,3.23,2.79,67.3,0.705,0.271,34.84,0.597,14.06,12124.4,6.38,0.473,True,False
BGW-006,1,2019-05-04,120,54.39,1953.7,86.4,3.09,2.78,72.1,0.708,0.27,32.84,0.574,14.0,11907.3,5.63,0.453,True,False
BGW-006,1,2019-05-05,121,54.23,1965.4,89.3,2.88,2.77,74.7,0.714,0.271,31.72,0.605,12.52,11885.3,5.59,0.421,False,False
BGW-006,1,2019-05-06,122,54.06,1976.8,91.5,2.87,2.76,70.4,0.713,0.27,32.15,0.586,13.3,12126.6,5.61,0.422,False,False
BGW-006,1,2019-05-07,123,53.9,1988.0,88.9,2.68,2.76,73.3,0.715,0.269,29.12,0.588,12.0,12102.0,5.23,0.406,False,False
BGW-006,1,2019-05-08,124,53.75,1999.0,88.4,2.76,2.75,72.0,0.713,0.268,29.66,0.634,10.86,11838.1,5.42,0.41,False,False
BGW-006,1,2019-05-09,125,53.6,2009.9,87.8,2.88,2.74,64.3,0.708,0.264,30.34,0.621,11.5,11883.6,5.63,0.434,False,False
BGW-006,1,2019-05-10,126,53.45,2020.5,87.2,2.75,2.74,68.0,0.71,0.264,28.84,0.638,10.45,12063.7,5.4,0.417,False,False
BGW-006,1,2019-05-11,127,53.3,2030.9,91.8,2.83,2.73,71.1,0.707,0.262,30.87,0.606,12.17,12316.5,5.5,0.433,False,True
BGW-006,1,2019-05-12,128,53.16,2041.1,90.2,2.75,2.72,69.6,0.708,0.261,29.47,0.647,10.39,12111.8,5.61,0.423,False,False
BGW-006,1,2019-05-13,129,53.03,2051.2,93.6,3.27,2.72,67.0,0.689,0.253,35.22,0.632,12.97,12328.6,6.21,0.517,True,False
BGW-006,1,2019-05-14,130,52.89,2061.0,85.4,3.71,2.71,60.6,0.673,0.247,35.48,0.628,13.2,11764.4,6.73,0.597,True,False
BGW-006,1,2019-05-15,131,52.76,2070.6,96.6,3.71,2.71,67.4,0.672,0.245,39.92,0.63,14.77,12501.9,6.47,0.601,True,False
BGW-006,1,2019-05-16,132,52.63,2080.1,87.5,2.81,2.7,67.5,0.701,0.255,28.44,0.61,11.09,12300.7,5.68,0.446,False,False
BGW-006,1,2019-05-17,133,52.51,2089.4,88.3,2.65,2.7,71.9,0.703,0.255,27.06,0.641,9.71,11929.8,5.42,0.429,False,False
BGW-006,1,2019-05-18,134,52.39,2098.5,87.0,2.68,2.69,65.0,0.702,0.253,26.91,0.699,8.11,12088.8,5.44,0.431,False,False
BGW-006,1,2019-05-19,135,52.27,2107.4,89.1,2.78,2.69,63.8,0.698,0.251,28.24,0.666,9.43,12109.6,5.54,0.449,False,False
BGW-006,1,2019-05-20,136,52.16,2116.1,86.6,2.67,2.68,68.9,0.7,0.251,26.38,0.67,8.7,11868.2,5.12,0.435,False,False
BGW-006,1,2019-05-21,137,52.04,2124.7,85.1,3.51,2.68,65.8,0.671,0.24,32.59,0.67,10.76,12122.2,6.29,0.584,True,False
BGW-006,1,2019-05-22,138,51.93,2133.1,97.3,3.27,2.67,67.6,0.678,0.242,34.96,0.675,11.37,12370.0,6.12,0.545,True,False
BGW-006,1,2019-05-23,139,51.83,2141.3,90.5,2.71,2.67,72.3,0.695,0.247,27.55,0.695,8.4,12159.2,5.36,0.449,False,False
BGW-006,1,2019-05-24,140,51.72,2149.3,96.3,3.08,2.66,67.5,0.682,0.242,32.56,0.694,9.95,12265.9,5.92,0.516,True,False
BGW-006,1,2019-05-25,141,51.62,2157.2,91.0,2.63,2.66,62.7,0.695,0.246,26.76,0.689,8.31,12425.4,5.49,0.445,False,False
BGW-006,1,2019-05-26,142,51.52,2165.0,87.1,3.84,2.65,61.5,0.655,0.231,35.06,0.676,11.37,12098.4,6.8,0.654,True,False
BGW-006,1,2019-05-27,143,51.42,2172.5,97.5,2.82,2.65,71.8,0.688,0.242,30.13,0.677,9.75,12207.8,5.61,0.478,True,False
BGW-006,1,2019-05-28,144,51.33,2179.9,86.2,2.58,2.64,68.3,0.692,0.243,24.52,0.674,8.0,11877.1,5.34,0.45,False,False
BGW-006,1,2019-05-29,145,51.24,2187.2,91.3,2.66,2.64,69.9,0.691,0.241,26.65,0.703,7.93,12314.6,5.51,0.456,True,False
BGW-006,1,2019-05-30,146,51.15,2194.3,92.4,3.51,2.64,62.5,0.662,0.231,33.96,0.715,9.69,12071.6,6.13,0.606,True,False
BGW-006,1,2019-05-31,147,51.06,2201.2,89.7,2.68,2.63,63.6,0.688,0.239,26.11,0.68,8.36,12342.8,5.59,0.463,True,False
BGW-006,1,2019-06-01,148,50.98,2208.1,89.5,2.6,2.63,64.3,0.689,0.239,25.21,0.664,8.48,12254.8,5.47,0.456,True,False
BGW-006,2,2019-06-10,1,161.74,111.5,100.0,5.22,5.12,88.3,0.897,0.798,189.36,0.132,164.28,12178.0,8.57,0.018,False,False
BGW-006,2,2019-06-11,2,158.24,119.7,98.8,5.13,5.1,82.5,0.899,0.797,183.75,0.146,156.91,11874.9,7.91,0.007,False,False
BGW-006,2,2019-06-12,3,154.85,128.3,100.0,6.5,5.07,84.6,0.852,0.753,222.55,0.15,189.23,12188.3,9.74,0.25,False,False
BGW-006,2,2019-06-13,4,151.56,137.5,100.0,5.87,5.05,85.5,0.873,0.768,204.91,0.159,172.33,12212.5,8.89,0.144,False,False
BGW-006,2,2019-06-14,5,148.37,147.1,97.4,5.07,5.02,84.4,0.898,0.788,176.81,0.159,148.69,11885.9,7.85,0.009,False,False
BGW-006,2,2019-06-15,6,145.29,157.2,100.0,4.95,4.99,93.8,0.9,0.786,176.72,0.159,148.59,12066.9,7.68,0.0,False,False
BGW-006,2,2019-06-16,7,142.29,167.8,97.2,6.16,4.97,84.2,0.86,0.748,203.54,0.187,165.44,11955.1,9.28,0.209,False,False
BGW-006,2,2019-06-17,8,139.39,179.0,97.9,6.5,4.94,87.9,0.848,0.734,212.12,0.169,176.22,12232.8,9.34,0.273,False,False
BGW-006,2,2019-06-18,9,136.57,190.7,100.0,4.79,4.91,88.5,0.9,0.775,168.81,0.207,133.9,12278.9,7.77,0.0,False,False
BGW-006,2,2019-06-19,10,133.85,202.9,99.1,5.9,4.88,83.2,0.866,0.742,197.15,0.207,156.38,11989.5,8.75,0.18,False,False
BGW-006,2,2019-06-20,11,131.2,215.7,97.1,4.64,4.85,83.0,0.9,0.766,156.91,0.211,123.87,11908.5,7.48,0.004,False,False
BGW-006,2,2019-06-21,12,128.64,229.0,100.0,4.68,4.82,89.1,0.9,0.762,161.87,0.196,130.1,12130.0,7.89,0.007,False,False
BGW-006,2,2019-06-22,13,126.16,242.9,97.0,4.93,4.78,88.1,0.895,0.753,163.78,0.216,128.36,11990.1,7.78,0.036,False,False
BGW-006,2,2019-06-23,14,123.75,257.3,99.4,5.29,4.75,88.8,0.882,0.737,176.05,0.227,136.09,12329.5,8.33,0.107,False,False
BGW-006,2,2019-06-24,15,121.41,272.3,99.3,4.86,4.72,81.6,0.895,0.743,162.82,0.198,130.63,12174.7,7.93,0.041,False,False
BGW-006,2,2019-06-25,16,119.15,287.9,97.2,4.69,4.68,90.9,0.9,0.741,153.48,0.227,118.63,12168.3,7.75,0.021,False,False
BGW-006,2,2019-06-26,17,116.96,304.0,97.3,4.57,4.65,93.3,0.9,0.736,148.66,0.246,112.04,12114.2,7.59,0.024,False,False
BGW-006,2,2019-06-27,18,114.83,320.6,99.6,4.46,4.61,84.3,0.9,0.73,147.25,0.257,109.46,12338.9,7.21,0.027,False,False
BGW-006,2,2019-06-28,19,112.77,337.9,95.0,5.9,4.58,86.8,0.856,0.688,175.43,0.237,133.94,12049.7,8.88,0.263,False,False
BGW-006,2,2019-06-29,20,110.77,355.6,95.6,5.28,4.54,84.5,0.875,0.698,160.01,0.266,117.51,12047.4,7.91,0.165,False,False
BGW-006,2,2019-06-30,21,108.84,373.9,99.4,4.28,4.5,87.4,0.9,0.711,137.65,0.297,96.79,12070.3,6.96,0.04,False,False
BGW-006,2,2019-07-01,22,106.96,392.7,100.0,4.63,4.47,93.7,0.895,0.7,147.29,0.241,111.81,12088.6,7.44,0.072,False,False
BGW-006,2,2019-07-02,23,105.14,412.1,100.0,5.58,4.43,90.3,0.86,0.667,169.13,0.252,126.53,12145.7,8.7,0.249,False,False
BGW-006,2,2019-07-03,24,103.37,432.0,100.0,5.7,4.39,81.3,0.853,0.655,169.7,0.237,129.48,12264.0,8.71,0.282,False,False
BGW-006,2,2019-07-04,25,101.66,452.3,99.1,4.41,4.36,89.9,0.892,0.678,134.62,0.276,97.53,12209.4,7.55,0.066,False,False
BGW-006,2,2019-07-05,26,100.01,473.1,100.0,4.36,4.32,93.1,0.89,0.669,132.79,0.29,94.34,12143.4,7.15,0.07,False,False
BGW-006,2,2019-07-06,27,98.4,494.4,100.0,4.16,4.28,92.3,0.889,0.662,125.18,0.269,91.5,12277.6,7.22,0.067,False,False
BGW-006,2,2019-07-07,28,96.84,516.2,100.0,6.14,4.25,83.3,0.823,0.606,169.03,0.327,113.7,12121.8,9.32,0.403,False,False
BGW-006,2,2019-07-08,29,95.33,538.4,99.7,4.11,4.21,81.0,0.884,0.643,119.81,0.284,85.82,12269.3,7.11,0.077,False,False
BGW-006,2,2019-07-09,30,93.87,561.0,100.0,5.68,4.17,85.3,0.831,0.598,154.39,0.317,105.41,12447.3,8.83,0.346,False,False
BGW-006,2,2019-07-10,31,92.45,584.0,100.0,5.0,4.13,85.3,0.85,0.604,137.4,0.307,95.21,12160.9,8.2,0.239,False,False
BGW-006,2,2019-07-11,32,91.08,607.3,97.9,4.34,4.1,85.4,0.868,0.61,117.82,0.338,78.05,12419.2,7.53,0.135,False,False
BGW-006,2,2019-07-12,33,89.74,631.0,95.9,4.32,4.06,82.9,0.864,0.6,113.06,0.349,73.61,12082.9,7.27,0.143,False,False
BGW-006,2,2019-07-13,34,88.45,655.1,98.0,5.22,4.03,77.2,0.83,0.57,132.57,0.295,93.48,12172.5,8.42,0.313,False,False
BGW-006,2,2019-07-14,35,87.2,679.5,100.0,4.96,3.99,83.1,0.835,0.566,127.64,0.374,79.84,12216.8,7.7,0.279,False,False
BGW-006,2,2019-07-15,36,85.99,704.1,95.4,5.5,3.95,83.9,0.813,0.544,129.82,0.342,85.44,12178.5,8.41,0.385,False,False
BGW-006,2,2019-07-16,37,84.81,729.0,100.0,4.84,3.92,84.5,0.831,0.549,120.9,0.327,81.33,12244.0,7.78,0.282,False,False
BGW-006,2,2019-07-17,38,83.67,754.2,100.0,5.17,3.88,83.6,0.816,0.533,125.19,0.35,81.34,12607.2,8.42,0.351,False,False
BGW-006,2,2019-07-18,39,82.56,779.6,98.4,3.96,3.85,79.1,0.852,0.549,97.15,0.367,61.5,12361.9,6.98,0.15,False,False
BGW-006,2,2019-07-19,40,81.49,805.2,100.0,4.44,3.82,87.0,0.832,0.53,106.84,0.342,70.26,12085.1,7.2,0.246,False,False
BGW-006,2,2019-07-20,41,80.45,830.9,96.3,5.2,3.78,75.3,0.803,0.504,114.68,0.368,72.51,12069.4,8.44,0.391,False,False
BGW-006,2,2019-07-21,42,79.45,856.8,97.1,3.7,3.75,80.6,0.847,0.525,85.73,0.409,50.66,12326.8,6.75,0.149,False,False
BGW-006,2,2019-07-22,43,78.47,882.9,97.5,3.81,3.72,82.1,0.841,0.515,86.96,0.373,54.52,12330.9,6.81,0.172,False,False
BGW-006,2,2019-07-23,44,77.52,909.0,96.4,3.64,3.69,84.3,0.841,0.508,80.99,0.396,48.96,12431.5,6.42,0.161,False,False
BGW-006,2,2019-07-24,45,76.61,935.2,95.6,3.59,3.66,78.6,0.838,0.5,78.01,0.366,49.46,12328.9,6.29,0.167,False,False
BGW-006,2,2019-07-25,46,75.72,961.4,94.2,3.47,3.62,80.9,0.834,0.492,73.03,0.413,42.84,12124.6,6.49,0.173,False,False
BGW-006,2,2019-07-26,47,74.85,987.7,98.2,3.67,3.59,81.6,0.829,0.482,78.96,0.414,46.27,12283.3,6.84,0.192,False,False
BGW-006,2,2019-07-27,48,74.02,1014.0,98.1,3.46,3.57,75.4,0.828,0.476,73.49,0.41,43.33,12165.3,6.11,0.185,False,False
BGW-006,2,2019-07-28,49,73.21,1040.3,98.7,3.57,3.54,80.9,0.824,0.468,74.87,0.4,44.96,12173.1,6.4,0.197,False,False
BGW-006,2,2019-07-29,50,72.42,1066.6,93.5,3.95,3.51,75.5,0.808,0.452,75.92,0.419,44.09,12376.2,6.93,0.274,False,False
BGW-006,2,2019-07-30,51,71.66,1092.8,97.0,4.89,3.48,78.2,0.772,0.427,92.14,0.438,51.78,12201.7,7.81,0.45,False,False
BGW-006,2,2019-07-31,52,70.93,1118.9,96.1,3.54,3.45,75.8,0.813,0.444,68.77,0.484,35.48,12159.7,6.42,0.225,False,False
BGW-006,2,2019-08-01,53,70.21,1144.9,93.5,3.54,3.43,73.8,0.809,0.437,65.67,0.442,36.62,12363.7,6.55,0.234,False,False
BGW-006,2,2019-08-02,54,69.52,1170.9,92.0,3.82,3.4,74.4,0.796,0.425,67.78,0.438,38.11,12354.0,6.72,0.294,False,False
BGW-006,2,2019-08-03,55,68.85,1196.6,93.7,3.28,3.37,83.4,0.807,0.425,59.4,0.443,33.06,12159.5,5.98,0.227,False,False
BGW-006,2,2019-08-04,56,68.19,1222.3,96.9,3.21,3.35,75.5,0.804,0.419,59.16,0.454,32.33,12296.3,6.31,0.232,False,False
BGW-006,2,2019-08-05,57,67.56,1247.8,96.1,3.3,3.33,75.9,0.801,0.412,59.37,0.447,32.84,12591.2,6.12,0.238,False,False
BGW-006,2,2019-08-06,58,66.95,1273.1,96.8,3.46,3.3,75.0,0.793,0.404,61.35,0.464,32.87,11992.9,6.41,0.271,False,False
BGW-006,2,2019-08-07,59,66.36,1298.2,94.0,3.8,3.28,70.7,0.778,0.391,63.51,0.493,32.21,12137.6,6.58,0.341,False,False
BGW-006,2,2019-08-08,60,65.78,1323.0,97.3,3.68,3.26,74.6,0.778,0.387,63.05,0.474,33.18,12390.4,6.91,0.33,False,False
BGW-006,2,2019-08-09,61,65.23,1347.7,95.2,3.13,3.23,82.8,0.789,0.388,52.58,0.477,27.48,12381.7,5.91,0.261,False,False
BGW-006,2,2019-08-10,62,64.68,1372.1,90.9,3.46,3.21,81.1,0.778,0.379,54.13,0.48,28.12,11960.9,6.24,0.31,False,False
BGW-006,2,2019-08-11,63,64.16,1396.3,96.3,3.14,3.19,75.4,0.784,0.377,51.85,0.498,26.04,12321.4,5.62,0.272,False,False
BGW-006,2,2019-08-12,64,63.65,1420.2,94.2,3.3,3.17,75.5,0.777,0.37,52.32,0.47,27.7,12267.9,6.35,0.301,False,False
BGW-006,2,2019-08-13,65,63.16,1443.9,92.4,3.59,3.15,75.2,0.764,0.36,54.18,0.502,26.99,12094.1,6.03,0.359,False,False
BGW-006,2,2019-08-14,66,62.68,1467.2,93.9,3.09,3.13,69.9,0.775,0.362,47.74,0.51,23.4,12321.6,5.83,0.288,False,False
BGW-006,2,2019-08-15,67,62.22,1490.3,96.6,4.11,3.11,70.0,0.74,0.342,61.59,0.5,30.8,12139.1,6.86,0.467,True,False
BGW-006,2,2019-08-16,68,61.77,1513.1,94.1,3.1,3.09,73.3,0.77,0.352,46.62,0.504,23.13,11998.3,5.95,0.299,False,False
BGW-006,2,2019-08-17,69,61.34,1535.5,90.6,3.18,3.08,71.9,0.764,0.346,45.35,0.552,20.32,11941.1,5.87,0.322,False,False
BGW-006,2,2019-08-18,70,60.92,1557.7,91.5,3.91,3.06,72.2,0.737,0.331,53.71,0.565,23.39,12129.3,6.68,0.457,True,False
BGW-006,2,2019-08-19,71,60.51,1579.5,94.8,2.98,3.04,71.0,0.762,0.339,43.55,0.54,20.02,12499.0,5.66,0.314,False,False
BGW-006,2,2019-08-20,72,60.11,1601.0,91.9,3.17,3.02,72.6,0.755,0.333,44.04,0.558,19.44,12288.3,5.81,0.344,False,False
BGW-006,2,2019-08-21,73,59.73,1622.2,92.1,2.9,3.01,73.9,0.757,0.331,40.17,0.568,17.35,12362.0,5.47,0.323,False,False
BGW-006,2,2019-08-22,74,59.36,1643.0,91.3,2.91,2.99,76.9,0.755,0.327,39.4,0.569,16.97,12269.9,5.66,0.328,False,False
BGW-006,2,2019-08-23,75,59.0,1663.5,89.5,4.19,2.98,69.9,0.712,0.306,52.08,0.542,23.84,12406.5,7.04,0.544,True,False
BGW-006,2,2019-08-24,76,58.65,1683.7,98.8,3.87,2.96,66.8,0.72,0.306,53.28,0.545,24.24,12525.6,6.78,0.496,True,False
BGW-006,2,2019-08-25,77,58.31,1703.5,90.8,2.83,2.95,70.0,0.748,0.316,36.82,0.573,15.72,12092.8,5.45,0.342,False,False
BGW-006,2,2019-08-26,78,57.98,1723.0,94.5,3.56,2.93,72.3,0.725,0.303,46.4,0.561,20.35,12346.9,6.36,0.456,True,False
BGW-006,2,2019-08-27,79,57.66,1742.1,92.0,2.85,2.92,74.7,0.743,0.309,36.78,0.571,15.77,12109.6,5.51,0.35,False,False
BGW-006,2,2019-08-28,80,57.35,1760.9,95.1,3.58,2.91,65.6,0.719,0.296,45.86,0.618,17.52,12340.3,6.63,0.473,True,False
BGW-006,2,2019-08-29,81,57.06,1779.3,94.8,3.18,2.89,75.0,0.73,0.298,40.91,0.588,16.88,12429.9,6.1,0.409,False,False
BGW-006,2,2019-08-30,82,56.77,1797.4,92.7,3.21,2.88,72.1,0.726,0.295,39.83,0.591,16.27,12114.4,6.13,0.42,False,False
BGW-006,2,2019-08-31,83,56.48,1815.1,91.6,2.9,2.87,76.8,0.734,0.296,35.72,0.606,14.06,12120.7,5.5,0.372,False,False
BGW-006,2,2019-09-01,84,56.21,1832.5,93.0,2.9,2.86,74.5,0.732,0.293,35.88,0.605,14.19,12045.1,5.85,0.378,False,False
BGW-006,2,2019-09-02,85,55.95,1849.6,95.1,4.08,2.85,63.1,0.69,0.274,48.37,0.603,19.22,12319.6,7.22,0.59,True,False
BGW-006,2,2019-09-03,86,55.69,1866.3,88.9,2.9,2.84,69.9,0.727,0.287,33.63,0.621,12.76,12161.1,5.61,0.39,False,False
BGW-006,2,2019-09-04,87,55.44,1882.6,91.1,3.21,2.82,71.3,0.714,0.28,37.3,0.614,14.4,12297.2,6.09,0.45,True,False
BGW-006,2,2019-09-05,88,55.2,1898.6,90.4,2.95,2.81,70.6,0.721,0.281,34.1,0.629,12.64,12154.5,5.73,0.41,False,False
BGW-006,2,2019-09-06,89,54.97,1914.3,87.9,2.97,2.8,72.3,0.718,0.278,33.0,0.651,11.51,12200.6,5.66,0.418,False,False
BGW-006,2,2019-09-07,90,54.74,1929.6,94.6,3.91,2.79,65.5,0.684,0.264,44.37,0.641,15.92,12299.1,6.77,0.589,True,False
BGW-006,2,2019-09-08,91,54.53,1944.6,94.0,3.25,2.78,71.9,0.704,0.27,37.45,0.65,13.11,12376.5,6.07,0.477,True,False
BGW-006,2,2019-09-09,92,54.31,1959.3,88.6,2.82,2.78,69.0,0.717,0.273,30.95,0.639,11.17,12158.0,5.7,0.407,False,False
BGW-006,2,2019-09-10,93,54.11,1973.7,87.8,2.67,2.77,74.2,0.716,0.271,28.89,0.639,10.44,11907.3,5.58,0.403,False,False
BGW-006,2,2019-09-11,94,53.91,1987.7,88.3,2.68,2.76,70.0,0.715,0.269,28.99,0.641,10.4,12346.3,5.33,0.406,False,False
BGW-006,2,2019-09-12,95,53.71,2001.4,98.0,3.94,2.75,69.0,0.674,0.252,44.29,0.663,14.94,12559.8,7.05,0.618,True,False
BGW-006,2,2019-09-13,96,53.53,2014.8,96.6,3.58,2.74,68.8,0.684,0.255,40.09,0.676,13.0,12298.0,6.31,0.56,True,False
BGW-006,2,2019-09-14,97,53.35,2027.9,87.4,2.74,2.73,73.6,0.71,0.263,28.69,0.689,8.93,12180.3,5.55,0.417,False,False
BGW-006,2,2019-09-15,98,53.17,2040.7,90.5,2.74,2.73,69.5,0.708,0.261,29.48,0.664,9.91,12355.5,5.64,0.421,False,False
BGW-006,2,2019-09-16,99,53.0,2053.2,88.8,3.24,2.72,65.3,0.69,0.253,33.13,0.678,10.68,12332.4,5.93,0.512,True,False
BGW-006,2,2019-09-17,100,52.83,2065.3,93.3,2.94,2.71,63.8,0.698,0.255,31.81,0.661,10.78,12293.3,5.86,0.464,True,False
BGW-006,3,2019-09-24,1,147.05,151.3,100.0,6.3,5.01,89.8,0.857,0.75,214.78,0.151,182.4,12132.7,9.34,0.225,False,False
BGW-006,3,2019-09-25,2,143.47,163.5,100.0,6.18,4.98,86.4,0.86,0.749,210.52,0.149,179.12,12147.6,9.37,0.211,False,False
BGW-006,3,2019-09-26,3,140.02,176.5,100.0,6.5,4.94,87.3,0.848,0.735,217.05,0.14,186.66,12267.6,9.83,0.272,False,False
BGW-006,3,2019-09-27,4,136.69,190.2,98.8,6.1,4.91,84.2,0.86,0.741,202.92,0.157,170.99,12138.8,9.31,0.209,False,False
BGW-006,3,2019-09-28,5,133.48,204.6,100.0,5.09,4.87,83.4,0.893,0.764,176.6,0.169,146.8,12313.1,7.99,0.038,False,False
BGW-006,3,2019-09-29,6,130.39,219.8,99.6,4.83,4.84,87.3,0.9,0.765,167.45,0.195,134.72,12227.4,7.79,0.005,False,False
BGW-006,3,2019-09-30,7,127.41,235.8,95.7,6.5,4.8,76.8,0.843,0.712,201.12,0.159,169.08,12063.0,9.16,0.306,False,False
BGW-006,3,2019-10-01,8,124.53,252.5,100.0,4.57,4.76,84.4,0.9,0.754,156.58,0.175,129.18,12042.4,7.21,0.012,False,False
BGW-006,3,2019-10-02,9,121.76,270.0,100.0,5.05,4.72,88.8,0.889,0.739,169.36,0.195,136.38,12178.4,8.04,0.073,False,False
BGW-006,3,2019-10-03,10,119.09,288.3,98.5,5.75,4.68,78.9,0.864,0.712,183.18,0.225,141.87,12060.2,8.63,0.207,False,False
BGW-006,3,2019-10-04,11,116.51,307.4,100.0,5.12,4.64,89.2,0.884,0.721,167.84,0.198,134.61,11680.8,7.87,0.108,False,False
BGW-006,3,2019-10-05,12,114.03,327.2,100.0,4.4,4.6,93.2,0.9,0.728,145.63,0.179,119.56,12094.9,7.34,0.029,False,False
BGW-006,3,2019-10-06,13,111.64,347.8,98.8,4.51,4.56,82.3,0.9,0.72,145.97,0.188,118.55,11891.5,7.48,0.034,False,False
BGW-006,3,2019-10-07,14,109.33,369.1,100.0,5.2,4.51,81.1,0.877,0.695,164.2,0.207,130.2,12216.8,8.28,0.159,False,False
BGW-006,3,2019-10-08,15,107.11,391.2,100.0,5.55,4.47,86.1,0.864,0.677,170.63,0.208,135.19,12429.4,8.66,0.231,False,False
BGW-006,3,2019-10-09,16,104.97,414.0,97.7,4.48,4.43,82.4,0.897,0.695,137.97,0.201,110.3,12186.6,7.25,0.057,False,False
BGW-006,3,2019-10-10,17,102.9,437.5,100.0,6.09,4.38,86.1,0.839,0.642,177.82,0.234,136.12,12346.8,9.27,0.353,False,False
BGW-006,3,2019-10-11,18,100.91,461.7,99.7,5.14,4.34,89.5,0.866,0.655,152.6,0.23,117.56,12222.3,8.34,0.199,False,False
BGW-006,3,2019-10-12,19,98.99,486.5,100.0,4.39,4.3,92.8,0.887,0.662,132.25,0.251,99.02,12402.8,7.25,0.082,False,False
BGW-006,3,2019-10-13,20,97.14,512.0,100.0,5.55,4.25,86.0,0.844,0.622,157.0,0.249,117.86,12363.1,8.45,0.298,False,False
BGW-006,3,2019-10-14,21,95.35,538.1,100.0,4.02,4.21,80.1,0.884,0.643,117.47,0.232,90.16,12437.8,6.99,0.077,False,False
BGW-006,3,2019-10-15,22,93.63,564.7,100.0,5.79,4.17,86.2,0.827,0.594,156.21,0.252,116.85,12310.9,8.85,0.367,False,False
BGW-006,3,2019-10-16,23,91.98,591.9,100.0,4.3,4.12,89.0,0.872,0.617,120.72,0.277,87.33,12445.0,7.37,0.121,False,False
BGW-006,3,2019-10-17,24,90.38,619.6,100.0,4.67,4.08,86.1,0.855,0.597,126.77,0.222,98.65,12525.1,7.37,0.199,False,False
BGW-006,3,2019-10-18,25,88.84,647.8,100.0,4.48,4.04,89.4,0.856,0.59,120.09,0.267,88.04,12719.6,7.65,0.179,False,False
BGW-006,3,2019-10-19,26,87.35,676.5,100.0,4.13,3.99,78.2,0.863,0.586,109.92,0.273,79.89,12568.1,7.21,0.131,False,False
BGW-006,3,2019-10-20,27,85.92,705.5,99.7,5.63,3.95,83.2,0.809,0.541,137.87,0.283,98.92,12142.7,8.72,0.408,False,False
BGW-006,3,2019-10-21,28,84.54,734.9,99.7,3.82,3.91,79.5,0.861,0.568,98.31,0.302,68.61,12747.1,6.89,0.122,False,False
BGW-006,3,2019-10-22,29,83.21,764.6,98.8,4.01,3.87,81.6,0.853,0.554,99.72,0.292,70.56,12386.8,6.78,0.153,False,False
BGW-006,3,2019-10-23,30,81.93,794.7,99.3,3.85,3.83,76.9,0.853,0.546,94.81,0.284,67.89,12337.5,6.85,0.138,False,False
BGW-006,3,2019-10-24,31,80.69,825.0,96.0,4.81,3.79,82.9,0.817,0.515,107.96,0.283,77.39,11960.6,7.67,0.319,False,False
BGW-006,3,2019-10-25,32,79.5,855.4,99.0,3.59,3.75,85.2,0.847,0.526,85.01,0.311,58.53,12023.8,6.38,0.149,False,False
BGW-006,3,2019-10-26,33,78.35,886.1,94.9,3.78,3.71,87.6,0.841,0.514,83.88,0.298,58.86,11815.7,6.7,0.168,False,False
BGW-006,3,2019-10-27,34,77.24,916.9,97.4,3.85,3.68,75.8,0.834,0.502,85.62,0.281,61.58,12238.5,6.66,0.193,False,False
BGW-006,3,2019-10-28,35,76.17,947.8,94.8,4.05,3.64,85.7,0.823,0.488,85.04,0.301,59.47,12123.1,7.0,0.241,False,False
BGW-006,3,2019-10-29,36,75.15,978.8,97.5,3.55,3.61,84.4,0.832,0.487,76.46,0.335,50.82,12334.5,6.37,0.177,False,False
BGW-006,3,2019-10-30,37,74.15,1009.8,100.0,4.87,3.57,80.4,0.786,0.452,100.11,0.352,64.87,12386.3,8.16,0.412,False,False
BGW-006,3,2019-10-31,38,73.2,1040.7,95.2,3.39,3.54,78.8,0.825,0.468,68.68,0.349,44.73,12537.8,6.32,0.191,False,False
BGW-006,3,2019-11-01,39,72.27,1071.7,95.0,3.97,3.5,74.0,0.806,0.451,77.29,0.341,50.9,11911.4,6.65,0.28,False,False
BGW-006,3,2019-11-02,40,71.39,1102.5,98.1,3.66,3.47,77.6,0.812,0.447,72.96,0.32,49.64,12565.5,6.9,0.238,False,False
BGW-006,3,2019-11-03,41,70.53,1133.2,100.0,3.79,3.44,77.4,0.803,0.436,75.04,0.364,47.69,12469.6,6.67,0.273,False,False
BGW-006,3,2019-11-04,42,69.7,1163.8,97.4,3.29,3.41,75.6,0.811,0.434,63.09,0.361,40.33,12333.7,6.17,0.219,False,False
BGW-006,3,2019-11-05,43,68.91,1194.2,97.4,3.88,3.38,74.3,0.791,0.417,71.62,0.355,46.23,12514.5,6.88,0.314,False,False
BGW-006,3,2019-11-06,44,68.14,1224.4,100.0,3.61,3.35,73.8,0.795,0.414,67.84,0.375,42.38,12004.4,6.32,0.278,False,False
BGW-006,3,2019-11-07,45,67.4,1254.4,100.0,4.59,3.32,72.5,0.758,0.389,81.19,0.38,50.32,12787.9,7.85,0.463,True,False
BGW-006,3,2019-11-08,46,66.69,1284.1,95.5,4.38,3.29,76.0,0.76,0.385,73.26,0.396,44.26,12210.3,7.5,0.437,False,False
BGW-006,3,2019-11-09,47,66.0,1313.6,95.9,3.32,3.26,76.7,0.791,0.395,57.28,0.344,37.59,12289.9,6.41,0.263,False,False
BGW-006,3,2019-11-10,48,65.34,1342.7,95.0,3.69,3.24,80.8,0.775,0.382,60.82,0.366,38.58,12114.7,6.53,0.338,False,False
BGW-006,3,2019-11-11,49,64.7,1371.5,92.7,4.4,3.21,67.7,0.747,0.364,67.45,0.403,40.3,12388.4,7.32,0.475,True,False
BGW-006,3,2019-11-12,50,64.08,1400.0,91.3,3.23,3.19,81.4,0.782,0.376,50.34,0.39,30.7,11868.9,5.97,0.28,False,False
BGW-006,3,2019-11-13,51,63.49,1428.1,91.9,3.26,3.16,79.5,0.777,0.369,50.23,0.379,31.21,12144.3,6.04,0.297,False,False
BGW-006,3,2019-11-14,52,62.92,1455.8,93.3,3.1,3.14,76.9,0.777,0.364,47.85,0.371,30.07,12077.0,5.85,0.285,False,False
BGW-006,3,2019-11-15,53,62.36,1483.1,90.7,2.99,3.12,70.2,0.774,0.358,44.17,0.416,25.78,11969.0,6.06,0.292,False,False
BGW-006,3,2019-11-16,54,61.83,1510.0,90.5,3.12,3.1,70.5,0.77,0.353,45.23,0.36,28.95,12021.0,5.93,0.302,False,False
BGW-006,3,2019-11-17,55,61.32,1536.5,98.3,3.9,3.07,75.2,0.74,0.335,58.41,0.361,37.32,12618.4,6.81,0.449,False,False
BGW-006,3,2019-11-18,56,60.83,1562.5,92.1,2.9,3.05,69.7,0.764,0.342,41.6,0.388,25.44,12283.4,5.49,0.31,False,False
BGW-006,3,2019-11-19,57,60.35,1588.1,92.2,3.13,3.03,76.9,0.758,0.336,44.1,0.419,25.63,12009.1,5.91,0.333,False,False
BGW-006,3,2019-11-20,58,59.89,1613.3,90.6,3.2,3.02,72.1,0.752,0.33,43.4,0.432,24.63,12078.1,6.11,0.353,False,False
BGW-006,3,2019-11-21,59,59.45,1638.0,94.2,3.12,3.0,70.7,0.752,0.326,43.5,0.389,26.57,12135.3,5.87,0.348,False,False
BGW-006,3,2019-11-22,60,59.02,1662.2,92.8,3.1,2.98,68.9,0.749,0.321,42.04,0.427,24.08,12101.0,5.73,0.354,False,False
BGW-006,3,2019-11-23,61,58.61,1685.9,100.0,3.71,2.96,70.8,0.725,0.308,52.01,0.43,29.63,12615.0,6.69,0.469,True,False
BGW-006,3,2019-11-24,62,58.21,1709.2,92.8,3.95,2.94,64.4,0.714,0.3,50.08,0.421,29.02,12225.0,6.88,0.52,True,False
BGW-006,3,2019-11-25,63,57.83,1732.0,94.3,2.97,2.93,77.9,0.743,0.31,39.44,0.427,22.58,12180.3,5.83,0.355,False,False
BGW-006,3,2019-11-26,64,57.46,1754.3,92.6,3.02,2.91,73.5,0.739,0.305,38.74,0.487,19.89,12291.7,5.64,0.371,False,False
BGW-006,3,2019-11-27,65,57.11,1776.1,92.6,2.93,2.9,67.8,0.738,0.302,37.34,0.428,21.35,12257.3,5.63,0.365,False,False
BGW-006,3,2019-11-28,66,56.76,1797.5,96.4,3.39,2.88,70.8,0.72,0.292,43.49,0.514,21.14,12448.8,6.22,0.453,True,False
BGW-006,3,2019-11-29,67,56.43,1818.3,95.9,3.05,2.87,70.8,0.728,0.293,39.0,0.478,20.37,12222.2,6.17,0.399,False,False
BGW-006,3,2019-11-30,68,56.12,1838.7,89.1,2.71,2.85,68.9,0.732,0.292,32.1,0.461,17.3,11748.8,5.6,0.372,False,False
BGW-006,3,2019-12-01,69,55.81,1858.6,93.0,2.8,2.84,72.8,0.73,0.289,34.22,0.48,17.81,11975.8,5.52,0.377,False,False
BGW-006,3,2019-12-02,70,55.51,1878.0,89.6,2.95,2.83,73.9,0.723,0.284,34.21,0.483,17.71,12070.5,6.11,0.403,False,False
BGW-006,3,2019-12-03,71,55.23,1896.9,91.9,2.72,2.82,71.0,0.725,0.283,32.19,0.491,16.38,12274.5,5.35,0.386,False,False
BGW-006,3,2019-12-04,72,54.95,1915.4,88.6,2.75,2.8,70.9,0.723,0.28,31.08,0.511,15.19,11771.8,5.22,0.39,False,False
BGW-006,3,2019-12-05,73,54.69,1933.4,90.3,3.5,2.79,62.9,0.697,0.268,38.55,0.509,18.93,12120.2,6.38,0.518,True,False
BGW-006,3,2019-12-06,74,54.43,1951.0,88.8,2.91,2.78,67.2,0.715,0.273,32.08,0.497,16.13,12087.8,5.61,0.421,False,False
BGW-006,3,2019-12-07,75,54.19,1968.1,94.0,3.75,2.77,65.9,0.684,0.26,41.62,0.492,21.14,12376.6,6.69,0.573,True,False
BGW-006,3,2019-12-08,76,53.95,1984.7,89.3,2.68,2.76,71.9,0.715,0.27,29.37,0.508,14.44,12209.4,5.53,0.406,False,False
BGW-006,3,2019-12-09,77,53.72,2000.9,92.8,3.24,2.75,69.8,0.697,0.261,35.69,0.501,17.83,12331.9,6.37,0.495,True,False
BGW-006,3,2019-12-10,78,53.5,2016.7,88.0,2.66,2.74,72.7,0.711,0.265,28.19,0.507,13.89,12153.6,5.58,0.413,False,False
BGW-006,3,2019-12-11,79,53.29,2032.0,89.9,2.73,2.73,71.7,0.71,0.263,29.32,0.533,13.68,12221.6,5.4,0.416,False,False
BGW-006,3,2019-12-12,80,53.08,2046.9,95.3,3.43,2.72,69.3,0.684,0.252,37.43,0.507,18.45,12195.3,6.28,0.543,True,False
BGW-006,3,2019-12-13,81,52.89,2061.4,93.3,3.48,2.71,65.5,0.681,0.249,36.75,0.507,18.12,12304.1,6.11,0.557,True,False
BGW-006,3,2019-12-14,82,52.7,2075.5,89.4,2.6,2.7,66.5,0.705,0.257,27.16,0.525,12.91,12155.1,5.07,0.426,False,False
BGW-006,3,2019-12-15,83,52.51,2089.2,91.6,2.78,2.7,71.0,0.7,0.254,29.37,0.517,14.19,12045.9,5.56,0.444,False,False
BGW-006,3,2019-12-16,84,52.34,2102.5,89.5,3.48,2.69,63.4,0.675,0.243,34.51,0.506,17.04,12163.4,6.54,0.572,True,False
BGW-006,3,2019-12-17,85,52.17,2115.4,89.4,2.7,2.68,63.2,0.699,0.251,27.56,0.576,11.67,12161.1,5.58,0.44,False,False
BGW-006,3,2019-12-18,86,52.0,2127.9,90.9,2.62,2.67,71.3,0.698,0.249,27.0,0.562,11.83,12146.0,5.53,0.438,False,False
BGW-006,3,2019-12-19,87,51.84,2140.1,87.3,2.54,2.67,71.2,0.697,0.248,24.97,0.565,10.86,11984.3,5.42,0.441,False,False
BGW-006,3,2019-12-20,88,51.69,2151.9,86.8,2.56,2.66,71.5,0.696,0.246,24.9,0.564,10.86,12274.5,5.37,0.444,False,False
BGW-006,3,2019-12-21,89,51.54,2163.3,91.3,3.76,2.65,60.4,0.657,0.232,36.15,0.546,16.4,12142.6,6.52,0.64,True,False
BGW-006,3,2019-12-22,90,51.4,2174.4,89.4,2.67,2.65,64.7,0.692,0.243,26.41,0.579,11.12,12215.6,5.34,0.454,True,False
BGW-006,3,2019-12-23,91,51.26,2185.2,91.3,2.74,2.64,65.6,0.689,0.241,27.34,0.609,10.7,12546.8,5.54,0.468,True,False
BGW-006,3,2019-12-24,92,51.13,2195.7,88.9,2.65,2.63,64.6,0.69,0.24,25.73,0.575,10.93,11821.0,5.1,0.456,True,False
BGW-006,3,2019-12-25,93,51.0,2205.8,92.5,3.68,2.63,60.8,0.654,0.227,35.11,0.592,14.33,12233.3,6.7,0.639,True,False
BGW-006,3,2019-12-26,94,50.88,2215.6,97.0,2.82,2.62,71.2,0.682,0.236,29.3,0.595,11.87,12454.7,5.46,0.493,True,False
BGW-006,3,2019-12-27,95,50.76,2225.1,86.1,2.5,2.62,69.0,0.687,0.237,23.11,0.604,9.16,11905.6,5.01,0.46,True,False
BGW-006,3,2019-12-28,96,50.65,2234.3,94.3,3.17,2.61,69.8,0.667,0.229,31.15,0.626,11.65,12047.3,6.03,0.56,True,False
BGW-006,3,2019-12-29,97,50.54,2243.2,87.9,2.68,2.61,63.0,0.683,0.234,25.04,0.648,8.81,11959.0,5.24,0.477,True,False
BGW-006,3,2019-12-30,98,50.43,2251.8,96.3,3.28,2.6,61.6,0.661,0.226,32.44,0.622,12.28,12575.8,6.43,0.585,True,False
BGW-006,3,2019-12-31,99,50.33,2260.2,94.5,2.76,2.6,67.1,0.678,0.231,27.29,0.6,10.92,12421.8,5.36,0.496,True,False
BGW-006,3,2020-01-01,100,50.23,2268.3,85.8,2.51,2.59,62.5,0.682,0.231,22.61,0.642,8.09,11994.7,5.06,0.47,True,False
BGW-006,3,2020-01-02,101,50.14,2276.1,89.5,2.5,2.59,69.3,0.681,0.23,23.4,0.649,8.22,11933.2,5.09,0.472,True,False
BGW-006,3,2020-01-03,102,50.05,2283.7,83.9,3.05,2.59,66.1,0.665,0.224,26.05,0.638,9.43,11878.7,5.81,0.554,True,False
BGW-006,3,2020-01-04,103,49.96,2291.0,90.2,2.66,2.58,67.9,0.677,0.228,24.8,0.655,8.55,12496.1,5.56,0.488,True,False
BGW-006,3,2020-01-05,104,49.87,2298.1,93.0,2.85,2.58,69.3,0.67,0.225,27.04,0.643,9.66,12117.4,5.77,0.524,True,False
BGW-006,3,2020-01-06,105,49.79,2305.0,95.6,2.79,2.57,69.5,0.67,0.224,27.25,0.678,8.77,12334.5,5.3,0.517,True,False
BGW-006,3,2020-01-07,106,49.71,2311.6,85.6,2.57,2.57,62.6,0.677,0.226,22.58,0.655,7.78,11826.8,5.36,0.48,True,False
BGW-006,3,2020-01-08,107,49.64,2318.1,87.1,2.64,2.57,65.3,0.674,0.225,23.46,0.687,7.35,11917.4,5.06,0.494,True,False
BGW-006,3,2020-01-09,108,49.56,2324.3,87.6,2.62,2.56,62.4,0.674,0.224,23.36,0.637,8.49,12196.8,5.39,0.493,True,False
BGW-006,3,2020-01-10,109,49.49,2330.3,96.2,3.08,2.56,67.0,0.657,0.218,29.38,0.646,10.39,12321.6,6.2,0.575,True,False
BGW-006,3,2020-01-11,110,49.42,2336.1,90.2,2.52,2.56,65.5,0.674,0.223,23.04,0.687,7.21,12353.2,5.31,0.485,True,False
BGW-006,3,2020-01-12,111,49.36,2341.7,87.7,2.6,2.56,66.8,0.672,0.222,23.01,0.635,8.4,12177.8,5.68,0.495,True,False
BGW-006,3,2020-01-13,112,49.3,2347.1,89.7,2.82,2.55,64.1,0.664,0.219,25.14,0.684,7.95,12129.9,5.97,0.534,True,False
BGW-006,3,2020-01-14,113,49.23,2352.4,95.1,3.08,2.55,62.6,0.655,0.215,28.69,0.653,9.95,12086.7,5.83,0.582,True,False
BGW-006,3,2020-01-15,114,49.18,2357.4,95.7,3.45,2.55,61.9,0.642,0.211,31.62,0.694,9.67,12413.7,6.38,0.648,True,False
BGW-006,3,2020-01-16,115,49.12,2362.3,90.5,3.19,2.54,62.5,0.649,0.213,27.96,0.679,8.99,12313.6,6.25,0.605,True,False
BGW-006,3,2020-01-17,116,49.06,2367.1,86.3,2.45,2.54,66.8,0.671,0.22,21.11,0.725,5.81,12171.9,5.31,0.493,True,False
BGW-006,3,2020-01-18,117,49.01,2371.6,88.6,2.49,2.54,67.8,0.67,0.219,21.92,0.646,7.75,12495.3,5.36,0.494,True,False
BGW-006,4,2020-01-25,1,166.86,100.7,100.0,6.15,5.15,86.3,0.867,0.774,216.32,0.179,177.63,12096.4,9.18,0.174,False,False
BGW-006,4,2020-01-26,2,163.64,107.3,99.7,4.9,5.13,83.9,0.9,0.802,177.94,0.159,149.61,12213.5,8.01,0.0,False,False
BGW-006,4,2020-01-27,3,160.5,114.3,99.0,6.5,5.11,86.2,0.854,0.759,221.96,0.177,182.73,12125.8,9.59,0.243,False,False
BGW-006,4,2020-01-28,4,157.45,121.6,98.2,6.5,5.09,86.9,0.853,0.756,219.24,0.185,178.6,11802.0,9.43,0.247,False,False
BGW-006,4,2020-01-29,5,154.48,129.3,99.7,5.65,5.07,81.2,0.881,0.778,199.12,0.14,171.29,12089.8,8.68,0.102,False,False
BGW-006,4,2020-01-30,6,151.59,137.4,97.1,4.81,5.05,83.4,0.9,0.793,168.44,0.154,142.43,12010.6,7.59,0.0,False,False
BGW-006,4,2020-01-31,7,148.78,145.8,100.0,6.5,5.02,80.1,0.851,0.747,220.57,0.203,175.76,12208.8,9.72,0.258,False,False
BGW-006,4,2020-02-01,8,146.05,154.6,100.0,6.5,5.0,87.3,0.85,0.743,219.57,0.204,174.72,12149.7,9.53,0.262,False,False
BGW-006,4,2020-02-02,9,143.39,163.8,100.0,5.18,4.98,85.8,0.893,0.778,183.26,0.269,133.98,11956.0,8.24,0.036,False,False
BGW-006,4,2020-02-03,10,140.8,173.5,100.0,4.86,4.95,94.4,0.9,0.781,172.42,0.234,132.0,12271.3,8.08,0.0,False,False
BGW-006,4,2020-02-04,11,138.28,183.5,97.3,4.95,4.93,82.0,0.899,0.777,170.06,0.232,130.66,11908.3,7.89,0.005,False,False
BGW-006,4,2020-02-05,12,135.83,193.9,97.3,4.69,4.9,90.7,0.9,0.774,160.36,0.253,119.85,12034.8,7.63,0.0,False,False
BGW-006,4,2020-02-06,13,133.44,204.8,98.5,5.05,4.87,91.1,0.894,0.765,172.93,0.261,127.85,12256.8,7.84,0.032,False,False
BGW-006,4,2020-02-07,14,131.12,216.1,97.8,4.98,4.85,88.7,0.896,0.763,168.68,0.263,124.31,12294.1,8.26,0.027,False,False
BGW-006,4,2020-02-08,15,128.86,227.8,100.0,4.85,4.82,90.4,0.899,0.761,167.75,0.279,120.9,11943.6,7.71,0.012,False,False
BGW-006,4,2020-02-09,16,126.67,239.9,99.4,4.71,4.79,88.0,0.9,0.758,161.41,0.285,115.47,12066.4,7.59,0.009,False,False
BGW-006,4,2020-02-10,17,124.53,252.5,97.3,5.48,4.76,90.0,0.876,0.734,177.64,0.293,125.5,11966.7,8.4,0.137,False,False
BGW-006,4,2020-02-11,18,122.45,265.5,100.0,6.5,4.73,77.7,0.841,0.7,206.8,0.337,137.21,12375.1,9.57,0.324,False,False
BGW-006,4,2020-02-12,19,120.43,279.0,100.0,4.88,4.7,82.5,0.894,0.74,163.96,0.291,116.19,12343.2,7.75,0.049,False,False
BGW-006,4,2020-02-13,20,118.46,292.8,100.0,4.49,4.67,92.9,0.9,0.74,150.92,0.336,100.18,12087.6,7.2,0.021,False,False
BGW-006,4,2020-02-14,21,116.54,307.1,100.0,6.31,4.64,81.2,0.844,0.689,197.52,0.31,136.38,12113.2,9.55,0.316,False,False
BGW-006,4,2020-02-15,22,114.68,321.9,100.0,5.7,4.61,86.1,0.864,0.7,181.3,0.361,115.9,12509.7,9.08,0.218,False,False
BGW-006,4,2020-02-16,23,112.87,337.0,95.0,5.24,4.58,88.0,0.878,0.706,159.95,0.308,110.67,11883.2,7.99,0.147,False,False
BGW-006,4,2020-02-17,24,111.1,352.6,97.2,4.68,4.55,89.0,0.895,0.715,147.84,0.346,96.76,11922.2,7.5,0.059,False,False
BGW-006,4,2020-02-18,25,109.39,368.6,100.0,6.33,4.51,81.7,0.84,0.665,191.23,0.371,120.36,12175.2,9.34,0.355,False,False
BGW-006,4,2020-02-19,26,107.72,385.0,99.7,4.5,4.48,89.0,0.899,0.707,144.17,0.361,92.06,12059.7,7.39,0.045,False,False
BGW-006,4,2020-02-20,27,106.09,401.8,99.4,6.09,4.45,79.4,0.845,0.659,181.21,0.361,115.87,12259.0,9.23,0.333,False,False
BGW-006,4,2020-02-21,28,104.51,419.0,97.9,4.54,4.42,90.9,0.894,0.691,139.33,0.375,87.07,12274.6,7.59,0.07,False,False
BGW-006,4,2020-02-22,29,102.97,436.6,100.0,5.85,4.39,82.8,0.847,0.649,172.47,0.422,99.68,12464.0,8.9,0.31,False,False
BGW-006,4,2020-02-23,30,101.47,454.6,100.0,4.35,4.35,89.5,0.894,0.678,134.1,0.431,76.24,12125.2,7.33,0.058,False,False
BGW-006,4,2020-02-24,31,100.02,473.0,98.4,5.28,4.32,82.3,0.86,0.647,152.58,0.434,86.32,12323.2,8.29,0.23,False,False
BGW-006,4,2020-02-25,32,98.6,491.7,99.3,4.22,4.29,91.7,0.889,0.663,126.32,0.429,72.11,12364.3,6.93,0.066,False,False
BGW-006,4,2020-02-26,33,97.22,510.8,100.0,5.73,4.25,76.6,0.838,0.619,160.98,0.434,91.05,12409.2,9.11,0.328,False,False
BGW-006,4,2020-02-27,34,95.88,530.2,100.0,4.14,4.22,92.6,0.885,0.647,121.73,0.404,72.55,12216.8,6.87,0.075,False,False
BGW-006,4,2020-02-28,35,94.58,549.9,100.0,4.12,4.19,79.9,0.883,0.639,119.52,0.45,65.68,12346.2,7.22,0.08,False,False
BGW-006,4,2020-02-29,36,93.31,570.0,95.7,5.64,4.16,78.0,0.831,0.595,145.96,0.455,79.6,12172.3,8.95,0.344,False,False
BGW-006,4,2020-03-01,37,92.07,590.3,95.7,4.69,4.12,80.5,0.859,0.609,124.27,0.459,67.19,12027.9,7.31,0.188,False,False
BGW-006,4,2020-03-02,38,90.87,611.0,96.9,3.94,4.09,80.4,0.875,0.614,106.45,0.466,56.82,12121.0,6.76,0.093,False,False
BGW-006,4,2020-03-03,39,89.7,631.9,100.0,4.58,4.06,77.6,0.856,0.594,123.7,0.54,56.95,12121.1,7.39,0.189,False,False
BGW-006,4,2020-03-04,40,88.56,653.0,100.0,4.33,4.03,78.0,0.861,0.591,116.23,0.506,57.46,12333.9,7.2,0.155,False,False
BGW-006,4,2020-03-05,41,87.45,674.4,97.2,4.12,4.0,88.5,0.864,0.587,106.79,0.521,51.19,11948.2,6.88,0.129,False,False
BGW-006,4,2020-03-06,42,86.38,696.1,94.9,4.51,3.97,83.3,0.847,0.57,110.73,0.524,52.71,12041.3,7.41,0.208,False,False
BGW-006,4,2020-03-07,43,85.33,717.9,93.7,5.36,3.94,74.5,0.815,0.542,123.76,0.535,57.51,12073.9,8.38,0.367,False,False
BGW-006,4,2020-03-08,44,84.31,740.0,100.0,5.12,3.9,83.3,0.82,0.539,125.48,0.49,64.02,12202.6,8.05,0.336,False,False
BGW-006,4,2020-03-09,45,83.32,762.2,97.1,4.06,3.87,81.4,0.851,0.554,99.29,0.491,50.52,12262.5,6.99,0.161,False,False
BGW-006,4,2020-03-10,46,82.35,784.6,100.0,3.75,3.84,83.4,0.855,0.55,93.83,0.56,41.26,12405.3,6.72,0.133,False,False
BGW-006,4,2020-03-11,47,81.41,807.1,99.8,5.22,3.81,74.8,0.806,0.512,121.21,0.562,53.11,12359.0,8.02,0.383,False,False
BGW-006,4,2020-03-12,48,80.5,829.8,100.0,4.6,3.79,84.9,0.823,0.517,108.22,0.595,43.84,12365.2,7.45,0.286,False,False
BGW-006,4,2020-03-13,49,79.61,852.6,100.0,4.98,3.76,81.1,0.806,0.501,113.5,0.564,49.45,12361.8,7.98,0.363,False,False
BGW-006,4,2020-03-14,50,78.74,875.4,97.0,3.74,3.73,80.4,0.844,0.519,85.52,0.586,35.41,12395.5,6.78,0.155,False,False
BGW-006,4,2020-03-15,51,77.9,898.4,96.9,4.33,3.7,83.8,0.821,0.499,95.22,0.626,35.57,12311.6,7.55,0.27,False,False
BGW-006,4,2020-03-16,52,77.08,921.4,99.7,5.04,3.67,71.6,0.794,0.477,108.89,0.603,43.24,12280.4,8.0,0.403,False,False
BGW-006,4,2020-03-17,53,76.29,944.5,97.7,3.72,3.64,80.4,0.834,0.496,81.94,0.584,34.12,12153.2,6.51,0.183,False,False
BGW-006,4,2020-03-18,54,75.51,967.7,99.5,3.65,3.62,76.5,0.833,0.489,80.82,0.617,30.96,12255.7,6.62,0.18,False,False
BGW-006,4,2020-03-19,55,74.76,990.8,100.0,3.92,3.59,83.5,0.82,0.477,84.86,0.633,31.16,12588.9,6.88,0.237,False,False
BGW-006,4,2020-03-20,56,74.02,1013.9,96.7,4.08,3.57,79.2,0.811,0.466,83.6,0.615,32.18,12331.4,6.96,0.275,False,False
BGW-006,4,2020-03-21,57,73.31,1037.1,100.0,4.85,3.54,81.7,0.782,0.444,97.97,0.668,32.5,12336.7,7.68,0.42,False,False
BGW-006,4,2020-03-22,58,72.61,1060.2,100.0,3.86,3.51,78.8,0.811,0.456,80.06,0.626,29.93,12433.5,6.81,0.256,False,False
BGW-006,4,2020-03-23,59,71.94,1083.3,97.7,3.65,3.49,79.8,0.815,0.453,73.37,0.669,24.28,12343.2,6.58,0.228,False,False
BGW-006,4,2020-03-24,60,71.28,1106.3,100.0,4.0,3.47,74.8,0.8,0.44,80.01,0.701,23.91,12297.5,7.29,0.3,False,False
BGW-006,4,2020-03-25,61,70.64,1129.3,96.7,3.29,3.44,74.9,0.815,0.443,64.02,0.699,19.29,12310.5,6.45,0.211,False,False
BGW-006,4,2020-03-26,62,70.02,1152.1,98.0,3.4,3.42,76.5,0.812,0.437,66.26,0.695,20.19,12201.0,6.4,0.216,False,False
BGW-006,5,2020-04-06,1,169.79,95.1,99.8,5.98,5.17,86.1,0.873,0.781,211.86,0.158,178.36,12307.6,9.25,0.142,False,False
BGW-006,5,2020-04-07,2,166.5,101.4,99.5,6.06,5.15,91.1,0.87,0.777,212.89,0.162,178.49,11978.4,8.93,0.16,False,False
BGW-006,5,2020-04-08,3,163.31,108.0,100.0,5.3,5.13,83.0,0.894,0.797,192.03,0.136,165.9,11916.0,8.2,0.031,False,False
BGW-006,5,2020-04-09,4,160.2,115.0,98.7,5.34,5.11,83.7,0.892,0.793,189.89,0.145,162.44,12023.0,8.1,0.041,False,False
BGW-006,5,2020-04-10,5,157.18,122.3,100.0,6.37,5.09,88.8,0.857,0.759,219.9,0.177,180.9,11900.4,9.34,0.224,False,False
BGW-006,5,2020-04-11,6,154.24,130.0,100.0,5.28,5.07,92.5,0.893,0.789,189.33,0.172,156.71,12384.8,8.43,0.038,False,False
BGW-006,5,2020-04-12,7,151.37,138.0,100.0,5.24,5.05,80.6,0.894,0.787,187.23,0.17,155.32,12290.4,8.0,0.033,False,False
BGW-006,5,2020-04-13,8,148.59,146.4,97.7,5.26,5.02,90.4,0.892,0.783,182.87,0.186,148.94,12163.4,8.38,0.042,False,False
BGW-006,5,2020-04-14,9,145.87,155.2,100.0,5.14,5.0,84.9,0.895,0.783,182.96,0.15,155.58,12001.0,8.26,0.025,False,False
BGW-006,5,2020-04-15,10,143.23,164.4,99.8,4.9,4.98,83.7,0.9,0.784,174.31,0.21,137.65,12102.3,7.86,0.0,False,False
BGW-006,5,2020-04-16,11,140.67,174.0,100.0,4.98,4.95,82.8,0.899,0.78,176.51,0.145,150.93,12107.7,8.12,0.005,False,False
BGW-006,5,2020-04-17,12,138.17,183.9,100.0,6.41,4.92,76.8,0.85,0.734,214.01,0.189,173.48,12291.0,9.73,0.26,False,False
BGW-006,5,2020-04-18,13,135.73,194.3,100.0,4.79,4.9,93.5,0.9,0.774,168.3,0.178,138.37,12073.0,7.6,0.0,False,False
BGW-006,5,2020-04-19,14,133.37,205.1,99.5,6.05,4.87,83.2,0.861,0.736,201.54,0.173,166.61,12283.4,9.17,0.207,False,False
BGW-006,5,2020-04-20,15,131.06,216.4,100.0,5.5,4.85,85.3,0.878,0.748,186.78,0.191,151.08,11975.0,8.47,0.118,False,False
BGW-006,5,2020-04-21,16,128.82,228.0,99.1,4.67,4.82,92.0,0.9,0.762,160.29,0.28,115.38,12351.6,7.95,0.006,False,False
BGW-006,5,2020-04-22,17,126.64,240.1,100.0,4.82,4.79,85.8,0.899,0.757,165.81,0.239,126.2,12420.0,7.83,0.014,False,False
BGW-006,5,2020-04-23,18,124.52,252.6,99.8,4.83,4.76,84.1,0.898,0.752,164.75,0.259,122.1,12246.4,7.84,0.024,False,False
BGW-006,5,2020-04-24,19,122.45,265.5,97.4,4.74,4.73,92.5,0.9,0.749,157.18,0.235,120.18,12186.1,7.71,0.017,False,False
BGW-006,5,2020-04-25,20,120.44,278.9,100.0,5.46,4.7,79.7,0.875,0.724,179.48,0.238,136.82,12561.2,8.96,0.15,False,False
BGW-006,5,2020-04-26,21,118.49,292.6,97.7,5.62,4.67,86.1,0.868,0.714,178.15,0.282,127.84,12118.4,8.8,0.188,False,False
BGW-006,5,2020-04-27,22,116.58,306.8,99.7,5.1,4.64,90.2,0.885,0.722,166.96,0.258,123.85,12050.5,8.33,0.105,False,False
BGW-006,5,2020-04-28,23,114.73,321.5,99.4,4.81,4.61,90.1,0.893,0.724,157.43,0.246,118.71,12262.3,7.91,0.063,False,False
BGW-006,5,2020-04-29,24,112.93,336.5,100.0,4.43,4.58,91.9,0.9,0.724,145.79,0.243,110.31,12020.5,7.3,0.031,False,False
BGW-006,5,2020-04-30,25,111.17,352.0,100.0,4.57,4.55,83.5,0.899,0.718,149.21,0.264,109.75,12224.0,7.7,0.039,False,False
BGW-006,5,2020-05-01,26,109.46,367.9,97.6,4.34,4.52,90.6,0.9,0.713,137.39,0.299,96.32,11967.7,7.11,0.038,False,False
BGW-006,5,2020-05-02,27,107.8,384.1,100.0,4.52,4.48,93.5,0.899,0.707,145.05,0.266,106.42,12291.3,7.51,0.047,False,False
BGW-006,5,2020-05-03,28,106.19,400.8,100.0,4.63,4.45,93.0,0.894,0.697,146.61,0.271,106.86,12203.5,7.85,0.076,False,False
BGW-006,5,2020-05-04,29,104.61,417.9,100.0,4.49,4.42,90.9,0.896,0.692,141.29,0.302,98.55,12493.4,7.34,0.062,False,False
BGW-006,5,2020-05-05,30,103.08,435.4,100.0,5.8,4.39,78.5,0.849,0.651,171.41,0.31,118.32,12429.1,9.01,0.3,False,False
BGW-006,5,2020-05-06,31,101.59,453.2,100.0,4.78,4.36,90.9,0.88,0.668,145.11,0.313,99.7,12285.1,7.93,0.131,False,False
BGW-006,5,2020-05-07,32,100.14,471.4,100.0,5.15,4.32,81.2,0.864,0.651,152.25,0.32,103.54,12125.7,8.01,0.206,False,False
BGW-006,5,2020-05-08,33,98.73,490.0,100.0,4.7,4.29,81.9,0.876,0.653,139.51,0.316,95.42,12199.3,7.74,0.137,False,False
BGW-006,5,2020-05-09,34,97.36,508.9,100.0,4.69,4.26,84.1,0.873,0.645,137.52,0.29,97.62,12102.0,7.72,0.146,False,False
BGW-006,5,2020-05-10,35,96.02,528.1,100.0,6.02,4.23,75.2,0.825,0.604,165.25,0.33,110.65,12152.0,9.22,0.389,False,False
BGW-006,5,2020-05-11,36,94.72,547.7,95.5,4.73,4.19,88.8,0.865,0.627,128.59,0.33,86.21,12117.6,7.6,0.173,False,False
BGW-006,5,2020-05-12,37,93.45,567.6,98.0,4.12,4.16,86.6,0.88,0.631,115.93,0.311,79.92,12036.0,6.84,0.084,False,False
BGW-006,5,2020-05-13,38,92.22,587.8,100.0,5.46,4.13,78.8,0.834,0.592,146.93,0.314,100.75,12288.5,8.73,0.322,False,False
BGW-006,5,2020-05-14,39,91.02,608.2,97.7,3.95,4.1,85.8,0.876,0.615,107.76,0.334,71.78,12063.0,6.66,0.093,False,False
BGW-006,5,2020-05-15,40,89.86,629.0,100.0,5.11,4.06,83.6,0.838,0.583,135.37,0.31,93.37,12406.2,8.46,0.28,False,False
BGW-006,5,2020-05-16,41,88.72,650.0,100.0,5.05,4.03,77.2,0.837,0.576,132.07,0.337,87.62,12044.9,8.09,0.279,False,False
BGW-006,5,2020-05-17,42,87.62,671.2,100.0,5.65,4.0,77.8,0.813,0.554,142.26,0.347,92.96,12516.2,8.68,0.396,False,False
BGW-006,5,2020-05-18,43,86.54,692.7,95.1,5.29,3.97,75.8,0.822,0.554,126.48,0.372,79.45,12318.1,8.58,0.342,False,False
BGW-006,5,2020-05-19,44,85.5,714.3,96.4,3.85,3.94,81.1,0.863,0.575,96.85,0.381,59.92,12331.2,6.9,0.117,False,False
BGW-006,5,2020-05-20,45,84.48,736.2,98.4,3.72,3.91,78.0,0.861,0.567,94.45,0.362,60.3,12456.9,6.6,0.122,False,False
BGW-006,5,2020-05-21,46,83.49,758.3,99.0,5.2,3.88,81.9,0.814,0.531,124.07,0.408,73.47,12451.4,8.17,0.357,False,False
BGW-006,5,2020-05-22,47,82.53,780.5,99.8,3.94,3.85,79.7,0.853,0.549,98.23,0.397,59.27,12232.2,7.04,0.148,False,False
BGW-006,5,2020-05-23,48,81.59,802.8,99.7,3.66,3.82,82.5,0.853,0.544,90.08,0.348,58.69,12683.2,6.52,0.137,False,False
BGW-006,5,2020-05-24,49,80.68,825.3,100.0,5.3,3.79,83.3,0.8,0.504,121.48,0.361,77.61,12190.2,8.36,0.407,False,False
BGW-006,5,2020-05-25,50,79.79,847.9,99.5,3.77,3.76,88.0,0.847,0.528,89.99,0.37,56.73,12351.3,6.68,0.149,False,False
BGW-006,5,2020-05-26,51,78.92,870.7,95.8,3.62,3.73,76.7,0.845,0.521,82.02,0.412,48.25,12016.0,6.57,0.152,False,False
BGW-006,5,2020-05-27,52,78.08,893.5,98.9,3.66,3.71,79.6,0.842,0.513,84.36,0.42,48.95,12495.9,6.74,0.158,False,False
BGW-006,5,2020-05-28,53,77.26,916.3,97.7,3.65,3.68,80.0,0.84,0.506,81.99,0.425,47.18,11983.0,6.49,0.163,False,False
BGW-006,5,2020-05-29,54,76.47,939.2,98.3,3.47,3.65,86.7,0.837,0.499,77.27,0.405,46.0,12438.5,6.62,0.168,False,False
BGW-006,5,2020-05-30,55,75.69,962.2,99.2,5.22,3.62,73.2,0.781,0.46,108.4,0.424,62.39,12474.9,8.37,0.453,True,False
BGW-006,5,2020-05-31,56,74.94,985.2,99.2,5.17,3.6,81.3,0.779,0.454,105.79,0.41,62.37,12576.4,8.51,0.453,True,False
BGW-006,5,2020-06-01,57,74.2,1008.2,100.0,4.54,3.57,80.8,0.797,0.459,94.79,0.418,55.12,12417.4,7.5,0.354,False,False
BGW-006,5,2020-06-02,58,73.49,1031.2,100.0,4.37,3.55,81.2,0.799,0.455,90.4,0.378,56.27,12652.8,7.35,0.333,False,False
BGW-006,5,2020-06-03,59,72.79,1054.2,98.5,3.45,3.52,85.7,0.824,0.464,71.7,0.423,41.36,12233.1,6.34,0.194,False,False
BGW-006,5,2020-06-04,60,72.12,1077.1,93.0,3.74,3.5,84.6,0.813,0.453,71.56,0.437,40.29,12076.9,6.84,0.241,False,False
BGW-006,5,2020-06-05,61,71.46,1100.0,96.8,4.13,3.47,78.2,0.796,0.439,79.78,0.437,44.96,12222.7,7.0,0.32,False,False
BGW-006,5,2020-06-06,62,70.82,1122.8,91.4,4.09,3.45,78.7,0.794,0.433,73.65,0.448,40.63,12204.0,7.19,0.322,False,False
BGW-006,5,2020-06-07,63,70.19,1145.6,96.1,3.72,3.43,75.2,0.803,0.434,70.39,0.44,39.43,12289.3,6.43,0.266,False,False
BGW-006,5,2020-06-08,64,69.59,1168.2,94.0,3.54,3.4,72.8,0.806,0.43,65.16,0.436,36.72,12346.9,6.57,0.245,False,False
BGW-006,5,2020-06-09,65,69.0,1190.8,95.5,3.47,3.38,78.5,0.805,0.425,64.13,0.469,34.06,12102.2,6.36,0.241,False,False
BGW-006,5,2020-06-10,66,68.42,1213.3,90.6,4.2,3.36,77.7,0.777,0.406,70.33,0.429,40.18,12298.0,7.3,0.378,False,False
BGW-006,5,2020-06-11,67,67.86,1235.6,96.7,3.39,3.34,81.2,0.801,0.415,61.74,0.47,32.71,12136.1,6.13,0.244,False,False
BGW-006,5,2020-06-12,68,67.32,1257.8,92.2,3.23,3.32,80.9,0.8,0.41,55.47,0.487,28.44,12024.0,5.99,0.24,False,False
BGW-006,5,2020-06-13,69,66.79,1279.9,96.5,3.19,3.3,83.1,0.797,0.404,56.64,0.466,30.22,12523.1,5.99,0.245,False,False
BGW-006,5,2020-06-14,70,66.27,1301.8,97.9,4.5,3.27,72.7,0.754,0.379,75.84,0.484,39.14,12311.3,7.45,0.465,True,False
BGW-006,5,2020-06-15,71,65.77,1323.5,96.3,3.29,3.26,80.3,0.791,0.393,56.69,0.44,31.75,11986.8,6.0,0.262,False,False
BGW-006,5,2020-06-16,72,65.28,1345.1,92.6,3.35,3.24,82.3,0.786,0.387,54.64,0.473,28.79,11956.5,6.3,0.281,False,False
BGW-006,5,2020-06-17,73,64.81,1366.5,93.4,3.43,3.22,72.9,0.78,0.381,55.37,0.502,27.58,12096.3,6.31,0.302,False,False
BGW-006,5,2020-06-18,74,64.35,1387.7,93.5,3.15,3.2,79.4,0.785,0.379,50.74,0.501,25.33,12149.0,5.85,0.27,False,False
BGW-006,5,2020-06-19,75,63.9,1408.7,96.0,3.27,3.18,76.0,0.779,0.373,53.27,0.511,26.05,12298.0,6.17,0.291,False,False
BGW-006,5,2020-06-20,76,63.46,1429.5,100.0,3.75,3.16,73.7,0.76,0.361,61.52,0.509,30.18,12710.6,7.06,0.383,False,False
BGW-006,5,2020-06-21,77,63.03,1450.1,95.3,3.14,3.15,80.0,0.777,0.366,49.75,0.473,26.22,12430.1,5.98,0.284,False,False
BGW-006,5,2020-06-22,78,62.62,1470.5,92.0,3.18,3.13,70.6,0.773,0.36,47.95,0.553,21.46,12041.0,6.12,0.298,False,False
BGW-006,5,2020-06-23,79,62.22,1490.6,92.3,2.97,3.11,73.5,0.773,0.357,44.43,0.507,21.91,12233.6,5.56,0.293,False,False
BGW-006,5,2020-06-24,80,61.82,1510.5,95.6,4.39,3.1,66.6,0.727,0.333,63.48,0.521,30.42,12335.2,7.51,0.524,True,False
BGW-006,5,2020-06-25,81,61.44,1530.2,95.3,2.97,3.08,75.1,0.768,0.349,44.82,0.526,21.25,12264.2,5.71,0.302,False,False
BGW-006,5,2020-06-26,82,61.07,1549.7,92.1,3.12,3.06,80.2,0.764,0.344,44.89,0.53,21.12,12211.8,5.86,0.316,False,False
BGW-006,5,2020-06-27,83,60.71,1568.9,94.5,2.9,3.05,71.1,0.764,0.341,42.51,0.527,20.09,12256.5,5.81,0.311,False,False
BGW-006,5,2020-06-28,84,60.36,1587.9,90.3,3.39,3.03,72.4,0.749,0.332,46.25,0.532,21.63,12112.0,6.37,0.378,False,False
BGW-006,5,2020-06-29,85,60.01,1606.6,100.0,3.65,3.02,76.2,0.738,0.324,53.8,0.564,23.47,12716.6,6.41,0.43,False,False
BGW-006,5,2020-06-30,86,59.68,1625.0,94.7,2.88,3.01,70.2,0.757,0.33,40.91,0.531,19.19,12289.9,5.5,0.324,False,False
BGW-006,5,2020-07-01,87,59.35,1643.2,95.0,3.08,2.99,75.0,0.752,0.325,43.3,0.588,17.82,12170.1,5.81,0.344,False,False
BGW-006,5,2020-07-02,88,59.04,1661.2,93.4,3.09,2.98,69.2,0.749,0.322,42.15,0.565,18.35,12173.8,5.92,0.351,False,False
BGW-006,5,2020-07-03,89,58.73,1678.9,90.4,3.11,2.97,76.4,0.746,0.318,40.67,0.564,17.74,12115.1,6.12,0.362,False,False
BGW-006,5,2020-07-04,90,58.43,1696.3,91.2,3.59,2.95,69.0,0.728,0.308,45.81,0.581,19.21,11967.2,6.28,0.451,True,False
BGW-006,5,2020-07-05,91,58.14,1713.4,92.0,3.22,2.94,72.9,0.737,0.31,41.71,0.575,17.73,12210.2,6.15,0.393,False,False
BGW-006,5,2020-07-06,92,57.86,1730.3,93.1,2.82,2.93,68.7,0.745,0.311,37.13,0.568,16.06,12487.9,5.66,0.348,False,False
BGW-006,5,2020-07-07,93,57.58,1747.0,91.3,2.86,2.92,74.1,0.743,0.308,36.53,0.567,15.82,12318.0,5.78,0.352,False,False
BGW-006,5,2020-07-08,94,57.32,1763.3,93.0,2.94,2.91,74.5,0.74,0.305,37.91,0.584,15.77,12046.5,5.64,0.362,False,False
BGW-006,5,2020-07-09,95,57.05,1779.4,89.3,3.11,2.89,74.3,0.732,0.299,37.81,0.625,14.18,12185.5,6.15,0.397,False,False
BGW-006,5,2020-07-10,96,56.8,1795.2,92.7,3.02,2.88,68.1,0.733,0.298,37.91,0.624,14.26,12248.7,5.97,0.387,False,False
BGW-006,5,2020-07-11,97,56.55,1810.8,88.5,2.96,2.87,75.7,0.732,0.296,35.28,0.616,13.54,11923.5,5.62,0.382,False,False
BGW-006,5,2020-07-12,98,56.31,1826.1,90.4,2.83,2.86,72.6,0.734,0.295,34.2,0.631,12.63,12288.8,5.71,0.37,False,False
BGW-006,5,2020-07-13,99,56.08,1841.1,96.4,3.31,2.85,72.1,0.717,0.286,41.48,0.601,16.56,12201.0,5.97,0.453,True,False
BGW-006,5,2020-07-14,100,55.85,1855.9,92.7,2.84,2.84,65.7,0.73,0.29,34.67,0.634,12.68,12265.6,5.5,0.376,False,False
BGW-006,5,2020-07-15,101,55.63,1870.4,88.2,3.05,2.83,73.8,0.721,0.284,34.77,0.642,12.44,12102.8,5.75,0.418,False,False
BGW-006,5,2020-07-16,102,55.41,1884.6,98.7,3.24,2.82,72.5,0.713,0.28,40.6,0.599,16.27,12495.5,6.19,0.455,True,False
BGW-006,5,2020-07-17,103,55.2,1898.6,95.4,3.15,2.81,71.4,0.714,0.279,38.02,0.672,12.48,12300.7,6.05,0.445,False,False
BGW-006,5,2020-07-18,104,55.0,1912.4,89.4,2.74,2.81,70.1,0.724,0.281,31.21,0.674,10.16,12166.3,5.62,0.389,False,False
BGW-006,5,2020-07-19,105,54.8,1925.8,90.0,2.76,2.8,69.4,0.722,0.279,31.42,0.673,10.27,12526.9,5.67,0.392,False,False
BGW-006,5,2020-07-20,106,54.61,1939.0,90.2,2.67,2.79,71.5,0.72,0.277,30.32,0.639,10.96,12244.0,5.46,0.395,False,False
BGW-006,5,2020-07-21,107,54.42,1952.0,86.4,3.14,2.78,65.0,0.707,0.27,33.29,0.613,12.88,11911.7,5.93,0.461,True,True
BGW-006,5,2020-07-22,108,54.24,1964.7,90.0,2.64,2.77,69.1,0.717,0.273,29.44,0.637,10.68,12203.5,5.5,0.401,False,False
BGW-006,5,2020-07-23,109,54.06,1977.2,92.2,2.63,2.76,66.4,0.716,0.271,29.88,0.675,9.7,12613.3,5.35,0.404,False,False
BGW-006,5,2020-07-24,110,53.88,1989.4,89.4,2.8,2.76,72.6,0.713,0.268,30.53,0.691,9.44,12114.3,5.7,0.414,False,False
BGW-006,5,2020-07-25,111,53.72,2001.3,90.7,2.8,2.75,71.2,0.712,0.267,30.74,0.668,10.21,12225.7,5.45,0.418,False,False
BGW-006,5,2020-07-26,112,53.55,2013.1,89.1,2.84,2.74,67.9,0.708,0.264,30.45,0.686,9.56,12043.5,5.51,0.43,False,False
BGW-006,5,2020-07-27,113,53.39,2024.6,88.2,2.71,2.73,74.3,0.71,0.264,28.63,0.679,9.18,12230.8,5.37,0.415,False,False
BGW-006,5,2020-07-28,114,53.24,2035.8,87.5,2.85,2.73,66.0,0.705,0.261,29.5,0.708,8.63,12154.3,5.5,0.438,False,False
BGW-006,5,2020-07-29,115,53.08,2046.9,93.6,3.79,2.72,66.1,0.672,0.248,39.93,0.694,12.22,12370.4,6.85,0.607,True,False
BGW-006,6,2020-08-11,1,171.41,92.2,100.0,5.19,5.18,91.1,0.899,0.806,190.24,0.152,161.3,12269.7,8.09,0.003,False,False
BGW-006,6,2020-08-12,2,168.19,98.1,100.0,5.04,5.16,91.8,0.9,0.805,184.17,0.154,155.77,12052.3,7.92,0.0,False,False
BGW-006,6,2020-08-13,3,165.04,104.4,98.5,4.92,5.14,90.4,0.9,0.803,176.84,0.168,147.06,12055.1,7.88,0.0,False,False
BGW-006,6,2020-08-14,4,161.98,110.9,100.0,6.5,5.12,83.2,0.854,0.76,224.5,0.149,190.95,12199.8,9.82,0.241,False,False
BGW-006,6,2020-08-15,5,159.0,117.8,100.0,5.58,5.1,90.7,0.884,0.785,198.91,0.198,159.56,11975.0,8.49,0.083,False,False
BGW-006,6,2020-08-16,6,156.1,125.1,97.3,6.24,5.08,80.1,0.862,0.762,210.27,0.19,170.3,11887.3,9.37,0.202,False,False
BGW-006,6,2020-08-17,7,153.27,132.6,97.7,5.23,5.06,88.3,0.894,0.789,183.36,0.207,145.35,12044.3,8.22,0.031,False,False
BGW-006,6,2020-08-18,8,150.51,140.5,100.0,5.15,5.04,82.2,0.896,0.788,184.56,0.199,147.77,12295.1,8.1,0.02,False,False
BGW-006,6,2020-08-19,9,147.83,148.8,97.3,6.5,5.02,79.3,0.851,0.746,214.34,0.151,182.0,12094.3,9.57,0.26,False,False
BGW-006,6,2020-08-20,10,145.22,157.4,98.8,5.04,4.99,87.3,0.898,0.785,177.65,0.171,147.28,12131.2,7.99,0.009,False,False
BGW-006,6,2020-08-21,11,142.67,166.4,100.0,5.05,4.97,88.7,0.897,0.781,179.15,0.159,150.65,12261.2,8.26,0.014,False,False
BGW-006,6,2020-08-22,12,140.19,175.8,100.0,5.0,4.95,86.1,0.898,0.778,176.95,0.205,140.62,12261.4,8.02,0.01,False,False
BGW-006,6,2020-08-23,13,137.78,185.6,100.0,6.5,4.92,84.8,0.847,0.731,216.02,0.153,182.98,12288.4,9.86,0.276,False,False
BGW-006,6,2020-08-24,14,135.43,195.7,97.2,4.95,4.9,84.4,0.898,0.772,168.76,0.199,135.2,12138.4,7.89,0.01,False,False
BGW-006,6,2020-08-25,15,133.14,206.2,100.0,5.0,4.87,87.7,0.896,0.766,174.18,0.211,137.5,12025.7,7.88,0.025,False,False
BGW-006,6,2020-08-26,16,130.91,217.1,100.0,5.04,4.84,90.3,0.894,0.76,174.11,0.226,134.82,12093.4,8.03,0.038,False,False
BGW-006,6,2020-08-27,17,128.74,228.5,98.0,4.72,4.82,81.5,0.9,0.762,160.05,0.215,125.64,11800.7,7.63,0.006,False,False
BGW-006,6,2020-08-28,18,126.62,240.2,100.0,5.25,4.79,88.5,0.885,0.745,177.78,0.245,134.25,12052.9,7.95,0.09,False,False
BGW-006,6,2020-08-29,19,124.56,252.3,100.0,6.27,4.76,88.4,0.85,0.712,202.75,0.232,155.66,11999.0,9.32,0.276,False,False
BGW-006,6,2020-08-30,20,122.56,264.8,100.0,5.35,4.73,87.3,0.879,0.732,178.01,0.239,135.55,11944.5,8.24,0.123,False,False
BGW-006,6,2020-08-31,21,120.6,277.8,100.0,4.53,4.7,85.9,0.9,0.745,153.35,0.219,119.73,12015.9,7.31,0.018,False,False
BGW-006,6,2020-09-01,22,118.7,291.1,100.0,4.64,4.67,94.3,0.9,0.74,156.08,0.218,122.05,12080.0,7.66,0.021,False,False
BGW-006,6,2020-09-02,23,116.85,304.8,96.7,5.54,4.65,78.6,0.87,0.711,172.98,0.241,131.36,11997.2,8.39,0.18,False,False
BGW-006,6,2020-09-03,24,115.04,318.9,100.0,5.55,4.62,89.6,0.869,0.705,177.85,0.271,129.62,12125.5,8.38,0.191,False,False
BGW-006,6,2020-09-04,25,113.28,333.5,100.0,4.51,4.59,90.7,0.9,0.725,148.64,0.259,110.15,12332.1,7.71,0.03,False,False
BGW-006,6,2020-09-05,26,111.57,348.4,98.9,4.67,4.56,85.1,0.896,0.717,150.42,0.275,109.01,11980.0,7.43,0.053,False,False
BGW-006,6,2020-09-06,27,109.9,363.7,95.6,6.38,4.52,75.6,0.838,0.666,184.61,0.229,142.3,12186.6,9.24,0.362,False,False
BGW-006,6,2020-09-07,28,108.28,379.4,100.0,4.49,4.49,89.3,0.9,0.709,144.57,0.235,110.62,12150.2,7.14,0.041,False,False
BGW-006,6,2020-09-08,29,106.7,395.5,100.0,4.61,4.46,83.7,0.895,0.7,146.51,0.251,109.76,12056.2,7.51,0.07,False,False
BGW-006,6,2020-09-09,30,105.16,411.9,100.0,4.59,4.43,84.3,0.893,0.693,144.57,0.287,103.12,12404.8,7.78,0.076,False,False
BGW-006,6,2020-09-10,31,103.66,428.7,100.0,5.81,4.4,80.4,0.85,0.653,172.6,0.238,131.47,12453.3,8.91,0.299,False,False
BGW-006,6,2020-09-11,32,102.19,445.9,98.2,4.47,4.37,91.9,0.891,0.68,135.59,0.285,96.95,12327.0,7.45,0.074,False,False
BGW-006,6,2020-09-12,33,100.77,463.4,95.8,6.24,4.34,76.5,0.829,0.627,170.32,0.278,122.94,12118.7,9.25,0.394,False,False
BGW-006,6,2020-09-13,34,99.39,481.3,100.0,5.27,4.31,82.2,0.858,0.643,153.92,0.336,102.18,12432.4,8.71,0.232,False,False
BGW-006,6,2020-09-14,35,98.04,499.4,99.9,4.4,4.27,83.7,0.884,0.656,131.23,0.252,98.14,12418.7,7.14,0.091,False,False
BGW-006,6,2020-09-15,36,96.72,518.0,96.1,5.19,4.24,78.8,0.855,0.629,142.44,0.317,97.29,11939.1,8.05,0.238,False,False
BGW-006,6,2020-09-16,37,95.44,536.8,100.0,4.37,4.21,85.5,0.879,0.64,127.03,0.33,85.17,12083.6,7.26,0.104,False,False
BGW-006,6,2020-09-17,38,94.19,555.9,97.0,4.12,4.18,81.6,0.882,0.636,115.6,0.321,78.49,12193.9,7.03,0.081,False,False
BGW-006,6,2020-09-18,39,92.98,575.3,96.8,5.85,4.15,84.6,0.823,0.588,151.39,0.336,100.51,12076.2,8.88,0.384,False,False
BGW-006,6,2020-09-19,40,91.8,595.0,100.0,4.21,4.12,81.2,0.874,0.618,118.24,0.318,80.63,12212.2,6.87,0.105,False,False
BGW-006,6,2020-09-20,41,90.64,614.9,100.0,4.63,4.09,87.1,0.857,0.6,126.23,0.292,89.44,12090.5,7.59,0.189,False,False
BGW-006,6,2020-09-21,42,89.52,635.1,100.0,4.02,4.06,84.5,0.873,0.605,110.49,0.331,73.94,12398.2,6.89,0.099,False,False
BGW-006,6,2020-09-22,43,88.43,655.6,100.0,4.74,4.02,85.1,0.846,0.581,125.16,0.327,84.19,12432.0,7.78,0.229,False,False
BGW-006,6,2020-09-23,44,87.36,676.2,98.1,5.17,3.99,75.8,0.829,0.563,129.65,0.326,87.33,12415.9,8.14,0.314,False,False
BGW-006,6,2020-09-24,45,86.33,697.1,100.0,3.87,3.96,84.5,0.865,0.581,102.34,0.303,71.32,12459.6,7.12,0.113,False,False
BGW-006,6,2020-09-25,46,85.32,718.2,99.0,3.86,3.93,79.9,0.863,0.574,99.53,0.311,68.59,12393.4,6.86,0.118,False,False
BGW-006,6,2020-09-26,47,84.33,739.4,95.9,3.87,3.91,86.3,0.86,0.566,95.51,0.356,61.54,12027.4,6.73,0.123,False,False
BGW-006,6,2020-09-27,48,83.38,760.8,97.9,3.97,3.88,81.8,0.855,0.556,98.21,0.375,61.34,12124.4,6.84,0.144,False,False
BGW-006,6,2020-09-28,49,82.44,782.4,98.8,3.74,3.85,82.2,0.855,0.551,92.46,0.329,62.0,12335.8,6.71,0.132,False,False
BGW-006,6,2020-09-29,50,81.54,804.1,97.9,3.7,3.82,79.3,0.853,0.543,89.45,0.328,60.14,12440.1,6.53,0.137,False,False
BGW-006,6,2020-09-30,51,80.65,825.9,96.1,3.84,3.79,85.2,0.849,0.535,89.76,0.352,58.13,12305.1,6.67,0.152,False,False
BGW-006,6,2020-10-01,52,79.79,847.9,99.5,3.77,3.76,76.9,0.848,0.528,89.99,0.364,57.26,12411.5,6.71,0.148,False,False
BGW-006,6,2020-10-02,53,78.95,869.9,100.0,4.8,3.73,73.8,0.81,0.499,108.79,0.403,64.99,12364.1,7.63,0.338,False,False
BGW-006,6,2020-10-03,54,78.13,892.0,93.7,4.58,3.71,80.9,0.813,0.496,96.75,0.384,59.64,12092.1,7.62,0.31,False,False
BGW-006,6,2020-10-04,55,77.34,914.2,100.0,3.89,3.68,86.8,0.833,0.502,88.77,0.413,52.1,12528.7,7.12,0.198,False,False
BGW-006,6,2020-10-05,56,76.56,936.5,100.0,4.27,3.65,80.5,0.817,0.487,94.64,0.416,55.23,12249.1,7.5,0.276,False,False
BGW-006,6,2020-10-06,57,75.81,958.7,97.8,3.67,3.63,82.2,0.833,0.492,80.25,0.377,50.01,12132.4,6.46,0.18,False,False
BGW-006,6,2020-10-07,58,75.07,981.0,100.0,4.35,3.6,79.5,0.807,0.471,93.18,0.392,56.68,12586.8,7.21,0.308,False,False
BGW-006,6,2020-10-08,59,74.36,1003.3,99.5,3.72,3.58,84.3,0.825,0.476,80.12,0.409,47.38,12254.0,6.49,0.208,False,False
BGW-006,6,2020-10-09,60,73.66,1025.7,93.9,3.94,3.55,79.0,0.814,0.465,78.26,0.38,48.49,12143.3,6.76,0.256,False,False
BGW-006,6,2020-10-10,61,72.98,1047.9,97.5,3.4,3.53,78.2,0.824,0.466,70.21,0.426,40.32,11770.3,5.98,0.193,False,False
BGW-006,6,2020-10-11,62,72.32,1070.2,100.0,4.46,3.5,77.3,0.79,0.442,89.56,0.436,50.5,12596.1,7.5,0.365,False,False
BGW-006,6,2020-10-12,63,71.67,1092.4,96.5,3.46,3.48,84.6,0.819,0.453,68.83,0.404,41.01,12618.5,6.49,0.203,False,False
BGW-006,6,2020-10-13,64,71.05,1114.6,93.0,4.78,3.46,80.6,0.772,0.423,85.51,0.389,52.28,11904.2,7.52,0.44,False,False
BGW-006,6,2020-10-14,65,70.43,1136.7,98.6,3.28,3.43,77.0,0.814,0.441,64.81,0.419,37.67,12241.7,6.27,0.213,False,False
BGW-006,6,2020-10-15,66,69.84,1158.7,91.8,4.24,3.41,78.7,0.784,0.421,74.37,0.458,40.28,11875.9,7.12,0.363,False,False
BGW-006,6,2020-10-16,67,69.26,1180.7,97.8,3.33,3.39,76.4,0.809,0.43,63.51,0.456,34.55,12458.2,6.24,0.223,False,False
BGW-006,6,2020-10-17,68,68.69,1202.5,96.1,4.17,3.37,71.8,0.78,0.41,74.62,0.422,43.12,11997.1,6.81,0.368,False,False
BGW-006,6,2020-10-18,69,68.14,1224.3,96.5,3.91,3.35,72.1,0.785,0.409,70.07,0.447,38.76,12260.4,6.64,0.332,False,False
BGW-006,6,2020-10-19,70,67.61,1245.9,100.0,4.1,3.33,74.4,0.775,0.4,74.51,0.43,42.47,12574.8,7.2,0.374,False,False
BGW-006,6,2020-10-20,71,67.09,1267.4,95.3,3.34,3.31,73.7,0.798,0.407,58.81,0.5,29.4,12092.2,6.14,0.248,False,False
BGW-006,6,2020-10-21,72,66.58,1288.7,95.9,3.16,3.29,80.7,0.796,0.402,55.39,0.439,31.06,12331.0,5.95,0.247,False,False
BGW-006,6,2020-10-22,73,66.08,1309.9,100.0,3.94,3.27,76.8,0.771,0.386,69.17,0.456,37.61,12161.7,7.13,0.37,False,False
BGW-006,6,2020-10-23,74,65.6,1330.9,96.9,4.67,3.25,67.6,0.744,0.369,75.89,0.482,39.29,11932.8,7.41,0.506,True,False
BGW-006,6,2020-10-24,75,65.13,1351.8,92.3,3.3,3.23,76.0,0.786,0.386,53.54,0.523,25.54,12134.7,6.18,0.275,False,False
BGW-006,6,2020-10-25,76,64.68,1372.5,95.2,3.34,3.21,70.7,0.782,0.381,55.08,0.474,28.97,12188.8,6.2,0.29,False,False
BGW-006,6,2020-10-26,77,64.23,1393.0,100.0,3.55,3.19,78.9,0.772,0.372,60.04,0.53,28.2,12467.2,6.65,0.333,False,False
BGW-006,6,2020-10-27,78,63.8,1413.4,94.9,3.08,3.18,78.3,0.782,0.374,49.66,0.518,23.93,12380.7,6.0,0.276,False,False
BGW-006,6,2020-10-28,79,63.38,1433.5,100.0,4.06,3.16,75.5,0.749,0.355,65.54,0.496,33.05,12405.5,7.01,0.439,False,False
BGW-006,6,2020-10-29,80,62.96,1453.5,97.6,4.44,3.14,71.0,0.734,0.344,67.9,0.494,34.39,12396.3,7.37,0.512,True,False
BGW-006,6,2020-10-30,81,62.56,1473.2,95.1,3.92,3.13,67.7,0.748,0.348,59.07,0.479,30.75,11957.8,7.06,0.429,False,False
BGW-006,6,2020-10-31,82,62.17,1492.7,100.0,3.29,3.11,77.0,0.766,0.354,52.94,0.502,26.39,12299.8,6.54,0.326,False,False
BGW-006,6,2020-11-01,83,61.79,1512.0,94.0,3.01,3.09,74.3,0.77,0.352,45.24,0.53,21.28,12325.6,5.86,0.298,False,False
BGW-006,6,2020-11-02,84,61.42,1531.1,100.0,3.3,3.08,73.6,0.761,0.345,51.81,0.486,26.62,12337.4,6.04,0.342,False,True
BGW-006,6,2020-11-03,85,61.06,1550.0,92.0,3.12,3.06,73.4,0.764,0.344,44.89,0.543,20.54,12277.8,5.9,0.317,False,False
BGW-006,6,2020-11-04,86,60.71,1568.6,93.5,2.99,3.05,75.2,0.764,0.341,43.31,0.53,20.37,12196.8,5.8,0.311,False,False
BGW-006,6,2020-11-05,87,60.37,1587.0,94.6,2.96,3.04,71.7,0.762,0.337,42.9,0.541,19.68,12380.8,5.75,0.315,False,False
BGW-006,6,2020-11-06,88,60.04,1605.2,93.2,2.96,3.02,76.6,0.759,0.334,41.81,0.551,18.76,12488.7,5.93,0.319,False,False
BGW-006,6,2020-11-07,89,59.71,1623.1,90.2,3.98,3.01,70.2,0.725,0.316,51.63,0.542,23.65,12272.0,7.19,0.494,True,False
BGW-006,6,2020-11-08,90,59.4,1640.8,94.9,3.14,2.99,70.5,0.75,0.325,44.03,0.543,20.1,12254.1,5.89,0.353,False,False
BGW-006,6,2020-11-09,91,59.09,1658.3,92.8,3.05,2.98,71.5,0.751,0.323,41.53,0.559,18.33,12231.2,5.65,0.343,False,False
BGW-006,6,2020-11-10,92,58.79,1675.5,91.4,2.83,2.97,70.1,0.751,0.321,37.69,0.539,17.37,12257.4,5.49,0.335,False,False
BGW-006,6,2020-11-11,93,58.5,1692.4,88.0,3.17,2.96,71.7,0.742,0.315,39.87,0.547,18.07,11890.7,5.92,0.376,False,False
BGW-006,6,2020-11-12,94,58.21,1709.1,90.1,3.04,2.94,75.9,0.744,0.313,38.99,0.593,15.88,12199.7,5.66,0.36,False,False
BGW-006,6,2020-11-13,95,57.94,1725.6,91.6,4.23,2.93,73.1,0.702,0.294,51.7,0.571,22.2,11806.4,6.97,0.573,True,False
BGW-006,6,2020-11-14,96,57.67,1741.8,91.6,3.01,2.92,76.1,0.741,0.308,38.52,0.535,17.91,12034.3,5.36,0.366,False,False
BGW-006,6,2020-11-15,97,57.41,1757.8,91.7,3.7,2.91,73.8,0.715,0.295,45.54,0.568,19.69,12109.5,6.65,0.493,True,False
BGW-006,6,2020-11-16,98,57.15,1773.5,93.5,2.81,2.9,74.0,0.74,0.303,36.22,0.6,14.47,12134.8,5.51,0.358,False,False
BGW-006,6,2020-11-17,99,56.9,1788.9,99.6,3.79,2.89,70.3,0.708,0.289,49.5,0.607,19.44,12443.7,6.54,0.519,True,False
BGW-006,6,2020-11-18,100,56.66,1804.1,92.2,3.21,2.88,74.4,0.725,0.294,39.54,0.567,17.12,12300.0,5.99,0.423,False,False
BGW-006,6,2020-11-19,101,56.42,1819.1,91.0,2.96,2.87,69.0,0.731,0.294,36.07,0.586,14.92,12233.6,5.49,0.385,False,False
BGW-006,6,2020-11-20,102,56.19,1833.8,93.3,2.79,2.86,67.6,0.733,0.293,34.68,0.608,13.61,12021.0,5.4,0.371,False,False
BGW-006,6,2020-11-21,103,55.97,1848.3,92.9,2.95,2.85,75.0,0.727,0.29,36.09,0.597,14.55,12003.6,5.72,0.393,False,False
BGW-006,6,2020-11-22,104,55.75,1862.5,91.0,2.9,2.84,68.0,0.727,0.288,34.52,0.608,13.52,12200.0,5.82,0.389,False,False
BGW-006,6,2020-11-23,105,55.54,1876.4,95.9,3.27,2.83,74.2,0.713,0.281,39.94,0.548,18.05,12381.6,6.08,0.457,True,False
BGW-006,6,2020-11-24,106,55.33,1890.1,87.8,2.99,2.82,73.5,0.72,0.282,33.69,0.582,14.09,11846.3,5.8,0.414,False,False
BGW-006,6,2020-11-25,107,55.13,1903.6,92.6,2.91,2.81,68.8,0.721,0.281,34.36,0.626,12.86,12141.7,5.74,0.404,False,False
BGW-006,6,2020-11-26,108,54.93,1916.8,91.9,2.92,2.8,69.2,0.719,0.279,33.95,0.683,10.75,11945.5,5.38,0.41,False,False
BGW-006,6,2020-11-27,109,54.74,1929.8,92.9,2.7,2.79,73.2,0.722,0.278,31.73,0.623,11.95,12161.5,5.49,0.393,False,False
BGW-006,6,2020-11-28,110,54.56,1942.6,92.9,2.74,2.79,71.1,0.72,0.276,31.97,0.642,11.44,12046.0,5.6,0.396,False,False
BGW-006,6,2020-11-29,111,54.37,1955.1,93.7,3.72,2.78,64.6,0.687,0.262,41.56,0.58,17.47,12387.1,6.49,0.564,True,False
BGW-006,6,2020-11-30,112,54.2,1967.4,88.3,2.7,2.77,68.3,0.717,0.272,29.48,0.656,10.13,12174.5,5.57,0.402,False,False
BGW-006,6,2020-12-01,113,54.03,1979.4,95.7,3.09,2.76,64.3,0.705,0.266,35.8,0.626,13.39,12334.3,5.76,0.462,True,False
BGW-006,6,2020-12-02,114,53.86,1991.2,92.7,2.76,2.76,69.4,0.714,0.269,31.25,0.641,11.23,12412.7,5.27,0.408,False,False
BGW-006,6,2020-12-03,115,53.7,2002.8,93.4,3.03,2.75,70.7,0.704,0.264,33.88,0.64,12.19,12275.9,5.61,0.459,True,False
BGW-006,6,2020-12-04,116,53.54,2014.2,95.0,3.5,2.74,66.4,0.686,0.256,38.71,0.662,13.09,12387.8,6.34,0.546,True,False
BGW-006,6,2020-12-05,117,53.38,2025.3,88.8,2.73,2.73,64.6,0.71,0.264,29.01,0.647,10.25,12079.0,5.46,0.415,False,False
BGW-006,6,2020-12-06,118,53.23,2036.2,96.8,3.94,2.73,70.0,0.669,0.247,42.89,0.671,14.12,12520.9,6.99,0.63,True,False
BGW-006,6,2020-12-07,119,53.08,2046.9,91.8,2.82,2.72,69.8,0.705,0.26,30.49,0.654,10.56,12060.9,5.67,0.436,False,False
BGW-006,6,2020-12-08,120,52.94,2057.4,89.9,3.6,2.71,62.2,0.677,0.248,36.56,0.649,12.83,12251.6,6.57,0.577,True,False
BGW-006,6,2020-12-09,121,52.8,2067.7,90.2,2.83,2.71,70.9,0.701,0.256,29.74,0.657,10.2,12390.4,5.61,0.445,False,False
BGW-006,6,2020-12-10,122,52.67,2077.7,90.4,2.58,2.7,68.7,0.704,0.256,27.18,0.687,8.5,12126.6,5.19,0.427,False,False
BGW-006,6,2020-12-11,123,52.53,2087.6,93.4,3.08,2.7,67.7,0.69,0.25,32.76,0.703,9.72,12416.9,5.93,0.497,True,False
BGW-006,6,2020-12-12,124,52.41,2097.2,85.5,3.24,2.69,67.7,0.684,0.247,31.12,0.669,10.31,12216.6,6.27,0.528,True,False
BGW-006,6,2020-12-13,125,52.28,2106.7,88.9,2.79,2.69,66.3,0.697,0.251,28.31,0.693,8.68,11951.9,5.45,0.452,True,False
BGW-006,6,2020-12-14,126,52.16,2115.9,91.9,3.42,2.68,61.6,0.675,0.242,34.59,0.682,10.99,12167.9,6.11,0.564,True,False
BGW-006,6,2020-12-15,127,52.04,2125.0,89.9,2.74,2.68,69.1,0.697,0.249,27.86,0.701,8.34,12000.9,5.3,0.448,False,False
BGW-006,6,2020-12-16,128,51.92,2133.8,92.4,3.29,2.67,69.7,0.677,0.241,33.32,0.678,10.72,12389.5,6.21,0.547,True,False
BGW-007,1,2019-08-05,1,159.83,130.6,100.0,6.36,5.07,88.0,0.857,0.757,218.66,0.14,188.09,11906.6,9.35,0.226,False,False
BGW-007,1,2019-08-06,2,156.39,140.2,100.0,6.5,5.04,83.0,0.851,0.749,221.22,0.177,181.96,12137.6,9.91,0.256,False,False
BGW-007,1,2019-08-07,3,153.05,150.2,98.0,5.09,5.01,83.3,0.898,0.786,178.05,0.186,144.94,12081.3,8.09,0.013,False,False
BGW-007,1,2019-08-08,4,149.81,160.8,99.2,4.86,4.98,92.1,0.9,0.785,171.96,0.192,138.96,12173.1,7.48,0.0,False,False
BGW-007,1,2019-08-09,5,146.68,172.0,100.0,6.5,4.96,83.5,0.849,0.737,217.58,0.189,176.48,12164.8,9.75,0.27,False,False
BGW-007,1,2019-08-10,6,143.64,183.7,97.6,5.05,4.93,83.3,0.896,0.774,173.38,0.156,146.36,11932.2,8.05,0.023,False,False
BGW-007,1,2019-08-11,7,140.69,196.0,97.6,4.82,4.89,81.9,0.9,0.773,165.43,0.238,126.07,12050.4,8.0,0.0,False,False
BGW-007,1,2019-08-12,8,137.83,209.0,100.0,4.93,4.86,81.0,0.898,0.767,171.95,0.236,131.35,12256.6,7.78,0.015,False,False
BGW-007,1,2019-08-13,9,135.06,222.5,97.9,5.04,4.83,86.7,0.893,0.758,170.01,0.216,133.25,12044.4,7.75,0.041,False,False
BGW-007,1,2019-08-14,10,132.37,236.7,100.0,6.38,4.8,85.6,0.847,0.715,207.2,0.231,159.28,12154.5,9.43,0.285,False,False
BGW-007,1,2019-08-15,11,129.77,251.4,96.0,6.22,4.76,80.4,0.852,0.713,193.56,0.246,146.04,12014.5,9.38,0.266,False,False
BGW-007,1,2019-08-16,12,127.24,266.8,100.0,5.7,4.73,89.3,0.868,0.722,186.96,0.245,141.16,12151.1,8.85,0.185,False,False
BGW-007,1,2019-08-17,13,124.8,282.9,100.0,4.75,4.69,85.5,0.898,0.742,160.03,0.254,119.39,12402.5,7.9,0.029,False,False
BGW-007,1,2019-08-18,14,122.42,299.5,100.0,4.72,4.66,87.5,0.898,0.735,157.82,0.27,115.27,12236.3,7.49,0.034,False,False
BGW-007,1,2019-08-19,15,120.12,316.9,100.0,4.44,4.62,92.7,0.9,0.731,147.41,0.271,107.43,12200.6,7.15,0.027,False,False
BGW-007,1,2019-08-20,16,117.89,334.8,100.0,4.43,4.58,85.6,0.9,0.725,145.78,0.3,102.04,12344.2,7.37,0.031,False,False
BGW-007,1,2019-08-21,17,115.73,353.4,98.8,5.67,4.54,86.0,0.863,0.688,175.34,0.291,124.32,12243.3,8.75,0.232,False,False
BGW-007,1,2019-08-22,18,113.64,372.6,97.6,4.3,4.51,90.3,0.9,0.712,135.66,0.321,92.08,11890.7,6.95,0.039,False,False
BGW-007,1,2019-08-23,19,111.6,392.4,100.0,4.97,4.47,86.9,0.883,0.692,156.26,0.312,107.47,12326.5,8.06,0.132,False,False
BGW-007,1,2019-08-24,20,109.64,412.9,100.0,4.59,4.43,93.5,0.893,0.692,144.47,0.31,99.67,12039.7,7.33,0.077,False,False
BGW-007,1,2019-08-25,21,107.73,434.0,100.0,4.35,4.39,81.8,0.896,0.687,135.73,0.317,92.72,12063.4,7.09,0.053,False,False
BGW-007,1,2019-08-26,22,105.87,455.7,100.0,5.53,4.35,83.4,0.854,0.648,162.97,0.341,107.36,12501.2,8.31,0.265,False,False
BGW-007,1,2019-08-27,23,104.08,477.9,100.0,5.59,4.31,81.7,0.848,0.636,161.76,0.331,108.14,11992.6,8.51,0.287,False,False
BGW-007,1,2019-08-28,24,102.34,500.8,100.0,6.07,4.27,83.4,0.828,0.614,169.53,0.379,105.24,12441.7,9.27,0.383,False,False
BGW-007,1,2019-08-29,25,100.65,524.2,100.0,4.16,4.23,85.7,0.886,0.649,122.75,0.354,79.31,12243.9,7.13,0.074,False,False
BGW-007,1,2019-08-30,26,99.02,548.1,97.1,4.03,4.19,88.9,0.883,0.639,113.68,0.353,73.52,12257.4,7.03,0.079,False,False
BGW-007,1,2019-08-31,27,97.43,572.6,97.0,4.2,4.15,89.8,0.878,0.628,116.3,0.402,69.59,12118.0,7.1,0.093,False,False
BGW-007,1,2019-09-01,28,95.89,597.6,100.0,4.56,4.11,81.9,0.862,0.609,126.16,0.403,75.27,12178.5,7.54,0.168,False,False
BGW-007,1,2019-09-02,29,94.4,623.0,97.0,4.2,4.07,82.4,0.87,0.607,112.25,0.411,66.09,12288.6,7.04,0.118,False,False
BGW-007,1,2019-09-03,30,92.96,649.0,97.5,4.06,4.03,85.3,0.87,0.599,107.73,0.4,64.62,12080.4,6.77,0.106,False,False
BGW-007,1,2019-09-04,31,91.56,675.4,97.1,4.14,4.0,89.8,0.863,0.586,107.07,0.424,61.66,12296.1,6.83,0.133,False,False
BGW-007,1,2019-09-05,32,90.2,702.2,100.0,5.64,3.96,74.2,0.809,0.542,138.94,0.411,81.81,12488.3,8.97,0.409,False,False
BGW-007,1,2019-09-06,33,88.89,729.4,99.7,3.87,3.92,82.6,0.862,0.57,99.82,0.457,54.24,12228.3,6.58,0.12,False,False
BGW-007,1,2019-09-07,34,87.61,757.0,99.2,4.02,3.88,78.8,0.854,0.557,101.0,0.451,55.46,12200.0,6.98,0.151,False,False
BGW-007,1,2019-09-08,35,86.37,784.9,99.8,3.73,3.84,87.1,0.855,0.55,93.04,0.485,47.96,12125.1,6.6,0.133,False,False
BGW-007,1,2019-09-09,36,85.17,813.2,96.8,4.22,3.81,87.9,0.838,0.531,98.52,0.458,53.36,12198.8,7.32,0.211,False,False
BGW-007,1,2019-09-10,37,84.01,841.7,97.4,4.01,3.77,80.9,0.841,0.525,93.2,0.497,46.87,12404.5,7.31,0.187,False,False
BGW-007,1,2019-09-11,38,82.88,870.6,97.1,3.56,3.73,79.8,0.845,0.521,81.9,0.506,40.43,12555.8,6.57,0.152,False,False
BGW-007,1,2019-09-12,39,81.79,899.7,97.9,3.79,3.7,78.7,0.839,0.509,85.95,0.524,40.91,12170.5,6.17,0.176,False,False
BGW-007,1,2019-09-13,40,80.73,929.0,98.3,4.16,3.66,77.4,0.822,0.492,91.41,0.512,44.64,12438.3,7.3,0.252,False,False
BGW-007,1,2019-09-14,41,79.7,958.4,100.0,4.19,3.63,85.6,0.816,0.482,91.67,0.568,39.64,12478.7,7.13,0.27,False,False
BGW-007,1,2019-09-15,42,78.71,988.1,96.1,3.63,3.59,83.4,0.83,0.483,76.59,0.529,36.05,12158.9,6.44,0.185,False,False
BGW-007,1,2019-09-16,43,77.74,1017.9,94.7,3.67,3.56,76.9,0.824,0.473,74.74,0.514,36.34,12094.8,6.29,0.206,False,False
BGW-007,1,2019-09-17,44,76.81,1047.8,94.6,3.43,3.53,86.2,0.824,0.466,68.79,0.551,30.9,12370.2,6.35,0.193,False,False
BGW-007,1,2019-09-18,45,75.9,1077.8,94.6,3.34,3.5,85.3,0.821,0.458,65.75,0.566,28.54,12255.5,6.16,0.199,False,False
BGW-007,1,2019-09-19,46,75.02,1107.8,100.0,4.28,3.46,81.4,0.79,0.434,84.41,0.554,37.62,12589.2,7.49,0.349,False,False
BGW-007,1,2019-09-20,47,74.17,1137.9,94.6,3.33,3.43,77.7,0.814,0.441,63.11,0.596,25.52,12161.6,6.08,0.213,False,False
BGW-007,1,2019-09-21,48,73.34,1168.0,96.5,3.24,3.4,79.6,0.81,0.433,61.46,0.568,26.58,12021.0,5.95,0.22,False,False
BGW-007,1,2019-09-22,49,72.54,1198.1,98.9,4.14,3.37,71.1,0.781,0.411,76.61,0.637,27.81,12448.9,6.98,0.362,False,False
BGW-007,1,2019-09-23,50,71.76,1228.1,90.4,4.37,3.34,78.9,0.769,0.4,71.7,0.625,26.87,11908.0,7.15,0.412,False,False
BGW-007,1,2019-09-24,51,71.01,1258.1,98.0,3.59,3.32,77.6,0.791,0.405,64.69,0.612,25.09,12165.0,6.52,0.288,False,False
BGW-007,1,2019-09-25,52,70.28,1288.0,95.5,3.38,3.29,74.4,0.793,0.401,58.74,0.616,22.58,12289.3,6.19,0.263,False,False
BGW-007,1,2019-09-26,53,69.57,1317.8,97.1,3.15,3.26,82.0,0.793,0.395,55.03,0.675,17.88,12273.2,5.99,0.254,False,False
BGW-007,1,2019-09-27,54,68.89,1347.4,95.4,3.24,3.23,80.0,0.789,0.388,54.55,0.666,18.23,12453.1,5.91,0.262,False,False
BGW-007,1,2019-09-28,55,68.22,1376.9,93.3,3.16,3.21,75.2,0.786,0.382,51.07,0.636,18.6,12126.6,6.02,0.267,False,False
BGW-007,1,2019-09-29,56,67.58,1406.2,91.1,3.13,3.18,70.8,0.783,0.375,48.7,0.734,12.97,12094.4,5.81,0.274,False,False
BGW-007,1,2019-09-30,57,66.95,1435.4,95.9,3.04,3.16,76.8,0.779,0.369,48.94,0.708,14.28,12274.1,5.77,0.281,False,False
BGW-007,1,2019-10-01,58,66.34,1464.3,94.7,4.23,3.13,73.4,0.739,0.345,62.85,0.72,17.6,12085.5,7.02,0.479,True,False
BGW-007,2,2019-10-18,1,153.8,147.9,100.0,6.5,5.02,80.3,0.851,0.746,220.34,0.18,180.74,12403.1,9.62,0.259,False,False
BGW-007,2,2019-10-19,2,150.32,159.1,99.5,5.19,4.99,89.4,0.893,0.78,182.97,0.194,147.45,11920.6,8.0,0.035,False,False
BGW-007,2,2019-10-20,3,146.96,170.9,100.0,6.5,4.96,85.0,0.849,0.737,217.7,0.163,182.15,12201.7,9.59,0.27,False,False
BGW-007,2,2019-10-21,4,143.71,183.4,100.0,5.07,4.93,93.7,0.895,0.773,178.15,0.171,147.66,12032.2,7.94,0.025,False,False
BGW-007,2,2019-10-22,5,140.56,196.6,96.0,6.24,4.89,85.8,0.855,0.734,199.89,0.179,164.16,12178.1,9.27,0.236,False,False
BGW-007,2,2019-10-23,6,137.52,210.4,100.0,4.7,4.86,87.2,0.9,0.768,164.08,0.164,137.22,12574.5,7.87,0.002,False,False
BGW-007,2,2019-10-24,7,134.57,225.0,100.0,4.7,4.82,90.1,0.9,0.763,162.97,0.154,137.93,12324.3,7.67,0.006,False,False
BGW-007,2,2019-10-25,8,131.73,240.2,99.8,5.02,4.79,89.9,0.892,0.752,170.92,0.203,136.28,12260.0,8.12,0.049,False,False
BGW-007,2,2019-10-26,9,128.97,256.2,99.2,5.03,4.75,87.5,0.891,0.745,168.77,0.166,140.81,12026.3,7.91,0.061,False,False
BGW-007,2,2019-10-27,10,126.3,272.9,98.6,4.54,4.71,92.1,0.9,0.747,151.85,0.186,123.59,12222.2,7.27,0.017,False,False
BGW-007,2,2019-10-28,11,123.72,290.3,100.0,4.45,4.68,85.6,0.9,0.74,149.78,0.188,121.56,12258.7,7.31,0.021,False,False
BGW-007,2,2019-10-29,12,121.23,308.4,100.0,4.54,4.64,94.4,0.9,0.734,151.31,0.208,119.85,11982.5,7.11,0.025,False,False
BGW-007,2,2019-10-30,13,118.81,327.3,100.0,4.73,4.6,84.7,0.895,0.724,155.71,0.216,122.11,12351.4,7.67,0.053,False,False
BGW-007,2,2019-10-31,14,116.48,346.8,100.0,4.48,4.56,89.9,0.9,0.721,146.64,0.251,109.88,12192.2,7.73,0.033,False,False
BGW-007,2,2019-11-01,15,114.22,367.1,99.5,4.88,4.52,88.8,0.888,0.704,155.34,0.22,121.13,12019.7,7.97,0.101,False,False
BGW-007,2,2019-11-02,16,112.03,388.2,100.0,6.01,4.48,77.2,0.849,0.666,181.87,0.212,143.36,11903.4,9.18,0.311,False,False
BGW-007,2,2019-11-03,17,109.92,409.9,98.0,4.48,4.43,87.6,0.897,0.697,138.89,0.239,105.69,12305.6,7.47,0.055,False,False
BGW-007,2,2019-11-04,18,107.87,432.3,97.8,6.3,4.39,87.4,0.833,0.639,179.01,0.223,139.13,12222.0,9.29,0.386,False,False
BGW-007,2,2019-11-05,19,105.89,455.4,100.0,4.72,4.35,83.1,0.881,0.669,143.46,0.251,107.51,12257.7,7.73,0.123,False,False
BGW-007,2,2019-11-06,20,103.98,479.2,100.0,6.0,4.31,77.4,0.835,0.626,170.51,0.272,124.2,12081.2,8.98,0.359,False,False
BGW-007,2,2019-11-07,21,102.13,503.6,100.0,4.46,4.27,86.1,0.882,0.653,132.24,0.279,95.34,12119.1,7.2,0.102,False,False
BGW-007,2,2019-11-08,22,100.34,528.7,96.9,4.73,4.22,87.9,0.868,0.635,132.2,0.231,101.71,12204.8,7.78,0.163,False,False
BGW-007,2,2019-11-09,23,98.6,554.4,100.0,4.35,4.18,85.3,0.877,0.633,125.02,0.253,93.44,12309.4,7.24,0.109,False,False
BGW-007,2,2019-11-10,24,96.92,580.7,100.0,4.3,4.14,79.4,0.873,0.622,121.74,0.29,86.48,12100.5,7.18,0.115,False,False
BGW-007,2,2019-11-11,25,95.3,607.5,100.0,4.89,4.1,83.7,0.849,0.597,132.68,0.248,99.71,12219.5,7.68,0.231,False,False
BGW-007,2,2019-11-12,26,93.73,634.9,98.6,3.93,4.06,88.1,0.873,0.605,106.58,0.256,79.26,12358.3,7.12,0.099,False,False
BGW-007,2,2019-11-13,27,92.21,662.9,100.0,5.06,4.01,83.6,0.834,0.57,131.27,0.334,87.39,12236.6,8.07,0.289,False,False
BGW-007,2,2019-11-14,28,90.74,691.3,98.2,3.96,3.97,78.3,0.866,0.584,103.19,0.267,75.61,12424.0,6.91,0.112,False,False
BGW-007,2,2019-11-15,29,89.32,720.2,100.0,4.94,3.93,80.7,0.829,0.551,123.68,0.314,84.88,12241.8,8.23,0.295,False,False
BGW-007,2,2019-11-16,30,87.95,749.5,100.0,4.06,3.89,79.2,0.853,0.559,103.16,0.278,74.44,12005.2,6.95,0.155,False,False
BGW-007,2,2019-11-17,31,86.62,779.3,95.5,3.82,3.85,83.9,0.856,0.552,91.37,0.278,65.95,12069.0,6.54,0.132,False,False
BGW-007,2,2019-11-18,32,85.33,809.4,100.0,4.31,3.81,78.8,0.836,0.531,103.97,0.339,68.68,12377.6,7.31,0.226,False,False
BGW-007,2,2019-11-19,33,84.09,839.8,95.1,3.63,3.77,85.6,0.849,0.531,83.35,0.3,58.35,12243.3,6.59,0.145,False,False
BGW-007,2,2019-11-20,34,82.88,870.6,97.1,3.74,3.73,81.4,0.845,0.521,86.0,0.303,59.96,12223.3,6.5,0.154,False,False
BGW-007,2,2019-11-21,35,81.72,901.7,94.5,3.79,3.7,86.5,0.838,0.509,82.86,0.32,56.36,12257.1,6.62,0.176,False,False
BGW-007,2,2019-11-22,36,80.59,933.0,94.8,4.68,3.66,81.1,0.804,0.48,96.92,0.307,67.15,11975.0,7.48,0.346,False,False
BGW-007,2,2019-11-23,37,79.5,964.5,96.4,3.49,3.62,80.9,0.834,0.491,74.95,0.351,48.61,12164.7,6.27,0.174,False,False
BGW-007,2,2019-11-24,38,78.44,996.2,95.5,3.62,3.59,85.2,0.829,0.481,75.54,0.392,45.91,12070.4,6.61,0.187,False,False
BGW-007,2,2019-11-25,39,77.42,1028.0,98.6,3.51,3.55,74.8,0.827,0.472,74.17,0.361,47.37,12452.2,6.34,0.188,False,False
BGW-007,2,2019-11-26,40,76.44,1060.0,97.3,3.68,3.51,78.2,0.818,0.46,74.77,0.328,50.27,12092.7,6.5,0.224,False,False
BGW-007,2,2019-11-27,41,75.48,1092.0,100.0,4.22,3.48,74.3,0.794,0.44,84.44,0.35,54.84,12311.8,7.11,0.333,False,False
BGW-007,2,2019-11-28,42,74.56,1124.1,93.2,3.97,3.45,79.2,0.798,0.435,73.21,0.364,46.56,12106.0,6.9,0.302,False,False
BGW-007,2,2019-11-29,43,73.66,1156.3,96.8,4.54,3.41,74.8,0.774,0.416,83.08,0.327,55.87,12533.6,7.85,0.415,False,False
BGW-007,2,2019-11-30,44,72.8,1188.4,95.3,3.58,3.38,81.3,0.802,0.424,65.7,0.357,42.26,12165.5,6.21,0.259,False,False
BGW-007,2,2019-12-01,45,71.96,1220.5,93.8,3.44,3.35,77.6,0.801,0.418,61.29,0.376,38.23,12431.3,6.15,0.248,False,False
BGW-007,2,2019-12-02,46,71.15,1252.5,93.4,3.19,3.32,80.7,0.801,0.411,55.6,0.377,34.63,12227.1,5.94,0.239,False,False
BGW-007,2,2019-12-03,47,70.37,1284.4,96.1,3.24,3.29,76.2,0.797,0.403,57.02,0.387,34.92,12150.9,6.07,0.246,False,False
BGW-007,2,2019-12-04,48,69.61,1316.2,95.1,3.3,3.26,78.5,0.792,0.395,56.33,0.368,35.6,11933.5,5.91,0.26,False,False
BGW-007,2,2019-12-05,49,68.88,1347.8,92.4,3.1,3.23,78.8,0.789,0.388,50.49,0.388,30.91,12498.6,5.89,0.261,False,False
BGW-007,2,2019-12-06,50,68.17,1379.3,92.8,3.19,3.21,76.1,0.786,0.381,51.34,0.407,30.42,12174.5,5.98,0.268,False,False
BGW-007,2,2019-12-07,51,67.48,1410.6,93.6,3.23,3.18,73.9,0.78,0.373,51.33,0.376,32.05,12310.4,6.08,0.284,False,False
BGW-007,2,2019-12-08,52,66.82,1441.6,95.5,3.25,3.15,75.5,0.775,0.366,51.58,0.429,29.45,12041.0,5.99,0.299,False,False
BGW-007,2,2019-12-09,53,66.18,1472.5,96.2,3.11,3.13,73.9,0.775,0.361,49.05,0.393,29.75,12313.9,5.93,0.289,False,False
BGW-007,2,2019-12-10,54,65.55,1503.0,99.2,3.33,3.1,72.1,0.764,0.351,52.71,0.423,30.39,12240.9,6.24,0.337,False,False
BGW-007,2,2019-12-11,55,64.95,1533.3,98.0,3.58,3.08,76.3,0.751,0.341,54.24,0.451,29.78,12242.0,6.52,0.39,False,False
BGW-007,2,2019-12-12,56,64.37,1563.3,100.0,3.96,3.05,71.3,0.734,0.329,59.15,0.449,32.59,12615.5,6.88,0.469,True,False
BGW-007,2,2019-12-13,57,63.81,1592.9,91.6,3.15,3.03,76.0,0.757,0.335,43.83,0.488,22.45,12180.1,6.14,0.337,False,False
BGW-007,2,2019-12-14,58,63.26,1622.2,91.0,2.87,3.01,70.6,0.757,0.331,39.28,0.452,21.54,12192.5,5.49,0.323,False,False
BGW-007,2,2019-12-15,59,62.74,1651.2,94.9,2.84,2.99,68.0,0.754,0.325,39.92,0.466,21.31,12399.0,5.78,0.33,False,False
BGW-007,2,2019-12-16,60,62.23,1679.8,92.5,3.02,2.97,70.3,0.749,0.319,40.56,0.446,22.46,12245.8,5.76,0.346,False,False
BGW-007,2,2019-12-17,61,61.74,1708.1,92.5,4.23,2.94,64.3,0.705,0.297,52.78,0.472,27.88,12087.8,7.11,0.568,True,False
BGW-007,2,2019-12-18,62,61.26,1735.9,91.9,2.78,2.93,73.6,0.744,0.31,36.02,0.439,20.22,12084.5,5.55,0.349,False,False
BGW-007,2,2019-12-19,63,60.8,1763.4,98.5,3.42,2.91,68.2,0.724,0.298,45.67,0.479,23.79,12557.1,6.64,0.446,False,False
BGW-007,2,2019-12-20,64,60.35,1790.4,91.6,2.93,2.89,66.7,0.736,0.3,36.54,0.492,18.55,12310.1,5.82,0.368,False,False
BGW-007,2,2019-12-21,65,59.92,1817.0,92.1,2.81,2.87,75.9,0.735,0.296,34.86,0.457,18.92,12105.4,5.39,0.368,False,False
BGW-007,2,2019-12-22,66,59.5,1843.2,96.2,3.25,2.85,67.3,0.718,0.286,40.67,0.497,20.47,12433.1,6.03,0.442,False,False
BGW-007,2,2019-12-23,67,59.1,1869.0,89.0,2.72,2.83,66.0,0.729,0.288,31.58,0.459,17.07,11878.3,5.37,0.379,False,False
BGW-007,2,2019-12-24,68,58.71,1894.4,88.9,2.8,2.82,69.4,0.726,0.284,32.05,0.51,15.69,12391.2,5.77,0.385,False,False
BGW-007,2,2019-12-25,69,58.33,1919.3,92.6,2.68,2.8,72.6,0.723,0.28,31.51,0.513,15.34,12326.1,5.4,0.391,False,False
BGW-007,2,2019-12-26,70,57.97,1943.7,94.9,3.11,2.79,68.1,0.709,0.272,36.4,0.5,18.2,12272.4,5.96,0.452,True,False
BGW-007,2,2019-12-27,71,57.61,1967.7,89.5,2.66,2.77,73.2,0.717,0.272,29.49,0.519,14.17,12037.4,5.28,0.402,False,False
BGW-007,2,2019-12-28,72,57.27,1991.3,87.4,2.66,2.76,73.5,0.714,0.269,28.36,0.491,14.43,12026.5,5.3,0.407,False,False
BGW-007,2,2019-12-29,73,56.94,2014.4,91.6,2.79,2.74,71.4,0.71,0.265,30.73,0.518,14.81,12104.5,5.49,0.421,False,False
BGW-007,2,2019-12-30,74,56.62,2037.1,92.1,2.81,2.73,70.4,0.706,0.261,30.71,0.536,14.24,12236.3,5.7,0.432,False,False
BGW-007,2,2019-12-31,75,56.31,2059.3,88.2,2.67,2.71,68.1,0.706,0.259,27.67,0.528,13.07,12068.9,5.32,0.423,False,False
BGW-007,2,2020-01-01,76,56.01,2081.0,87.4,2.75,2.7,63.4,0.702,0.255,27.89,0.517,13.47,12364.3,5.63,0.436,False,False
BGW-007,2,2020-01-02,77,55.72,2102.3,91.9,2.95,2.69,63.5,0.693,0.25,30.8,0.493,15.62,12044.4,5.86,0.479,True,False
BGW-007,2,2020-01-03,78,55.44,2123.2,86.6,3.18,2.68,70.5,0.682,0.244,30.51,0.549,13.77,12007.4,5.65,0.525,True,False
BGW-007,2,2020-01-04,79,55.17,2143.6,87.0,2.74,2.66,70.6,0.694,0.246,26.72,0.568,11.54,11914.8,5.41,0.456,True,False
BGW-007,2,2020-01-05,80,54.9,2163.5,88.6,2.95,2.65,68.5,0.684,0.241,28.69,0.577,12.13,12076.9,6.14,0.499,True,False
BGW-007,2,2020-01-06,81,54.65,2183.0,88.0,2.74,2.64,65.9,0.689,0.241,26.47,0.595,10.73,12499.6,5.57,0.469,True,False
BGW-007,2,2020-01-07,82,54.4,2202.1,88.3,2.66,2.63,71.0,0.689,0.239,25.56,0.56,11.25,11921.4,5.31,0.46,True,False
BGW-007,2,2020-01-08,83,54.16,2220.8,89.3,3.4,2.62,62.5,0.662,0.228,31.49,0.601,12.56,12239.0,6.46,0.595,True,False
BGW-007,2,2020-01-09,84,53.93,2239.0,87.8,2.98,2.61,60.8,0.673,0.231,27.48,0.586,11.37,11843.9,5.62,0.529,True,False
BGW-007,2,2020-01-10,85,53.71,2256.7,86.4,2.48,2.6,70.6,0.683,0.233,22.67,0.572,9.7,12184.0,5.39,0.467,True,False
BGW-007,2,2020-01-11,86,53.5,2274.1,89.8,2.52,2.59,71.1,0.681,0.231,23.75,0.602,9.44,12268.1,5.13,0.471,True,False
BGW-007,2,2020-01-12,87,53.29,2291.1,88.5,2.67,2.58,61.3,0.677,0.228,24.43,0.591,9.99,11855.3,5.47,0.49,True,False
BGW-007,2,2020-01-13,88,53.09,2307.6,90.0,2.45,2.57,62.5,0.677,0.227,22.71,0.577,9.6,12410.4,5.18,0.479,True,False
BGW-007,2,2020-01-14,89,52.89,2323.7,85.4,3.64,2.56,59.2,0.64,0.213,30.04,0.615,11.57,11975.8,6.56,0.671,True,False
BGW-007,2,2020-01-15,90,52.7,2339.4,86.7,2.68,2.56,67.6,0.67,0.221,23.36,0.605,9.23,11867.4,5.55,0.507,True,False
BGW-007,2,2020-01-16,91,52.52,2354.8,88.6,2.8,2.55,59.7,0.664,0.218,24.59,0.668,8.17,12302.0,5.77,0.534,True,False
BGW-007,2,2020-01-17,92,52.34,2369.7,89.6,2.64,2.54,66.6,0.667,0.218,23.43,0.562,10.25,12167.7,5.42,0.51,True,False
BGW-007,2,2020-01-18,93,52.17,2384.3,85.8,3.55,2.53,60.9,0.635,0.207,28.59,0.592,11.66,12282.1,6.39,0.675,True,False
BGW-007,2,2020-01-19,94,52.01,2398.5,87.5,2.54,2.53,64.5,0.666,0.216,21.79,0.614,8.4,12045.5,5.19,0.502,True,False
BGW-007,2,2020-01-20,95,51.85,2412.3,88.7,2.97,2.52,68.0,0.65,0.21,25.11,0.613,9.71,12029.9,5.66,0.579,True,False
BGW-007,2,2020-01-21,96,51.69,2425.8,83.3,3.05,2.51,61.7,0.646,0.207,23.91,0.64,8.62,11726.7,5.48,0.594,True,False
BGW-007,2,2020-01-22,97,51.54,2438.9,86.8,2.51,2.51,59.6,0.662,0.211,20.94,0.652,7.28,12009.5,5.37,0.501,True,False
BGW-007,2,2020-01-23,98,51.4,2451.7,89.3,3.33,2.5,57.7,0.633,0.201,27.21,0.639,9.81,11960.1,6.13,0.646,True,False
BGW-007,2,2020-01-24,99,51.26,2464.1,83.7,3.18,2.49,61.8,0.636,0.201,24.36,0.628,9.06,11916.2,5.8,0.621,True,False
BGW-007,2,2020-01-25,100,51.12,2476.2,86.9,2.56,2.49,59.3,0.655,0.207,20.9,0.615,8.05,11972.4,5.34,0.513,True,False
BGW-007,2,2020-01-26,101,50.99,2487.9,84.2,2.47,2.48,61.9,0.656,0.206,19.45,0.64,6.99,12031.7,5.08,0.5,True,False
BGW-007,2,2020-01-27,102,50.87,2499.4,93.7,3.45,2.48,60.7,0.622,0.195,28.63,0.682,9.12,12514.7,6.3,0.671,True,False
BGW-007,2,2020-01-28,103,50.74,2510.5,86.3,3.22,2.47,64.1,0.629,0.196,24.75,0.68,7.91,12147.9,5.87,0.632,True,False
BGW-007,2,2020-01-29,104,50.63,2521.3,91.6,2.68,2.46,61.1,0.645,0.2,22.35,0.677,7.21,12371.5,5.65,0.538,True,False
BGW-007,2,2020-01-30,105,50.51,2531.8,88.5,2.54,2.46,59.3,0.649,0.201,20.47,0.651,7.14,12149.7,5.21,0.513,True,False
BGW-007,2,2020-01-31,106,50.4,2542.0,86.7,2.91,2.45,65.1,0.635,0.196,22.44,0.671,7.39,11917.9,5.65,0.58,True,False
BGW-007,2,2020-02-01,107,50.29,2552.0,84.7,2.36,2.45,60.1,0.649,0.199,18.07,0.689,5.62,12027.2,5.22,0.5,True,False
BGW-007,3,2020-02-16,1,133.74,229.3,99.1,4.96,4.81,91.0,0.895,0.758,169.13,0.136,146.2,12243.5,7.8,0.031,False,False
BGW-007,3,2020-02-17,2,130.09,249.6,100.0,5.3,4.77,91.8,0.882,0.74,178.07,0.148,151.79,12457.0,8.39,0.104,False,False
BGW-007,3,2020-02-18,3,126.59,271.0,100.0,5.83,4.72,81.6,0.863,0.717,189.72,0.217,148.62,11991.3,8.77,0.21,False,False
BGW-007,3,2020-02-19,4,123.24,293.7,100.0,5.02,4.67,83.3,0.888,0.73,166.56,0.135,144.15,12394.8,8.27,0.083,False,False
BGW-007,3,2020-02-20,5,120.03,317.6,99.2,4.46,4.62,85.7,0.9,0.731,146.77,0.195,118.2,12068.2,7.46,0.027,False,False
BGW-007,3,2020-02-21,6,116.96,342.7,100.0,5.24,4.57,85.1,0.878,0.704,167.55,0.154,141.78,12205.2,8.47,0.15,False,False
BGW-007,3,2020-02-22,7,114.01,369.1,98.7,4.62,4.51,92.9,0.897,0.71,147.12,0.184,120.1,12132.4,7.51,0.057,False,False
BGW-007,3,2020-02-23,8,111.19,396.6,100.0,4.24,4.46,89.5,0.9,0.703,135.63,0.206,107.71,12074.0,7.17,0.045,False,False
BGW-007,3,2020-02-24,9,108.49,425.4,98.4,4.35,4.41,93.9,0.897,0.691,134.44,0.231,103.35,12328.0,7.17,0.051,False,False
BGW-007,3,2020-02-25,10,105.91,455.3,100.0,4.51,4.35,82.8,0.888,0.674,138.08,0.192,111.61,12139.4,7.27,0.085,False,False
BGW-007,3,2020-02-26,11,103.43,486.3,97.7,5.05,4.3,82.6,0.865,0.646,144.77,0.208,114.64,11960.8,7.71,0.196,False,False
BGW-007,3,2020-02-27,12,101.05,518.5,100.0,4.63,4.24,78.8,0.873,0.642,135.09,0.281,97.08,12227.9,7.51,0.14,False,False
BGW-007,3,2020-02-28,13,98.78,551.7,100.0,4.26,4.19,85.5,0.88,0.636,123.12,0.234,94.25,12172.3,6.98,0.092,False,False
BGW-007,3,2020-02-29,14,96.6,585.9,100.0,4.19,4.13,82.2,0.876,0.623,118.61,0.257,88.17,12220.7,7.28,0.098,False,False
BGW-007,3,2020-03-01,15,94.52,621.1,100.0,5.37,4.08,79.6,0.831,0.58,141.51,0.231,108.87,12452.2,8.4,0.321,False,False
BGW-007,3,2020-03-02,16,92.52,657.2,96.5,4.03,4.02,86.5,0.87,0.596,105.43,0.275,76.44,12032.7,6.92,0.105,False,False
BGW-007,3,2020-03-03,17,90.6,694.1,99.1,3.96,3.97,89.9,0.866,0.583,103.94,0.287,74.15,12143.7,6.76,0.112,False,False
BGW-007,3,2020-03-04,18,88.77,731.8,100.0,3.88,3.92,83.2,0.861,0.569,100.34,0.277,72.52,12301.5,6.63,0.121,False,False
BGW-007,3,2020-03-05,19,87.01,770.2,100.0,5.55,3.86,82.7,0.8,0.518,130.87,0.262,96.62,12234.9,8.89,0.426,False,False
BGW-007,3,2020-03-06,20,85.33,809.3,95.3,3.68,3.81,85.1,0.852,0.541,86.27,0.275,62.56,12021.9,6.36,0.138,False,False
BGW-007,3,2020-03-07,21,83.72,849.0,98.5,3.74,3.76,76.6,0.848,0.528,88.44,0.312,60.84,12217.2,6.6,0.148,False,False
BGW-007,3,2020-03-08,22,82.18,889.2,96.2,5.14,3.71,81.3,0.795,0.486,109.16,0.286,77.93,12192.4,8.06,0.407,False,False
BGW-007,3,2020-03-09,23,80.7,929.8,100.0,3.87,3.66,85.8,0.831,0.498,87.52,0.342,57.58,12343.7,6.72,0.202,False,False
BGW-007,3,2020-03-10,24,79.28,970.8,99.4,4.25,3.61,85.2,0.812,0.477,91.47,0.296,64.4,12340.7,6.96,0.287,False,False
BGW-007,3,2020-03-11,25,77.93,1012.1,97.3,3.49,3.57,76.6,0.829,0.477,73.52,0.337,48.77,12292.0,6.41,0.185,False,False
BGW-007,3,2020-03-12,26,76.63,1053.6,99.0,3.62,3.52,82.9,0.82,0.463,75.33,0.333,50.28,12362.5,6.73,0.211,False,False
BGW-007,3,2020-03-13,27,75.38,1095.3,95.0,3.63,3.48,75.2,0.814,0.45,70.56,0.318,48.14,11957.8,6.51,0.231,False,False
BGW-007,3,2020-03-14,28,74.19,1137.1,100.0,4.16,3.43,79.0,0.79,0.428,80.96,0.363,51.57,12238.3,6.82,0.34,False,False
BGW-007,3,2020-03-15,29,73.05,1178.8,95.3,3.5,3.39,78.4,0.805,0.428,64.93,0.37,40.88,12358.6,6.55,0.242,False,False
BGW-007,3,2020-03-16,30,71.96,1220.6,96.8,3.52,3.35,82.1,0.799,0.416,64.43,0.394,39.05,12163.2,6.31,0.261,False,False
BGW-007,3,2020-03-17,31,70.91,1262.2,95.5,3.18,3.31,73.2,0.799,0.409,56.37,0.388,34.51,11890.6,5.74,0.241,False,False
BGW-007,3,2020-03-18,32,69.91,1303.6,92.6,3.23,3.27,78.3,0.795,0.399,54.16,0.394,32.81,12115.9,6.19,0.251,False,False
BGW-007,3,2020-03-19,33,68.95,1344.8,93.9,3.28,3.24,74.6,0.788,0.388,54.37,0.384,33.48,12201.3,6.06,0.268,False,False
BGW-007,3,2020-03-20,34,68.02,1385.7,91.5,3.27,3.2,80.4,0.783,0.378,51.56,0.418,30.01,12133.1,6.09,0.283,False,False
BGW-007,3,2020-03-21,35,67.14,1426.3,96.0,3.25,3.17,73.7,0.777,0.369,52.36,0.397,31.57,12233.3,5.83,0.294,False,False
BGW-007,3,2020-03-22,36,66.3,1466.5,100.0,4.05,3.13,68.0,0.745,0.348,63.98,0.43,36.45,12551.0,7.19,0.448,False,False
BGW-007,3,2020-03-23,37,65.49,1506.3,91.4,3.33,3.1,72.3,0.763,0.35,48.48,0.409,28.66,12124.2,5.95,0.338,False,False
BGW-007,3,2020-03-24,38,64.71,1545.5,97.3,4.05,3.07,72.6,0.734,0.331,59.27,0.455,32.32,12369.6,7.18,0.478,True,False
BGW-007,3,2020-03-25,39,63.97,1584.3,94.7,3.07,3.04,72.0,0.761,0.338,44.57,0.478,23.27,12390.0,5.86,0.32,False,False
BGW-007,3,2020-03-26,40,63.26,1622.5,94.9,3.04,3.01,71.1,0.756,0.33,43.28,0.42,25.12,12002.6,5.61,0.329,False,False
BGW-007,3,2020-03-27,41,62.58,1660.1,94.2,3.84,2.98,70.4,0.724,0.311,51.13,0.437,28.78,12028.7,6.5,0.482,True,False
BGW-007,3,2020-03-28,42,61.93,1697.1,87.7,4.24,2.95,69.0,0.706,0.299,50.43,0.445,27.98,12086.9,7.01,0.565,True,False
BGW-007,3,2020-03-29,43,61.3,1733.4,94.1,3.5,2.93,68.3,0.725,0.302,45.27,0.442,25.25,12289.3,6.46,0.449,False,False
BGW-007,3,2020-03-30,44,60.7,1769.1,91.1,4.06,2.9,69.7,0.702,0.288,48.44,0.493,24.56,11924.4,6.83,0.559,True,False
BGW-007,3,2020-03-31,45,60.13,1804.1,89.4,2.82,2.88,72.7,0.736,0.298,34.13,0.451,18.75,12180.9,5.49,0.365,False,True
BGW-007,3,2020-04-01,46,59.58,1838.3,89.6,2.78,2.85,69.7,0.732,0.293,33.17,0.473,17.48,12304.6,5.63,0.372,False,False
BGW-007,3,2020-04-02,47,59.06,1871.9,89.5,2.93,2.83,67.6,0.725,0.286,34.06,0.497,17.13,12007.9,5.98,0.397,False,False
BGW-007,3,2020-04-03,48,58.55,1904.7,88.5,2.89,2.81,69.9,0.722,0.281,32.64,0.472,17.24,12271.1,5.7,0.401,False,False
BGW-007,3,2020-04-04,49,58.07,1936.7,91.8,3.45,2.79,67.3,0.699,0.269,38.6,0.472,20.39,12050.2,6.25,0.509,True,False
BGW-007,3,2020-04-05,50,57.61,1968.0,90.7,2.74,2.77,71.3,0.717,0.272,30.71,0.497,15.46,12350.3,5.43,0.402,False,False
BGW-007,3,2020-04-06,51,57.16,1998.6,97.2,3.45,2.75,72.2,0.69,0.259,39.45,0.506,19.5,12375.8,6.32,0.531,True,False
BGW-007,3,2020-04-07,52,56.74,2028.4,91.4,2.69,2.73,64.1,0.71,0.263,29.47,0.544,13.43,12091.5,5.43,0.416,False,False
BGW-007,3,2020-04-08,53,56.33,2057.4,94.8,3.82,2.72,67.1,0.67,0.246,40.39,0.527,19.12,12264.0,6.63,0.615,True,False
BGW-007,3,2020-04-09,54,55.94,2085.6,92.2,3.66,2.7,65.7,0.671,0.244,37.38,0.554,16.65,12036.9,6.51,0.598,True,False
BGW-007,3,2020-04-10,55,55.57,2113.1,87.7,2.68,2.68,67.5,0.7,0.251,26.85,0.561,11.79,12138.3,5.54,0.435,False,False
BGW-007,3,2020-04-11,56,55.21,2139.8,88.4,2.81,2.67,62.5,0.692,0.246,27.82,0.566,12.08,12016.6,5.49,0.466,True,False
BGW-007,3,2020-04-12,57,54.87,2165.8,87.7,3.33,2.65,68.9,0.671,0.236,31.4,0.571,13.48,11926.8,5.92,0.566,True,False
BGW-007,3,2020-04-13,58,54.55,2191.0,89.0,3.75,2.64,62.9,0.654,0.228,34.64,0.62,13.16,12155.6,6.69,0.648,True,False
BGW-007,3,2020-04-14,59,54.23,2215.5,88.1,2.66,2.62,63.1,0.687,0.238,25.28,0.594,10.26,12134.7,5.36,0.464,True,False
BGW-007,3,2020-04-15,60,53.93,2239.3,90.2,2.82,2.61,65.1,0.678,0.233,26.91,0.591,11.0,12334.6,5.34,0.501,True,False
BGW-007,3,2020-04-16,61,53.64,2262.3,87.0,2.64,2.6,65.1,0.681,0.232,24.16,0.609,9.45,12084.8,5.33,0.476,True,False
BGW-007,3,2020-04-17,62,53.37,2284.6,87.9,2.56,2.59,67.9,0.68,0.229,23.44,0.63,8.68,12082.3,5.48,0.474,True,False
BGW-007,3,2020-04-18,63,53.1,2306.3,86.0,2.69,2.57,70.2,0.674,0.225,23.73,0.645,8.42,11885.4,5.28,0.5,True,False
BGW-007,3,2020-04-19,64,52.85,2327.2,91.2,3.01,2.56,62.0,0.66,0.219,27.38,0.623,10.31,12528.9,6.15,0.562,True,False
BGW-007,3,2020-04-20,65,52.61,2347.5,85.5,2.57,2.55,66.8,0.672,0.222,22.17,0.662,7.49,12109.7,5.3,0.492,True,False
BGW-007,3,2020-04-21,66,52.38,2367.1,85.4,2.62,2.54,63.0,0.668,0.219,22.24,0.652,7.74,12194.4,5.59,0.506,True,False
BGW-007,3,2020-04-22,67,52.15,2386.0,84.9,2.52,2.53,67.2,0.668,0.217,21.1,0.629,7.83,11856.2,5.12,0.497,True,False
BGW-007,3,2020-04-23,68,51.94,2404.4,92.6,3.43,2.52,59.5,0.636,0.205,29.67,0.648,10.45,12306.3,6.42,0.659,True,False
BGW-007,3,2020-04-24,69,51.74,2422.1,95.6,3.12,2.51,64.8,0.644,0.207,28.03,0.636,10.22,12480.4,6.17,0.606,True,False
BGW-007,3,2020-04-25,70,51.54,2439.2,88.0,2.51,2.5,63.1,0.662,0.211,21.21,0.675,6.89,11781.4,5.34,0.501,True,False
BGW-007,3,2020-04-26,71,51.35,2455.7,86.4,3.26,2.5,66.6,0.635,0.202,25.78,0.682,8.19,12020.3,6.08,0.633,True,False
BGW-007,3,2020-04-27,72,51.17,2471.6,88.5,2.42,2.49,60.5,0.658,0.208,20.24,0.68,6.48,12288.7,5.32,0.5,True,False
BGW-007,3,2020-04-28,73,51.0,2487.0,88.6,2.44,2.48,66.2,0.657,0.206,20.25,0.679,6.5,12040.3,5.09,0.5,True,False
BGW-007,4,2020-05-13,1,182.02,85.2,97.3,6.5,5.2,78.3,0.857,0.77,221.29,0.151,187.88,11785.4,9.26,0.228,False,False
BGW-007,4,2020-05-14,2,178.81,90.4,99.8,6.25,5.18,78.1,0.864,0.775,219.69,0.155,185.64,12180.3,9.32,0.187,False,False
BGW-007,4,2020-05-15,3,175.67,95.8,100.0,5.84,5.16,90.3,0.877,0.785,208.52,0.144,178.4,11857.4,8.87,0.119,False,False
BGW-007,4,2020-05-16,4,172.61,101.6,100.0,6.5,5.15,88.5,0.855,0.763,225.54,0.142,193.55,12224.7,9.53,0.237,False,False
BGW-007,4,2020-05-17,5,169.62,107.6,100.0,6.5,5.13,83.4,0.854,0.761,224.87,0.183,183.68,12206.2,9.49,0.24,False,False
BGW-007,4,2020-05-18,6,166.71,113.9,95.9,6.41,5.11,85.6,0.857,0.761,212.81,0.173,175.96,12149.8,9.54,0.228,False,False
BGW-007,4,2020-05-19,7,163.86,120.5,100.0,5.51,5.09,89.8,0.886,0.786,196.75,0.135,170.27,11891.8,8.57,0.073,False,False
BGW-007,4,2020-05-20,8,161.08,127.4,99.5,6.18,5.07,83.6,0.863,0.763,213.47,0.18,175.14,12195.2,9.34,0.194,False,False
BGW-007,4,2020-05-21,9,158.36,134.6,99.9,5.62,5.05,86.7,0.881,0.777,198.18,0.194,159.82,12203.0,8.28,0.099,False,False
BGW-007,4,2020-05-22,10,155.71,142.1,100.0,5.68,5.03,82.4,0.879,0.772,199.2,0.189,161.49,11990.7,8.6,0.112,False,False
BGW-007,4,2020-05-23,11,153.13,150.0,99.5,5.04,5.01,81.6,0.899,0.788,179.55,0.225,139.14,12201.0,7.87,0.005,False,False
BGW-007,4,2020-05-24,12,150.6,158.1,100.0,5.33,4.99,87.3,0.889,0.776,187.88,0.169,156.18,12005.8,8.25,0.059,False,False
BGW-007,4,2020-05-25,13,148.14,166.7,100.0,5.42,4.97,86.6,0.885,0.77,189.52,0.241,143.82,12134.8,8.35,0.078,False,False
BGW-007,4,2020-05-26,14,145.73,175.5,100.0,5.61,4.95,89.4,0.878,0.761,194.05,0.23,149.37,12174.1,8.67,0.116,False,False
BGW-007,4,2020-05-27,15,143.38,184.7,97.2,4.71,4.92,91.9,0.9,0.777,161.53,0.225,125.23,12019.6,7.8,0.0,False,False
BGW-007,4,2020-05-28,16,141.09,194.3,98.5,5.09,4.9,83.0,0.893,0.768,175.24,0.195,141.09,12238.9,8.12,0.034,False,False
BGW-007,4,2020-05-29,17,138.85,204.2,98.3,4.96,4.87,86.1,0.897,0.768,170.03,0.236,129.85,12233.5,7.88,0.015,False,False
BGW-007,4,2020-05-30,18,136.67,214.5,98.5,4.65,4.85,89.8,0.9,0.767,159.78,0.226,123.69,12098.2,7.88,0.003,False,False
BGW-007,4,2020-05-31,19,134.53,225.2,100.0,4.9,4.82,82.4,0.897,0.761,169.45,0.216,132.79,12335.4,8.09,0.019,False,False
BGW-007,4,2020-06-01,20,132.45,236.2,99.7,5.02,4.8,85.4,0.893,0.753,171.39,0.263,126.29,12058.4,7.82,0.047,False,False
BGW-007,4,2020-06-02,21,130.42,247.6,100.0,5.3,4.77,85.0,0.882,0.741,178.45,0.229,137.55,12088.3,8.31,0.104,False,False
BGW-007,4,2020-06-03,22,128.44,259.4,100.0,5.67,4.75,88.0,0.869,0.726,186.87,0.279,134.7,11946.3,8.77,0.175,False,False
BGW-007,4,2020-06-04,23,126.5,271.6,95.7,5.42,4.72,85.9,0.877,0.728,171.54,0.261,126.74,12094.0,8.57,0.139,False,False
BGW-007,4,2020-06-05,24,124.61,284.2,100.0,5.14,4.69,89.2,0.885,0.73,170.52,0.266,125.19,12438.1,7.84,0.097,False,False
BGW-007,4,2020-06-06,25,122.76,297.1,100.0,6.22,4.66,77.3,0.848,0.696,196.57,0.222,152.88,12183.1,9.62,0.295,False,False
BGW-007,4,2020-06-07,26,120.96,310.4,100.0,6.23,4.63,77.2,0.847,0.69,195.35,0.261,144.42,12428.3,9.65,0.304,False,False
BGW-007,4,2020-06-08,27,119.2,324.1,100.0,5.04,4.6,87.3,0.885,0.717,164.26,0.288,116.9,12227.9,8.03,0.105,False,False
BGW-007,4,2020-06-09,28,117.49,338.2,100.0,4.77,4.58,83.1,0.893,0.718,155.87,0.296,109.7,12162.2,7.72,0.066,False,False
BGW-007,4,2020-06-10,29,115.81,352.7,97.0,4.63,4.55,85.2,0.897,0.716,146.28,0.305,101.73,12044.3,7.65,0.05,False,False
BGW-007,4,2020-06-11,30,114.17,367.6,97.6,4.36,4.52,87.6,0.9,0.713,137.87,0.298,96.76,12006.6,6.96,0.038,False,False
BGW-007,4,2020-06-12,31,112.58,382.8,98.2,4.39,4.49,91.7,0.9,0.708,138.75,0.28,99.86,12277.9,7.44,0.042,False,False
BGW-007,4,2020-06-13,32,111.02,398.4,100.0,4.84,4.46,88.0,0.887,0.693,152.37,0.315,104.39,12239.9,8.06,0.112,False,False
BGW-007,4,2020-06-14,33,109.49,414.4,100.0,5.48,4.43,79.3,0.863,0.669,166.45,0.289,118.37,12740.1,8.68,0.233,False,False
BGW-007,4,2020-06-15,34,108.01,430.8,99.6,6.16,4.4,77.7,0.838,0.644,179.43,0.296,126.24,11968.3,8.97,0.361,False,False
BGW-007,4,2020-06-16,35,106.56,447.5,100.0,4.8,4.37,85.8,0.88,0.67,146.21,0.318,99.72,12072.7,7.85,0.132,False,False
BGW-007,4,2020-06-17,36,105.14,464.6,100.0,6.23,4.33,87.0,0.829,0.627,177.27,0.303,123.59,12400.9,9.5,0.391,False,False
BGW-007,4,2020-06-18,37,103.76,482.0,100.0,5.34,4.3,84.2,0.856,0.641,155.66,0.358,99.94,12345.1,8.58,0.246,False,False
BGW-007,4,2020-06-19,38,102.41,499.8,99.5,4.32,4.27,86.1,0.887,0.658,128.68,0.327,86.56,12058.8,7.31,0.077,False,False
BGW-007,4,2020-06-20,39,101.09,517.9,100.0,5.89,4.24,84.3,0.831,0.611,163.73,0.358,105.1,12314.3,8.97,0.361,False,False
BGW-007,4,2020-06-21,40,99.81,536.4,100.0,4.02,4.21,81.2,0.884,0.644,117.56,0.335,78.14,12263.5,6.98,0.076,False,False
BGW-007,4,2020-06-22,41,98.55,555.1,100.0,4.99,4.18,77.1,0.855,0.617,139.83,0.365,88.83,12232.8,8.11,0.221,False,False
BGW-007,4,2020-06-23,42,97.33,574.2,100.0,4.24,4.15,81.6,0.877,0.627,120.72,0.348,78.73,12163.7,6.82,0.101,False,False
BGW-007,4,2020-06-24,43,96.13,593.6,99.3,4.26,4.12,80.3,0.873,0.618,118.71,0.381,73.52,12179.8,7.25,0.113,False,False
BGW-007,4,2020-06-25,44,94.96,613.3,99.2,4.72,4.09,77.2,0.854,0.599,127.38,0.391,77.6,12359.2,8.02,0.205,False,False
BGW-007,4,2020-06-26,45,93.82,633.3,100.0,4.22,4.06,80.5,0.868,0.602,115.35,0.388,70.55,12451.8,7.18,0.126,False,False
BGW-007,4,2020-06-27,46,92.71,653.5,98.8,4.15,4.03,90.5,0.866,0.595,110.89,0.371,69.77,12617.5,7.07,0.124,False,False
BGW-007,4,2020-06-28,47,91.63,674.1,100.0,4.08,4.0,85.4,0.865,0.588,109.02,0.361,69.72,12501.7,7.01,0.122,False,False
BGW-007,4,2020-06-29,48,90.57,694.9,94.0,4.95,3.97,77.0,0.833,0.56,118.61,0.406,70.49,11934.1,7.7,0.285,False,False
BGW-007,4,2020-06-30,49,89.53,715.9,100.0,5.28,3.94,78.9,0.818,0.545,130.77,0.363,83.28,12273.6,8.18,0.353,False,False
BGW-007,4,2020-07-01,50,88.52,737.2,100.0,4.26,3.91,88.5,0.849,0.559,108.25,0.344,70.97,12062.1,7.32,0.184,False,False
BGW-007,4,2020-07-02,51,87.53,758.6,95.4,3.69,3.88,82.2,0.858,0.559,89.42,0.407,53.02,12197.2,6.59,0.127,False,False
BGW-007,4,2020-07-03,52,86.57,780.3,98.4,3.8,3.85,88.9,0.856,0.551,93.76,0.385,57.7,12256.1,6.76,0.132,False,False
BGW-007,4,2020-07-04,53,85.63,802.2,94.4,5.45,3.82,78.5,0.799,0.509,119.07,0.41,70.23,11953.2,8.57,0.422,False,False
BGW-007,4,2020-07-05,54,84.71,824.3,95.6,3.8,3.79,80.4,0.85,0.536,88.53,0.384,54.56,12325.8,6.97,0.144,False,False
BGW-007,4,2020-07-06,55,83.82,846.6,100.0,4.4,3.76,77.3,0.827,0.515,103.1,0.412,60.66,12262.0,7.59,0.258,False,False
BGW-007,4,2020-07-07,56,82.94,869.0,97.8,3.81,3.74,87.0,0.843,0.52,88.01,0.407,52.21,12305.2,6.64,0.165,False,False
BGW-007,4,2020-07-08,57,82.09,891.6,94.6,3.6,3.71,79.4,0.843,0.514,79.44,0.426,45.6,12263.7,6.38,0.157,False,False
BGW-007,4,2020-07-09,58,81.26,914.3,95.8,3.69,3.68,85.7,0.84,0.507,81.28,0.414,47.63,12073.3,6.3,0.163,False,False
BGW-007,4,2020-07-10,59,80.44,937.1,94.3,3.6,3.65,86.9,0.837,0.499,77.12,0.435,43.55,12150.5,6.21,0.168,False,False
BGW-007,4,2020-07-11,60,79.65,960.0,100.0,4.54,3.63,72.5,0.804,0.474,97.83,0.436,55.16,12303.4,7.37,0.332,False,False
BGW-007,4,2020-07-12,61,78.87,983.1,100.0,4.52,3.6,72.9,0.801,0.467,95.94,0.457,52.05,12413.7,7.53,0.338,False,False
BGW-007,4,2020-07-13,62,78.12,1006.2,98.3,3.55,3.57,78.6,0.829,0.478,75.78,0.477,39.66,12287.4,6.45,0.183,False,False
BGW-007,4,2020-07-14,63,77.38,1029.4,100.0,4.94,3.55,79.3,0.78,0.445,99.92,0.448,55.11,12349.5,7.8,0.432,False,False
BGW-007,4,2020-07-15,64,76.66,1052.7,95.6,3.63,3.52,83.5,0.82,0.463,73.01,0.479,38.06,12108.2,6.52,0.213,False,False
BGW-007,4,2020-07-16,65,75.95,1076.0,95.1,3.55,3.5,79.7,0.819,0.457,70.15,0.478,36.6,12135.2,6.33,0.209,False,False
BGW-007,4,2020-07-17,66,75.27,1099.3,91.4,4.03,3.47,77.1,0.8,0.441,73.92,0.495,37.35,12050.6,6.81,0.302,False,False
BGW-007,4,2020-07-18,67,74.6,1122.7,100.0,4.85,3.45,77.2,0.769,0.42,92.45,0.44,51.74,12433.0,7.97,0.455,True,False
BGW-007,4,2020-07-19,68,73.94,1146.1,98.0,3.49,3.42,73.7,0.811,0.438,67.95,0.462,36.52,12498.8,6.65,0.226,False,False
BGW-007,4,2020-07-20,69,73.3,1169.5,100.0,4.83,3.4,79.2,0.763,0.407,89.33,0.491,45.5,12714.4,7.85,0.47,True,False
BGW-007,4,2020-07-21,70,72.68,1192.8,100.0,3.72,3.38,74.4,0.796,0.42,71.06,0.5,35.5,12589.2,6.58,0.285,False,False
BGW-007,4,2020-07-22,71,72.07,1216.2,100.0,3.91,3.36,75.5,0.786,0.411,73.0,0.531,34.21,12726.7,6.96,0.328,False,False
BGW-007,4,2020-07-23,72,71.48,1239.5,92.8,4.43,3.33,76.7,0.765,0.395,73.97,0.513,36.04,11986.6,7.1,0.429,False,False
BGW-007,4,2020-07-24,73,70.89,1262.8,92.8,3.33,3.31,73.0,0.799,0.408,57.32,0.465,30.69,12250.8,6.07,0.244,False,False
BGW-007,4,2020-07-25,74,70.33,1286.0,93.2,3.15,3.29,81.9,0.797,0.403,53.74,0.507,26.5,12253.5,6.09,0.247,False,False
BGW-007,4,2020-07-26,75,69.77,1309.1,96.5,4.25,3.27,71.2,0.761,0.381,71.07,0.536,32.99,12155.3,7.19,0.424,False,False
BGW-007,4,2020-07-27,76,69.23,1332.2,96.7,4.15,3.25,69.9,0.761,0.377,68.68,0.521,32.9,12264.2,7.35,0.414,False,False
BGW-007,4,2020-07-28,77,68.71,1355.2,98.3,3.87,3.23,71.6,0.767,0.376,65.0,0.5,32.5,12427.7,6.8,0.374,False,False
BGW-007,4,2020-07-29,78,68.19,1378.1,92.7,3.09,3.21,79.6,0.786,0.381,49.63,0.548,22.42,12097.6,5.93,0.268,False,False
BGW-007,4,2020-07-30,79,67.69,1400.9,100.0,4.18,3.19,70.6,0.75,0.36,68.4,0.579,28.77,12232.6,7.0,0.446,False,False
BGW-007,4,2020-07-31,80,67.2,1423.6,94.3,3.26,3.17,74.3,0.778,0.37,51.66,0.544,23.55,12174.4,6.14,0.294,False,False
BGW-007,4,2020-08-01,81,66.72,1446.2,94.7,3.08,3.15,73.4,0.778,0.366,48.48,0.536,22.5,12247.2,5.61,0.283,False,False
BGW-007,4,2020-08-02,82,66.25,1468.6,94.8,3.12,3.13,80.1,0.775,0.362,48.59,0.525,23.1,12486.5,6.21,0.288,False,False
BGW-007,4,2020-08-03,83,65.8,1490.9,93.8,4.08,3.11,72.4,0.74,0.342,59.52,0.573,25.4,12314.5,7.03,0.463,True,False
BGW-007,4,2020-08-04,84,65.35,1513.0,91.5,3.01,3.09,77.8,0.77,0.352,44.07,0.55,19.84,12031.1,5.73,0.298,False,False
BGW-007,4,2020-08-05,85,64.92,1535.0,97.6,3.97,3.08,75.2,0.738,0.334,58.9,0.581,24.69,12483.5,6.96,0.46,True,False
BGW-007,4,2020-08-06,86,64.49,1556.9,90.2,4.41,3.06,70.3,0.72,0.323,58.43,0.624,21.98,11897.8,6.82,0.545,True,False
BGW-007,4,2020-08-07,87,64.08,1578.5,100.0,4.39,3.04,71.2,0.718,0.319,63.65,0.555,28.33,12621.2,7.48,0.549,True,False
BGW-007,4,2020-08-08,88,63.68,1600.0,93.5,3.17,3.03,73.2,0.755,0.333,44.78,0.591,18.34,12102.9,6.04,0.343,False,False
BGW-007,4,2020-08-09,89,63.28,1621.4,94.2,3.05,3.01,73.3,0.756,0.33,43.14,0.579,18.16,12353.8,5.93,0.33,False,False
BGW-007,4,2020-08-10,90,62.9,1642.5,87.9,3.88,2.99,70.5,0.725,0.314,48.72,0.607,19.15,11884.7,6.28,0.483,True,False
BGW-007,4,2020-08-11,91,62.52,1663.4,94.5,3.77,2.98,69.6,0.726,0.312,50.4,0.599,20.19,12416.7,6.66,0.471,True,False
BGW-007,4,2020-08-12,92,62.15,1684.2,89.2,4.08,2.96,67.8,0.713,0.303,50.18,0.585,20.85,11600.4,6.73,0.533,True,False
BGW-007,4,2020-08-13,93,61.79,1704.7,92.9,2.93,2.95,73.0,0.748,0.315,39.08,0.608,15.33,11868.0,5.37,0.342,False,False
BGW-007,4,2020-08-14,94,61.44,1725.1,90.3,2.9,2.93,76.9,0.745,0.312,37.05,0.603,14.7,12016.9,5.41,0.347,False,False
BGW-007,4,2020-08-15,95,61.1,1745.2,93.9,3.1,2.92,68.0,0.737,0.306,40.41,0.61,15.78,12163.5,6.09,0.382,False,False
BGW-007,4,2020-08-16,96,60.77,1765.1,99.7,3.25,2.9,72.4,0.729,0.3,44.22,0.627,16.5,12571.2,6.07,0.417,False,False
BGW-007,4,2020-08-17,97,60.44,1784.9,93.7,2.96,2.89,71.0,0.736,0.3,37.9,0.623,14.3,12272.0,5.88,0.373,False,False
BGW-007,4,2020-08-18,98,60.13,1804.3,87.0,3.23,2.88,67.6,0.724,0.293,37.49,0.601,14.95,11728.6,5.94,0.427,False,False
BGW-007,4,2020-08-19,99,59.82,1823.6,90.6,2.9,2.86,73.4,0.733,0.294,35.15,0.644,12.51,11863.9,5.43,0.375,False,False
BGW-007,4,2020-08-20,100,59.51,1842.6,90.8,2.82,2.85,66.2,0.732,0.292,34.0,0.619,12.94,12453.7,5.75,0.373,False,False
BGW-007,4,2020-08-21,101,59.22,1861.5,86.4,3.88,2.84,72.1,0.695,0.275,41.91,0.671,13.78,11978.3,6.57,0.56,True,False
BGW-007,4,2020-08-22,102,58.93,1880.0,93.9,3.79,2.83,65.7,0.695,0.273,44.23,0.659,15.08,12549.1,6.58,0.551,True,False
BGW-007,4,2020-08-23,103,58.65,1898.4,91.4,2.68,2.81,67.9,0.725,0.283,31.55,0.653,10.93,12238.4,5.7,0.386,False,False
BGW-007,4,2020-08-24,104,58.37,1916.5,91.0,2.69,2.8,74.7,0.723,0.28,31.13,0.645,11.04,12198.9,5.48,0.39,False,False
BGW-007,4,2020-08-25,105,58.1,1934.4,98.7,3.85,2.79,68.2,0.686,0.264,45.59,0.638,16.48,12368.9,6.75,0.58,True,False
BGW-007,4,2020-08-26,106,57.84,1952.1,89.2,3.3,2.78,64.3,0.702,0.268,35.84,0.67,11.83,12009.1,5.88,0.489,True,False
BGW-007,4,2020-08-27,107,57.59,1969.5,87.7,3.05,2.77,66.6,0.707,0.268,32.66,0.65,11.43,12196.6,5.98,0.452,True,False
BGW-007,4,2020-08-28,108,57.34,1986.6,90.7,2.77,2.76,65.4,0.715,0.269,30.71,0.72,8.6,12105.0,5.48,0.408,False,False
BGW-007,4,2020-08-29,109,57.09,2003.6,89.7,3.9,2.75,61.6,0.675,0.253,40.11,0.716,11.39,12241.7,6.43,0.611,True,False
BGW-007,4,2020-08-30,110,56.85,2020.3,86.8,3.68,2.74,69.3,0.68,0.253,36.73,0.717,10.39,12126.3,6.69,0.579,True,False
BGW-007,4,2020-08-31,111,56.62,2036.7,89.0,3.39,2.73,66.1,0.687,0.254,34.83,0.696,10.6,12118.8,6.41,0.533,True,False
BGW-007,5,2020-09-14,1,140.49,196.9,100.0,5.96,4.89,78.9,0.864,0.742,201.18,0.108,179.53,12297.0,9.3,0.188,False,False
BGW-007,5,2020-09-15,2,136.86,213.6,99.2,4.69,4.85,85.0,0.9,0.767,162.35,0.172,134.41,12391.9,7.85,0.003,False,False
BGW-007,5,2020-09-16,3,133.38,231.2,99.8,4.81,4.81,81.3,0.9,0.761,165.95,0.171,137.57,12190.4,7.92,0.007,False,False
BGW-007,5,2020-09-17,4,130.03,249.9,100.0,5.43,4.77,82.0,0.878,0.736,181.66,0.185,148.14,12115.8,8.71,0.128,False,False
BGW-007,5,2020-09-18,5,126.81,269.6,97.9,5.16,4.72,82.5,0.886,0.736,168.82,0.198,135.36,11966.3,8.05,0.092,False,False
BGW-007,5,2020-09-19,6,123.71,290.4,100.0,5.24,4.68,88.2,0.881,0.725,172.7,0.207,136.99,11938.0,8.38,0.119,False,False
BGW-007,5,2020-09-20,7,120.74,312.1,100.0,5.58,4.63,80.7,0.868,0.707,179.25,0.196,144.13,12101.3,8.58,0.191,False,False
BGW-007,5,2020-09-21,8,117.88,334.9,97.1,4.67,4.58,84.4,0.897,0.722,148.92,0.214,117.01,12099.7,7.7,0.047,False,False
BGW-007,5,2020-09-22,9,115.13,358.8,100.0,6.21,4.53,77.4,0.844,0.672,189.66,0.26,140.31,12023.2,9.26,0.329,False,False
BGW-007,5,2020-09-23,10,112.49,383.7,100.0,6.43,4.49,85.1,0.835,0.657,191.82,0.23,147.79,12233.0,9.94,0.381,False,False
BGW-007,5,2020-09-24,11,109.95,409.5,99.9,5.99,4.44,82.4,0.847,0.658,178.97,0.267,131.17,12024.5,9.11,0.32,False,False
BGW-007,5,2020-09-25,12,107.51,436.4,100.0,4.77,4.39,84.1,0.883,0.676,146.63,0.238,111.74,12277.4,7.83,0.121,False,False
BGW-007,5,2020-09-26,13,105.17,464.3,100.0,4.38,4.34,90.6,0.891,0.673,133.98,0.281,96.33,12419.4,7.52,0.068,False,False
BGW-007,5,2020-09-27,14,102.91,493.1,95.5,5.83,4.28,84.9,0.838,0.624,157.92,0.288,112.46,11972.8,8.95,0.337,False,False
BGW-007,5,2020-09-28,15,100.74,522.8,100.0,4.34,4.23,89.0,0.882,0.647,127.68,0.322,86.52,12286.1,7.19,0.092,False,False
BGW-007,5,2020-09-29,16,98.66,553.5,100.0,5.28,4.18,81.0,0.846,0.611,146.54,0.335,97.42,12309.3,8.19,0.272,False,False
BGW-007,5,2020-09-30,17,96.66,585.0,97.9,4.78,4.13,81.2,0.857,0.609,129.61,0.284,92.82,12110.2,7.85,0.201,False,False
BGW-007,5,2020-10-01,18,94.74,617.2,98.5,4.11,4.08,87.8,0.874,0.611,112.34,0.317,76.74,12258.6,7.07,0.099,False,False
BGW-007,5,2020-10-02,19,92.89,650.3,100.0,4.01,4.03,80.0,0.871,0.599,109.1,0.314,74.85,12418.3,6.87,0.102,False,False
BGW-007,5,2020-10-03,20,91.11,684.1,100.0,4.13,3.98,87.6,0.862,0.583,109.5,0.343,71.93,12362.9,7.13,0.136,False,False
BGW-007,5,2020-10-04,21,89.4,718.6,97.2,3.83,3.93,88.9,0.863,0.573,96.96,0.34,63.99,12332.1,7.01,0.118,False,False
BGW-007,5,2020-10-05,22,87.76,753.7,93.4,4.91,3.89,76.2,0.825,0.538,112.31,0.363,71.53,12003.5,8.1,0.305,False,False
BGW-007,5,2020-10-06,23,86.18,789.4,95.4,3.92,3.84,89.4,0.852,0.546,93.0,0.413,54.63,12206.5,6.77,0.149,False,False
BGW-007,5,2020-10-07,24,84.66,825.6,93.8,4.58,3.79,86.4,0.824,0.519,101.32,0.386,62.25,12213.8,7.49,0.28,False,False
BGW-007,5,2020-10-08,25,83.2,862.2,100.0,4.64,3.74,78.0,0.816,0.505,106.42,0.409,62.88,12283.4,7.63,0.307,False,False
BGW-007,5,2020-10-09,26,81.8,899.3,96.7,4.36,3.7,80.3,0.82,0.498,95.36,0.388,58.32,12028.0,7.18,0.274,False,False
BGW-007,5,2020-10-10,27,80.46,936.8,94.4,3.65,3.65,83.0,0.837,0.5,78.26,0.42,45.4,12244.9,6.55,0.167,False,False
BGW-007,5,2020-10-11,28,79.16,974.5,100.0,5.06,3.61,73.3,0.785,0.46,105.67,0.402,63.16,12565.7,8.16,0.43,False,False
BGW-007,5,2020-10-12,29,77.92,1012.5,94.2,3.91,3.57,81.4,0.817,0.47,78.62,0.435,44.41,12081.2,6.7,0.244,False,False
BGW-007,5,2020-10-13,30,76.72,1050.7,95.6,3.49,3.53,83.7,0.824,0.465,70.47,0.438,39.6,12404.0,6.4,0.193,False,False
BGW-007,5,2020-10-14,31,75.57,1089.0,93.5,3.38,3.48,79.9,0.82,0.454,65.39,0.447,36.18,12102.4,6.35,0.202,False,False
BGW-007,5,2020-10-15,32,74.46,1127.4,93.4,3.52,3.44,79.5,0.813,0.442,66.06,0.485,34.03,12307.2,6.58,0.223,False,False
BGW-007,5,2020-10-16,33,73.4,1165.8,94.7,3.4,3.41,74.8,0.811,0.433,63.41,0.5,31.71,12033.1,5.96,0.22,False,False
BGW-007,5,2020-10-17,34,72.38,1204.2,100.0,4.68,3.37,78.8,0.762,0.4,85.24,0.471,45.12,12266.6,7.7,0.459,True,False
BGW-007,5,2020-10-18,35,71.4,1242.5,97.0,4.7,3.33,78.9,0.756,0.39,80.85,0.5,40.46,12147.0,7.71,0.476,True,False
BGW-007,5,2020-10-19,36,70.46,1280.7,94.1,3.18,3.29,79.2,0.797,0.404,54.99,0.516,26.6,12349.5,5.98,0.246,False,False
BGW-007,5,2020-10-20,37,69.55,1318.7,100.0,3.75,3.26,80.2,0.777,0.387,65.93,0.579,27.77,12367.9,6.88,0.34,False,False
BGW-007,5,2020-10-21,38,68.68,1356.6,99.7,4.64,3.23,68.5,0.741,0.363,76.3,0.513,37.2,12363.0,7.59,0.51,True,False
BGW-007,5,2020-10-22,39,67.84,1394.1,91.2,3.28,3.19,79.7,0.781,0.376,51.24,0.552,22.94,12165.5,6.05,0.287,False,False
BGW-007,5,2020-10-23,40,67.03,1431.4,89.6,4.25,3.16,74.4,0.743,0.352,60.98,0.522,29.12,11988.0,7.0,0.471,True,False
BGW-007,5,2020-10-24,41,66.26,1468.3,92.0,3.26,3.13,79.1,0.771,0.36,48.95,0.539,22.55,12277.2,5.83,0.31,False,False
BGW-007,5,2020-10-25,42,65.52,1504.9,95.5,3.03,3.1,80.0,0.771,0.354,46.59,0.558,20.61,12430.4,6.22,0.297,False,False
BGW-007,5,2020-10-26,43,64.8,1541.0,92.6,3.04,3.07,72.5,0.767,0.347,44.32,0.584,18.46,11939.2,5.93,0.305,False,False
BGW-007,5,2020-10-27,44,64.11,1576.7,98.9,3.85,3.04,67.5,0.736,0.328,56.62,0.587,23.39,12491.8,6.73,0.453,True,False
BGW-007,5,2020-10-28,45,63.45,1612.0,93.7,3.03,3.02,75.9,0.758,0.332,42.87,0.601,17.11,12010.6,5.85,0.323,False,False
BGW-007,5,2020-10-29,46,62.82,1646.7,97.0,3.54,2.99,77.2,0.736,0.318,49.59,0.621,18.81,12339.3,6.49,0.424,False,False
BGW-007,5,2020-10-30,47,62.21,1681.0,89.6,3.05,2.96,69.3,0.748,0.319,39.56,0.625,14.85,11936.9,6.05,0.351,False,False
BGW-007,5,2020-10-31,48,61.62,1714.7,92.9,4.16,2.94,69.1,0.706,0.297,52.08,0.623,19.64,12362.4,7.38,0.557,True,False
BGW-007,5,2020-11-01,49,61.06,1747.8,90.8,3.07,2.92,73.2,0.738,0.306,38.69,0.586,16.03,12254.9,6.08,0.378,False,False
BGW-007,5,2020-11-02,50,60.52,1780.4,87.7,3.17,2.89,71.0,0.73,0.298,37.72,0.67,12.46,12072.3,6.03,0.408,False,False
BGW-007,5,2020-11-03,51,60.0,1812.4,94.6,3.26,2.87,65.2,0.722,0.292,40.84,0.628,15.17,12379.5,5.76,0.434,False,False
BGW-007,5,2020-11-04,52,59.49,1843.8,88.9,2.94,2.85,70.3,0.729,0.291,34.48,0.682,10.96,12124.9,5.54,0.389,False,False
BGW-007,5,2020-11-05,53,59.01,1874.6,88.4,2.8,2.83,69.8,0.728,0.287,32.27,0.698,9.75,12136.4,5.62,0.381,False,False
BGW-007,5,2020-11-06,54,58.55,1904.7,88.2,2.95,2.81,65.4,0.72,0.28,33.09,0.661,11.22,12003.6,5.75,0.412,False,False
BGW-008,1,2019-02-23,1,134.55,250.2,100.0,5.74,4.77,90.2,0.868,0.727,189.69,0.193,153.11,12188.2,8.73,0.182,False,False
BGW-008,1,2019-02-24,2,130.84,272.6,100.0,6.5,4.72,84.3,0.841,0.697,205.99,0.143,176.57,12099.3,9.87,0.329,False,False
BGW-008,1,2019-02-25,3,127.28,296.4,100.0,5.66,4.66,90.6,0.867,0.711,182.92,0.148,155.77,12269.2,8.61,0.196,False,False
BGW-008,1,2019-02-26,4,123.87,321.5,100.0,4.63,4.61,82.6,0.899,0.729,153.31,0.16,128.85,12231.1,7.38,0.031,False,False
BGW-008,1,2019-02-27,5,120.61,348.1,97.6,4.39,4.56,82.4,0.9,0.72,140.39,0.164,117.41,12197.1,7.1,0.034,False,False
BGW-008,1,2019-02-28,6,117.48,376.0,98.9,6.31,4.5,84.3,0.84,0.663,188.06,0.179,154.47,12039.5,9.57,0.357,False,False
BGW-008,1,2019-03-01,7,114.49,405.4,98.5,4.34,4.44,87.0,0.899,0.7,135.83,0.189,110.17,12256.8,7.19,0.047,False,False
BGW-008,1,2019-03-02,8,111.62,436.1,100.0,6.14,4.39,87.1,0.837,0.642,178.98,0.224,138.9,12422.0,9.51,0.36,False,False
BGW-008,1,2019-03-03,9,108.88,468.2,100.0,5.32,4.33,79.5,0.859,0.648,156.66,0.212,123.39,12070.0,8.38,0.235,False,False
BGW-008,1,2019-03-04,10,106.25,501.6,100.0,5.1,4.27,83.3,0.861,0.638,147.85,0.254,110.29,12255.1,8.24,0.213,False,False
BGW-008,1,2019-03-05,11,103.73,536.3,100.0,4.86,4.21,86.8,0.862,0.628,138.92,0.162,116.39,12340.5,7.63,0.191,False,False
BGW-008,1,2019-03-06,12,101.31,572.3,99.4,4.07,4.15,89.1,0.88,0.63,115.76,0.213,91.1,12377.2,7.15,0.085,False,False
BGW-008,1,2019-03-07,13,99.0,609.5,100.0,5.19,4.09,79.6,0.839,0.589,138.96,0.224,107.79,12024.6,8.25,0.285,False,False
BGW-008,1,2019-03-08,14,96.79,647.9,100.0,4.26,4.04,87.0,0.864,0.595,115.06,0.208,91.18,12248.1,7.16,0.14,False,False
BGW-008,1,2019-03-09,15,94.67,687.4,100.0,3.9,3.98,89.9,0.866,0.585,103.71,0.267,76.07,12321.8,6.81,0.111,False,False
BGW-008,1,2019-03-10,16,92.64,728.0,95.6,4.2,3.92,86.0,0.853,0.564,102.84,0.266,75.52,12291.2,7.23,0.168,False,False
BGW-008,1,2019-03-11,17,90.7,769.5,100.0,3.8,3.86,85.4,0.857,0.555,95.95,0.266,70.46,12353.8,6.91,0.129,False,False
BGW-008,1,2019-03-12,18,88.83,812.0,98.3,5.23,3.81,79.4,0.804,0.51,119.24,0.254,88.96,12361.5,8.46,0.388,False,False
BGW-008,1,2019-03-13,19,87.05,855.3,99.3,3.8,3.75,81.3,0.845,0.525,90.13,0.227,69.65,12327.8,7.15,0.158,False,False
BGW-008,1,2019-03-14,20,85.34,899.4,99.7,4.98,3.7,76.9,0.799,0.485,109.51,0.247,82.49,12425.0,7.99,0.383,False,False
BGW-008,1,2019-03-15,21,83.71,944.2,98.0,3.7,3.65,83.4,0.835,0.496,81.79,0.261,60.48,12043.1,6.63,0.179,False,False
BGW-008,1,2019-03-16,22,82.14,989.6,98.3,3.64,3.59,86.0,0.83,0.482,78.41,0.251,58.7,12382.4,6.38,0.188,False,False
BGW-008,1,2019-03-17,23,80.64,1035.6,97.1,5.12,3.54,76.9,0.773,0.44,99.35,0.287,70.88,12136.1,8.12,0.466,True,False
BGW-008,1,2019-03-18,24,79.2,1082.0,100.0,3.87,3.49,83.2,0.808,0.449,79.03,0.26,58.49,12443.2,6.95,0.267,False,False
BGW-008,1,2019-03-19,25,77.82,1128.7,94.2,4.5,3.44,72.8,0.78,0.424,81.72,0.251,61.18,12324.2,7.53,0.396,False,False
BGW-008,1,2019-03-20,26,76.5,1175.8,100.0,3.74,3.4,74.3,0.798,0.425,72.18,0.289,51.35,12255.4,6.83,0.282,False,False
BGW-008,1,2019-03-21,27,75.24,1223.0,99.1,4.09,3.35,77.1,0.779,0.406,74.74,0.305,51.98,12394.1,6.97,0.362,False,False
BGW-008,1,2019-03-22,28,74.03,1270.4,100.0,3.67,3.3,75.4,0.786,0.401,66.74,0.326,44.98,12339.2,6.47,0.306,False,False
BGW-008,1,2019-03-23,29,72.87,1317.8,96.7,3.59,3.26,71.6,0.782,0.39,61.47,0.338,40.72,12385.4,6.28,0.311,False,False
BGW-008,1,2019-03-24,30,71.76,1365.2,94.5,3.09,3.22,70.9,0.787,0.384,51.08,0.347,33.36,12143.0,5.87,0.265,False,False
BGW-008,1,2019-03-25,31,70.7,1412.5,95.4,3.29,3.18,77.5,0.778,0.372,52.99,0.333,35.36,12145.8,5.94,0.295,False,False
BGW-008,1,2019-03-26,32,69.68,1459.6,92.9,4.22,3.14,73.0,0.74,0.347,61.75,0.315,42.28,12105.2,7.01,0.475,True,False
BGW-008,1,2019-03-27,33,68.71,1506.5,94.7,3.04,3.1,80.0,0.771,0.354,46.3,0.356,29.79,12439.6,5.75,0.297,False,False
BGW-008,1,2019-03-28,34,67.78,1553.0,93.7,3.04,3.06,71.2,0.765,0.344,44.58,0.361,28.5,12173.3,5.85,0.308,False,False
BGW-008,1,2019-03-29,35,66.88,1599.2,98.0,4.37,3.03,74.1,0.715,0.315,61.37,0.372,38.55,12706.1,7.68,0.553,True,False
BGW-008,1,2019-03-30,36,66.02,1645.0,92.7,2.87,2.99,70.3,0.755,0.326,39.48,0.389,24.13,12300.8,5.73,0.328,False,False
BGW-008,1,2019-03-31,37,65.2,1690.3,89.0,4.06,2.96,74.2,0.713,0.302,49.65,0.38,30.76,12252.3,7.03,0.531,True,False
BGW-008,1,2019-04-01,38,64.42,1735.1,94.0,3.0,2.93,74.2,0.742,0.309,39.53,0.406,23.47,12358.9,5.53,0.361,False,False
BGW-008,1,2019-04-02,39,63.67,1779.3,91.9,3.94,2.89,67.0,0.704,0.288,47.45,0.37,29.87,12028.8,6.71,0.542,True,False
BGW-008,1,2019-04-03,40,62.95,1822.8,94.0,3.39,2.86,71.0,0.717,0.288,41.67,0.405,24.81,12337.3,6.24,0.46,True,False
BGW-008,1,2019-04-04,41,62.25,1865.7,91.0,2.93,2.84,71.7,0.726,0.287,34.76,0.389,21.24,12133.2,5.68,0.395,False,False
BGW-008,1,2019-04-05,42,61.59,1908.0,89.8,3.49,2.81,65.9,0.701,0.273,38.8,0.38,24.08,12154.9,6.52,0.507,True,False
BGW-008,1,2019-04-06,43,60.96,1949.4,90.5,2.77,2.78,71.1,0.719,0.275,31.35,0.379,19.46,11987.5,5.54,0.398,False,False
BGW-008,1,2019-04-07,44,60.35,1990.2,90.6,3.51,2.76,69.7,0.689,0.259,37.47,0.433,21.24,12428.6,6.7,0.539,True,False
BGW-008,1,2019-04-08,45,59.77,2030.1,87.5,2.79,2.73,66.5,0.708,0.262,29.1,0.427,16.67,12329.1,5.63,0.426,False,False
BGW-008,1,2019-04-09,46,59.22,2069.3,93.8,3.45,2.71,71.0,0.681,0.249,36.51,0.441,20.41,12525.9,6.72,0.554,True,False
BGW-008,1,2019-04-10,47,58.68,2107.6,91.0,2.66,2.69,64.8,0.701,0.252,27.75,0.435,15.67,12117.4,5.38,0.434,False,False
BGW-008,1,2019-04-11,48,58.17,2145.2,92.1,3.18,2.66,62.3,0.679,0.241,32.05,0.474,16.86,12369.7,5.74,0.532,True,False
BGW-008,1,2019-04-12,49,57.68,2181.8,85.2,3.81,2.64,62.0,0.653,0.229,33.74,0.449,18.6,11874.2,6.47,0.654,True,False
BGW-008,1,2019-04-13,50,57.22,2217.6,84.9,3.28,2.62,68.6,0.666,0.23,29.12,0.434,16.47,11956.4,6.26,0.573,True,False
BGW-008,1,2019-04-14,51,56.77,2252.6,86.4,2.58,2.6,67.4,0.684,0.233,23.68,0.464,12.69,12217.9,5.14,0.466,True,False
BGW-008,1,2019-04-15,52,56.34,2286.6,89.9,2.53,2.58,63.2,0.68,0.229,23.69,0.461,12.77,12156.9,5.31,0.474,True,False
BGW-008,1,2019-04-16,53,55.93,2319.8,84.4,3.54,2.57,67.2,0.644,0.214,29.1,0.473,15.34,11711.3,6.21,0.652,True,False
BGW-008,1,2019-04-17,54,55.53,2352.1,85.4,2.57,2.55,62.5,0.671,0.221,22.08,0.504,10.95,12061.9,5.47,0.493,True,False
BGW-008,1,2019-04-18,55,55.16,2383.6,86.2,2.51,2.53,63.6,0.669,0.218,21.41,0.494,10.82,11847.9,5.28,0.496,True,False
BGW-008,1,2019-04-19,56,54.8,2414.2,86.1,2.41,2.52,64.2,0.665,0.214,20.17,0.501,10.06,12198.1,4.97,0.5,True,False
BGW-008,1,2019-04-20,57,54.45,2443.9,88.2,2.59,2.5,59.9,0.659,0.21,21.83,0.472,11.52,12379.6,5.58,0.516,True,False
BGW-008,1,2019-04-21,58,54.12,2472.8,86.9,2.6,2.49,66.3,0.654,0.207,21.23,0.499,10.64,11769.2,5.04,0.52,True,False
BGW-008,1,2019-04-22,59,53.8,2500.9,86.5,2.41,2.47,67.0,0.655,0.205,19.42,0.48,10.1,12059.8,4.92,0.5,True,False
BGW-008,1,2019-04-23,60,53.5,2528.1,93.3,2.65,2.46,58.6,0.645,0.2,22.49,0.501,11.21,12232.4,5.39,0.533,True,False
BGW-008,1,2019-04-24,61,53.2,2554.4,83.9,2.54,2.45,61.7,0.646,0.198,19.21,0.495,9.7,11708.7,5.1,0.516,True,False
BGW-008,1,2019-04-25,62,52.93,2580.0,91.1,3.42,2.44,58.2,0.613,0.186,26.41,0.513,12.86,12169.6,6.41,0.672,True,False
BGW-008,1,2019-04-26,63,52.66,2604.8,84.9,2.48,2.42,62.1,0.641,0.193,18.49,0.464,9.91,11810.9,5.22,0.509,True,False
BGW-008,1,2019-04-27,64,52.4,2628.8,88.3,2.42,2.41,65.9,0.64,0.191,18.61,0.554,8.3,12349.3,5.27,0.502,True,False
BGW-008,1,2019-04-28,65,52.16,2652.0,88.0,2.32,2.4,62.2,0.637,0.189,17.57,0.552,7.87,12347.9,5.01,0.5,True,False
BGW-008,1,2019-04-29,66,51.92,2674.5,84.4,2.41,2.39,57.5,0.634,0.187,17.29,0.545,7.86,11820.4,5.04,0.503,True,False
BGW-008,1,2019-04-30,67,51.7,2696.2,84.2,2.32,2.38,61.5,0.632,0.185,16.45,0.585,6.83,12223.4,5.21,0.5,True,True
BGW-008,1,2019-05-01,68,51.48,2717.2,86.2,2.41,2.37,57.0,0.628,0.183,17.27,0.556,7.68,11804.1,5.09,0.507,True,False
BGW-008,1,2019-05-02,69,51.28,2737.5,86.5,2.31,2.36,56.5,0.627,0.181,16.43,0.591,6.72,11928.9,5.11,0.5,True,False
BGW-008,1,2019-05-03,70,51.08,2757.1,88.6,2.48,2.36,59.7,0.621,0.178,17.78,0.557,7.87,12242.5,5.31,0.521,True,False
BGW-008,1,2019-05-04,71,50.89,2776.0,89.3,2.71,2.35,61.2,0.611,0.174,19.13,0.602,7.62,12260.5,5.45,0.563,True,False
BGW-008,1,2019-05-05,72,50.71,2794.3,83.4,2.44,2.34,57.6,0.617,0.175,16.17,0.586,6.7,11765.9,4.91,0.517,True,False
BGW-008,1,2019-05-06,73,50.54,2811.9,86.5,2.37,2.33,61.9,0.617,0.174,16.25,0.612,6.3,11909.5,5.04,0.507,True,False
BGW-008,1,2019-05-07,74,50.37,2828.9,85.1,2.99,2.32,57.7,0.594,0.167,19.29,0.582,8.06,11936.1,5.67,0.617,True,False
BGW-008,1,2019-05-08,75,50.21,2845.3,86.4,2.26,2.32,57.2,0.615,0.171,15.19,0.61,5.92,12177.4,4.76,0.5,True,False
BGW-008,1,2019-05-09,76,50.06,2861.1,87.9,2.85,2.31,61.2,0.595,0.165,18.8,0.618,7.18,12005.6,5.47,0.594,True,False
BGW-008,1,2019-05-10,77,49.91,2876.4,83.5,2.34,2.3,57.0,0.61,0.168,14.97,0.637,5.43,12088.9,5.12,0.506,True,False
BGW-008,1,2019-05-11,78,49.77,2891.1,84.4,2.35,2.3,57.6,0.608,0.167,15.03,0.612,5.83,11860.1,5.0,0.508,True,False
BGW-008,1,2019-05-12,79,49.64,2905.2,85.5,2.39,2.29,59.0,0.604,0.165,15.39,0.578,6.49,11795.8,5.16,0.518,True,False
BGW-008,1,2019-05-13,80,49.51,2918.8,82.1,3.03,2.29,53.1,0.581,0.158,17.89,0.617,6.85,12217.4,5.86,0.63,True,False
BGW-008,1,2019-05-14,81,49.39,2932.0,83.3,2.28,2.28,59.3,0.605,0.164,14.16,0.639,5.12,12313.8,4.95,0.5,True,False
BGW-008,1,2019-05-15,82,49.27,2944.6,91.0,2.98,2.28,57.0,0.58,0.157,19.29,0.606,7.61,12344.0,5.87,0.622,True,False
BGW-008,1,2019-05-16,83,49.16,2956.8,82.0,2.79,2.27,59.9,0.584,0.157,16.35,0.631,6.03,11916.4,5.59,0.59,True,False
BGW-008,1,2019-05-17,84,49.05,2968.5,84.8,2.25,2.27,62.0,0.6,0.161,14.0,0.646,4.96,12384.3,4.89,0.5,True,False
BGW-008,1,2019-05-18,85,48.94,2979.7,81.1,2.38,2.26,54.4,0.595,0.159,13.97,0.683,4.43,11850.5,4.79,0.521,True,False
BGW-008,1,2019-05-19,86,48.85,2990.6,82.9,2.23,2.26,54.4,0.598,0.159,13.37,0.676,4.33,11978.6,4.75,0.5,True,False
BGW-008,1,2019-05-20,87,48.75,3001.0,83.4,2.83,2.25,54.1,0.577,0.153,16.48,0.678,5.3,12071.6,5.5,0.602,True,False
BGW-008,1,2019-05-21,88,48.66,3011.0,86.7,3.05,2.25,56.9,0.569,0.151,18.12,0.655,6.25,12065.6,6.02,0.641,True,False
BGW-008,1,2019-05-22,89,48.57,3020.6,85.4,2.57,2.25,59.4,0.584,0.154,15.37,0.707,4.5,12085.4,5.44,0.556,True,False
BGW-008,1,2019-05-23,90,48.49,3029.9,80.8,2.18,2.24,57.1,0.593,0.156,12.51,0.671,4.12,11927.5,4.8,0.5,True,False
BGW-008,2,2019-06-06,1,179.68,98.8,100.0,4.9,5.16,84.6,0.9,0.805,179.24,0.126,156.61,12210.4,7.86,0.0,False,False
BGW-008,2,2019-06-07,2,176.44,105.0,99.3,6.5,5.14,80.9,0.855,0.762,223.58,0.205,177.83,12028.9,9.34,0.238,False,False
BGW-008,2,2019-06-08,3,173.27,111.5,98.9,5.35,5.12,88.9,0.892,0.794,191.08,0.174,157.87,11959.2,8.19,0.041,False,False
BGW-008,2,2019-06-09,4,170.18,118.3,100.0,5.64,5.1,79.8,0.882,0.783,200.65,0.2,160.57,12382.5,8.62,0.095,False,False
BGW-008,2,2019-06-10,5,167.17,125.4,100.0,6.5,5.08,80.9,0.853,0.754,222.88,0.225,172.75,12049.0,9.52,0.249,False,False
BGW-008,2,2019-06-11,6,164.23,132.9,99.9,5.06,5.06,89.6,0.9,0.794,182.37,0.18,149.63,12216.0,7.9,0.001,False,False
BGW-008,2,2019-06-12,7,161.36,140.8,97.2,5.28,5.04,83.1,0.892,0.784,183.11,0.208,144.96,12073.0,8.31,0.043,False,False
BGW-008,2,2019-06-13,8,158.57,149.0,100.0,6.08,5.02,89.1,0.864,0.758,209.39,0.201,167.3,12082.0,8.95,0.186,False,False
BGW-008,2,2019-06-14,9,155.84,157.6,100.0,5.11,4.99,89.9,0.896,0.783,181.72,0.21,143.49,12037.7,8.43,0.02,False,False
BGW-008,2,2019-06-15,10,153.17,166.5,98.4,6.12,4.97,87.5,0.862,0.75,205.31,0.294,144.88,12161.4,9.56,0.202,False,False
BGW-008,2,2019-06-16,11,150.57,175.9,98.7,4.76,4.95,89.8,0.9,0.78,166.62,0.262,122.9,12096.2,7.76,0.0,False,False
BGW-008,2,2019-06-17,12,148.04,185.7,100.0,6.5,4.92,80.0,0.847,0.731,216.01,0.282,155.19,12223.9,9.79,0.276,False,False
BGW-008,2,2019-06-18,13,145.57,195.8,97.8,6.38,4.9,89.2,0.851,0.731,207.12,0.262,152.79,12076.4,9.59,0.26,False,False
BGW-008,2,2019-06-19,14,143.15,206.4,98.0,4.76,4.87,91.8,0.9,0.77,163.21,0.295,115.14,11925.3,7.82,0.001,False,False
BGW-008,2,2019-06-20,15,140.8,217.4,100.0,6.5,4.84,86.1,0.845,0.719,212.35,0.293,150.15,12307.7,9.88,0.294,False,False
BGW-008,2,2019-06-21,16,138.5,228.8,97.4,4.73,4.82,88.5,0.9,0.762,159.56,0.335,106.09,12051.6,7.4,0.007,False,False
BGW-008,2,2019-06-22,17,136.26,240.7,100.0,4.67,4.79,92.5,0.9,0.758,160.71,0.324,108.61,12456.4,7.86,0.009,False,False
BGW-008,2,2019-06-23,18,134.08,253.0,96.1,6.05,4.76,78.1,0.857,0.718,189.48,0.334,126.13,11931.3,8.91,0.238,False,False
BGW-008,2,2019-06-24,19,131.94,265.7,97.1,4.97,4.73,80.9,0.892,0.743,162.71,0.36,104.13,11852.2,7.45,0.056,False,False
BGW-008,2,2019-06-25,20,129.86,278.9,100.0,5.21,4.7,82.3,0.883,0.73,173.04,0.391,105.37,12274.3,8.3,0.107,False,False
BGW-008,2,2019-06-26,21,127.83,292.5,99.6,4.72,4.67,92.0,0.898,0.738,157.77,0.371,99.29,12447.8,7.78,0.029,False,False
BGW-008,2,2019-06-27,22,125.85,306.6,100.0,4.66,4.64,86.2,0.899,0.734,155.56,0.362,99.23,12275.2,7.61,0.028,False,False
BGW-008,2,2019-06-28,23,123.92,321.1,100.0,4.44,4.61,90.1,0.9,0.73,147.25,0.402,88.1,12266.5,7.44,0.028,False,False
BGW-008,2,2019-06-29,24,122.04,336.1,98.4,4.55,4.58,84.7,0.9,0.724,147.43,0.415,86.28,12157.3,7.29,0.031,False,False
BGW-008,2,2019-06-30,25,120.2,351.6,100.0,4.56,4.55,91.5,0.899,0.719,149.05,0.441,83.3,12075.1,7.53,0.037,False,False
BGW-008,2,2019-07-01,26,118.4,367.5,100.0,4.36,4.52,82.3,0.9,0.713,141.23,0.443,78.69,12304.7,7.3,0.038,False,False
BGW-008,2,2019-07-02,27,116.65,383.9,100.0,6.19,4.48,78.1,0.843,0.663,186.61,0.465,99.79,12331.9,9.14,0.341,False,False
BGW-008,2,2019-07-03,28,114.94,400.7,100.0,5.82,4.45,83.5,0.854,0.666,176.17,0.474,92.73,12223.6,8.73,0.285,False,False
BGW-008,2,2019-07-04,29,113.28,418.0,100.0,4.34,4.42,89.1,0.898,0.694,136.82,0.48,71.1,12040.0,7.3,0.05,False,False
BGW-008,2,2019-07-05,30,111.65,435.7,100.0,4.2,4.39,90.7,0.896,0.687,130.94,0.484,67.55,12110.8,7.1,0.054,False,False
BGW-008,2,2019-07-06,31,110.07,453.9,100.0,5.86,4.35,83.8,0.844,0.641,170.54,0.514,82.86,12386.0,9.29,0.321,False,False
BGW-008,2,2019-07-07,32,108.52,472.5,98.1,4.52,4.32,91.5,0.885,0.666,134.23,0.511,65.62,12139.7,7.29,0.098,False,False
BGW-008,2,2019-07-08,33,107.01,491.6,100.0,4.22,4.29,89.4,0.889,0.663,127.17,0.515,61.71,12391.9,7.22,0.066,False,False
BGW-008,2,2019-07-09,34,105.54,511.1,100.0,4.14,4.25,92.9,0.887,0.655,123.07,0.518,59.31,12356.1,6.99,0.071,False,False
BGW-008,2,2019-07-10,35,104.1,531.0,98.9,4.29,4.22,85.9,0.882,0.645,124.31,0.549,56.07,12297.9,7.26,0.087,False,False
BGW-008,2,2019-07-11,36,102.7,551.3,100.0,4.35,4.19,89.5,0.877,0.634,125.39,0.558,55.44,12621.8,7.55,0.109,False,False
BGW-008,2,2019-07-12,37,101.33,572.0,100.0,4.25,4.15,81.4,0.877,0.627,121.28,0.564,52.85,12280.5,7.06,0.102,False,False
BGW-008,2,2019-07-13,38,100.0,593.2,99.2,4.0,4.12,91.7,0.877,0.621,111.95,0.557,49.6,12161.7,6.76,0.089,False,False
BGW-008,2,2019-07-14,39,98.69,614.7,99.2,4.2,4.09,87.1,0.871,0.61,115.54,0.606,45.47,12470.6,7.26,0.114,False,False
BGW-008,2,2019-07-15,40,97.42,636.6,94.4,4.52,4.05,86.9,0.857,0.594,115.05,0.625,43.09,11930.2,7.27,0.18,False,False
BGW-008,2,2019-07-16,41,96.18,658.9,96.3,4.0,4.02,85.1,0.87,0.596,104.38,0.637,37.86,12006.0,6.95,0.104,False,False
BGW-008,2,2019-07-17,42,94.98,681.6,97.8,3.84,3.99,84.9,0.867,0.587,100.33,0.621,37.98,12124.5,6.79,0.109,False,False
BGW-008,2,2019-07-18,43,93.8,704.5,100.0,4.05,3.95,78.1,0.861,0.576,106.2,0.67,35.07,12207.9,6.96,0.132,False,False
BGW-008,2,2019-07-19,44,92.65,727.9,99.1,3.83,3.92,85.1,0.862,0.57,98.31,0.644,35.02,12304.8,6.63,0.12,False,False
BGW-008,2,2019-07-20,45,91.52,751.5,97.5,4.38,3.89,83.0,0.843,0.551,106.92,0.652,37.22,12348.3,7.44,0.212,False,False
BGW-008,2,2019-07-21,46,90.43,775.5,100.0,5.54,3.86,78.2,0.8,0.517,130.04,0.642,46.53,12189.6,8.81,0.425,False,False
BGW-008,2,2019-07-22,47,89.36,799.8,97.9,3.93,3.82,81.4,0.85,0.542,94.78,0.67,31.27,12384.7,7.08,0.155,False,False
BGW-008,2,2019-07-23,48,88.32,824.3,95.4,3.94,3.79,76.7,0.845,0.533,91.12,0.721,25.4,11979.2,7.08,0.169,False,False
BGW-008,3,2019-08-04,1,163.1,136.0,97.2,4.81,5.05,82.5,0.9,0.793,168.46,0.146,143.94,11829.3,7.43,0.0,False,False
BGW-008,3,2019-08-05,2,159.78,145.3,100.0,6.5,5.03,78.2,0.851,0.747,220.63,0.166,184.1,12321.0,9.77,0.258,False,False
BGW-008,3,2019-08-06,3,156.56,155.2,99.8,5.24,5.0,83.4,0.892,0.78,185.19,0.162,155.23,11865.1,8.07,0.041,False,False
BGW-008,3,2019-08-07,4,153.43,165.7,97.8,5.28,4.97,89.0,0.89,0.774,181.69,0.204,144.71,12151.7,8.15,0.054,False,False
BGW-008,3,2019-08-08,5,150.38,176.6,100.0,5.08,4.94,89.0,0.895,0.776,179.17,0.185,146.1,11972.3,8.01,0.024,False,False
BGW-008,3,2019-08-09,6,147.43,188.1,100.0,4.78,4.91,81.1,0.9,0.776,168.45,0.161,141.4,12112.2,7.77,0.0,False,False
BGW-008,3,2019-08-10,7,144.56,200.2,99.6,5.05,4.88,92.7,0.895,0.767,175.38,0.158,147.74,12032.0,7.99,0.029,False,False
BGW-008,3,2019-08-11,8,141.76,212.8,99.3,4.71,4.85,94.3,0.9,0.767,163.02,0.192,131.78,12327.0,7.44,0.003,False,False
BGW-008,3,2019-08-12,9,139.05,226.0,97.1,4.98,4.82,91.3,0.895,0.758,166.65,0.188,135.33,12110.1,8.25,0.034,False,False
BGW-008,3,2019-08-13,10,136.42,239.8,97.0,4.6,4.79,91.5,0.9,0.758,153.83,0.193,124.2,12104.0,7.6,0.009,False,False
BGW-008,3,2019-08-14,11,133.86,254.2,97.6,4.74,4.76,94.2,0.9,0.753,158.29,0.208,125.39,12249.6,7.86,0.012,False,False
BGW-008,3,2019-08-15,12,131.38,269.2,100.0,4.66,4.72,92.4,0.9,0.748,158.54,0.125,138.76,12080.3,7.65,0.016,False,False
BGW-008,3,2019-08-16,13,128.96,284.9,100.0,4.61,4.69,94.0,0.9,0.742,155.43,0.172,128.76,11970.4,7.26,0.019,False,False
BGW-008,3,2019-08-17,14,126.61,301.1,100.0,5.65,4.65,90.4,0.867,0.71,182.14,0.239,138.56,12222.2,8.86,0.197,False,False
BGW-008,3,2019-08-18,15,124.33,318.0,100.0,5.37,4.62,91.7,0.875,0.71,173.29,0.218,135.43,12287.8,8.28,0.158,False,False
BGW-008,3,2019-08-19,16,122.12,335.5,97.1,4.83,4.58,81.4,0.892,0.718,153.11,0.215,120.14,12025.6,7.63,0.075,False,False
BGW-008,3,2019-08-20,17,119.97,353.6,99.6,4.59,4.54,91.0,0.898,0.717,149.1,0.234,114.19,12293.3,7.71,0.043,False,False
BGW-008,3,2019-08-21,18,117.88,372.3,100.0,6.36,4.51,77.3,0.838,0.663,191.62,0.267,140.46,12299.1,9.56,0.364,False,False
BGW-008,3,2019-08-22,19,115.85,391.7,97.5,4.5,4.47,86.6,0.899,0.704,140.28,0.224,108.8,12129.1,7.42,0.048,False,False
BGW-008,3,2019-08-23,20,113.88,411.7,100.0,4.42,4.43,88.0,0.899,0.697,140.03,0.255,104.27,12449.9,7.37,0.048,False,False
BGW-008,3,2019-08-24,21,111.96,432.3,100.0,4.53,4.39,89.5,0.892,0.685,140.8,0.244,106.41,12038.2,7.32,0.076,False,False
BGW-008,3,2019-08-25,22,110.1,453.5,100.0,4.56,4.35,90.2,0.887,0.674,139.49,0.23,107.43,12266.7,7.47,0.093,False,False
BGW-008,3,2019-08-26,23,108.29,475.4,100.0,4.12,4.32,90.9,0.891,0.67,125.23,0.26,92.67,12423.8,7.21,0.063,False,False
BGW-008,3,2019-08-27,24,106.53,497.8,98.7,4.83,4.28,89.4,0.87,0.646,140.15,0.291,99.37,12275.5,7.86,0.165,False,False
BGW-008,3,2019-08-28,25,104.82,520.8,96.6,5.75,4.24,85.5,0.835,0.614,154.87,0.248,116.5,12317.3,9.09,0.338,False,False
BGW-008,3,2019-08-29,26,103.16,544.4,100.0,5.38,4.2,88.3,0.844,0.612,149.73,0.285,107.03,12488.1,8.76,0.285,False,False
BGW-008,3,2019-08-30,27,101.55,568.6,100.0,4.72,4.16,81.0,0.862,0.618,132.43,0.284,94.76,12222.3,7.58,0.181,False,False
BGW-008,3,2019-08-31,28,99.99,593.3,100.0,5.71,4.12,84.9,0.824,0.584,151.56,0.3,106.03,12270.2,8.9,0.368,False,False
BGW-008,3,2019-09-01,29,98.47,618.6,97.9,3.9,4.08,86.4,0.875,0.611,106.03,0.297,74.52,12352.1,6.48,0.095,False,False
BGW-008,3,2019-09-02,30,96.99,644.3,100.0,5.69,4.04,81.9,0.817,0.563,145.65,0.289,103.6,12248.8,8.7,0.389,False,False
BGW-008,3,2019-09-03,31,95.55,670.6,100.0,5.23,4.0,76.5,0.828,0.564,133.85,0.294,94.43,12293.0,8.25,0.321,False,False
BGW-008,3,2019-09-04,32,94.16,697.4,97.0,3.91,3.96,81.3,0.865,0.581,100.11,0.313,68.81,12193.2,6.96,0.113,False,False
BGW-008,3,2019-09-05,33,92.8,724.6,94.3,4.44,3.93,87.1,0.845,0.56,106.53,0.359,68.27,12180.2,7.46,0.209,False,False
BGW-008,3,2019-09-06,34,91.49,752.3,100.0,4.32,3.89,80.9,0.844,0.552,108.45,0.329,72.77,12335.0,7.52,0.202,False,False
BGW-008,3,2019-09-07,35,90.21,780.4,93.7,4.28,3.85,77.6,0.841,0.542,98.86,0.334,65.83,11924.9,7.11,0.207,False,False
BGW-008,3,2019-09-08,36,88.97,808.9,96.1,4.25,3.81,82.9,0.838,0.532,98.77,0.318,67.39,12184.5,7.11,0.215,False,False
BGW-008,3,2019-09-09,37,87.76,837.8,99.3,3.83,3.77,88.5,0.847,0.53,91.75,0.378,57.08,12199.9,6.75,0.155,False,False
BGW-008,3,2019-09-10,38,86.59,867.0,96.3,4.73,3.74,82.0,0.813,0.502,103.78,0.379,64.46,11893.2,7.39,0.324,False,False
BGW-008,3,2019-09-11,39,85.45,896.6,97.0,4.57,3.7,80.6,0.813,0.495,99.7,0.37,62.84,12376.6,7.6,0.31,False,False
BGW-008,3,2019-09-12,40,84.34,926.5,96.2,3.62,3.67,84.7,0.839,0.503,79.63,0.391,48.49,12124.5,6.59,0.165,False,False
BGW-008,3,2019-09-13,41,83.27,956.7,95.1,3.79,3.63,85.3,0.83,0.49,80.34,0.405,47.82,12246.7,6.67,0.201,False,False
BGW-008,3,2019-09-14,42,82.22,987.2,100.0,4.16,3.6,73.2,0.813,0.473,89.42,0.374,55.99,11870.4,7.02,0.278,False,False
BGW-008,3,2019-09-15,43,81.21,1017.9,100.0,3.76,3.56,83.3,0.821,0.471,80.51,0.384,49.58,12454.2,6.76,0.221,False,False
BGW-008,3,2019-09-16,44,80.22,1048.8,96.6,4.3,3.53,79.7,0.799,0.451,85.17,0.403,50.86,12274.3,7.21,0.328,False,False
BGW-008,3,2019-09-17,45,79.26,1079.9,96.2,3.61,3.49,81.9,0.817,0.455,71.74,0.415,41.97,12506.1,6.84,0.22,False,False
BGW-008,3,2019-09-18,46,78.33,1111.1,97.7,3.61,3.46,81.9,0.812,0.446,71.34,0.419,41.45,12353.4,6.66,0.233,False,False
BGW-008,3,2019-09-19,47,77.43,1142.6,95.8,3.29,3.43,75.1,0.813,0.44,63.01,0.411,37.12,12240.3,6.2,0.214,False,False
BGW-008,3,2019-09-20,48,76.55,1174.1,98.0,3.43,3.4,75.7,0.809,0.431,65.75,0.426,37.72,12485.1,6.37,0.227,False,False
BGW-008,3,2019-09-21,49,75.7,1205.7,100.0,4.53,3.37,69.2,0.767,0.403,82.95,0.385,51.04,12375.9,7.5,0.433,False,False
BGW-008,3,2019-09-22,50,74.87,1237.4,100.0,4.59,3.34,77.1,0.76,0.393,82.12,0.41,48.44,12415.0,7.63,0.456,True,False
BGW-008,3,2019-09-23,51,74.06,1269.1,100.0,4.2,3.31,70.9,0.769,0.392,74.88,0.427,42.91,12341.5,7.3,0.4,False,False
BGW-008,3,2019-09-24,52,73.28,1300.9,96.4,3.69,3.28,78.6,0.781,0.392,63.52,0.402,37.99,12327.2,6.59,0.323,False,False
BGW-008,3,2019-09-25,53,72.52,1332.7,93.0,3.79,3.25,77.4,0.773,0.383,61.34,0.405,36.53,12157.0,6.92,0.352,False,False
BGW-008,3,2019-09-26,54,71.78,1364.4,96.6,3.18,3.22,80.7,0.787,0.385,53.64,0.437,30.18,12469.9,6.11,0.265,False,False
BGW-008,3,2019-09-27,55,71.07,1396.1,94.3,4.34,3.19,77.4,0.745,0.359,66.84,0.465,35.75,12009.5,7.15,0.474,True,False
BGW-008,3,2019-09-28,56,70.37,1427.7,94.9,4.12,3.16,72.2,0.748,0.355,63.14,0.457,34.26,12352.8,7.21,0.446,False,False
BGW-008,3,2019-09-29,57,69.69,1459.2,94.8,3.89,3.14,70.4,0.751,0.352,58.91,0.44,32.99,12597.3,7.0,0.417,False,False
BGW-008,3,2019-09-30,58,69.03,1490.7,94.2,3.51,3.11,72.7,0.759,0.351,52.77,0.499,26.45,12385.1,6.43,0.364,False,False
BGW-008,3,2019-10-01,59,68.39,1522.0,91.7,4.42,3.09,69.7,0.725,0.33,60.79,0.467,32.39,11937.7,6.93,0.534,True,False
BGW-008,3,2019-10-02,60,67.77,1553.1,95.5,4.17,3.06,75.2,0.729,0.328,59.24,0.459,32.02,12282.5,7.19,0.501,True,False
BGW-008,3,2019-10-03,61,67.17,1584.1,97.9,3.87,3.04,70.0,0.734,0.326,56.02,0.476,29.35,12314.2,6.79,0.46,True,False
BGW-008,3,2019-10-04,62,66.58,1614.9,92.0,2.98,3.01,77.0,0.758,0.332,41.3,0.482,21.4,12182.1,5.81,0.322,False,False
BGW-008,3,2019-10-05,63,66.01,1645.5,92.0,3.08,2.99,71.6,0.752,0.325,41.83,0.491,21.3,11939.6,5.87,0.344,False,False
BGW-008,3,2019-10-06,64,65.46,1675.9,97.8,3.35,2.97,69.3,0.738,0.315,46.94,0.507,23.14,12609.1,6.06,0.402,False,False
BGW-008,3,2019-10-07,65,64.92,1706.1,88.4,3.45,2.95,68.5,0.731,0.308,42.7,0.521,20.47,11955.2,6.27,0.43,False,False
BGW-008,3,2019-10-08,66,64.4,1736.0,93.1,2.86,2.92,74.4,0.744,0.31,37.45,0.475,19.68,12289.3,5.54,0.349,False,False
BGW-008,3,2019-10-09,67,63.9,1765.6,96.1,3.55,2.9,69.5,0.719,0.296,45.92,0.532,21.47,12389.7,6.37,0.469,True,False
BGW-008,3,2019-10-10,68,63.4,1795.0,96.9,3.86,2.88,71.2,0.705,0.287,48.72,0.505,24.12,12445.8,6.69,0.533,True,False
BGW-008,3,2019-10-11,69,62.92,1824.1,91.1,2.76,2.86,70.7,0.734,0.295,33.68,0.509,16.54,11861.4,5.27,0.369,False,False
BGW-008,3,2019-10-12,70,62.46,1852.9,98.3,3.86,2.84,62.9,0.697,0.277,47.71,0.516,23.07,12635.8,7.04,0.553,True,False
BGW-008,3,2019-10-13,71,62.01,1881.4,92.4,2.87,2.83,70.6,0.726,0.285,34.36,0.52,16.48,12261.5,5.44,0.39,False,False
BGW-008,3,2019-10-14,72,61.57,1909.6,88.5,2.94,2.81,66.4,0.719,0.279,33.09,0.539,15.25,12037.1,5.68,0.412,False,False
BGW-008,3,2019-10-15,73,61.14,1937.5,90.2,3.42,2.79,69.3,0.7,0.269,37.72,0.534,17.59,12025.0,6.26,0.506,True,False
BGW-008,3,2019-10-16,74,60.73,1965.0,92.9,2.66,2.77,65.0,0.717,0.273,30.6,0.535,14.23,12293.0,5.32,0.401,False,False
BGW-008,3,2019-10-17,75,60.33,1992.2,89.3,2.68,2.75,72.8,0.714,0.269,29.21,0.561,12.83,11844.8,5.24,0.407,False,False
BGW-008,3,2019-10-18,76,59.93,2019.0,90.2,2.62,2.74,66.4,0.711,0.265,28.41,0.59,11.64,12031.7,5.18,0.413,False,False
BGW-008,3,2019-10-19,77,59.55,2045.5,98.6,3.77,2.72,68.4,0.673,0.248,41.89,0.588,17.28,12645.9,6.71,0.603,True,False
BGW-008,3,2019-10-20,78,59.19,2071.6,96.7,3.45,2.71,68.5,0.68,0.248,37.64,0.592,15.36,12339.9,6.23,0.556,True,False
BGW-008,3,2019-10-21,79,58.83,2097.3,87.9,2.69,2.69,70.5,0.702,0.254,27.31,0.586,11.32,12159.4,5.4,0.432,False,False
BGW-008,3,2019-10-22,80,58.48,2122.7,90.9,3.02,2.68,68.5,0.687,0.246,30.73,0.583,12.82,12124.0,5.83,0.498,True,False
BGW-008,3,2019-10-23,81,58.14,2147.7,87.1,2.72,2.66,72.5,0.694,0.246,26.49,0.547,12.0,12329.9,5.57,0.453,True,False
BGW-008,3,2019-10-24,82,57.81,2172.3,90.6,2.69,2.65,69.9,0.692,0.243,26.9,0.628,10.02,12148.7,5.35,0.455,True,False
BGW-008,3,2019-10-25,83,57.49,2196.5,85.6,2.93,2.63,65.4,0.681,0.237,27.04,0.571,11.59,12123.4,5.86,0.506,True,False
BGW-008,3,2019-10-26,84,57.18,2220.3,94.8,2.91,2.62,69.6,0.678,0.234,29.37,0.596,11.88,12307.5,5.7,0.51,True,False
BGW-008,3,2019-10-27,85,56.88,2243.8,86.0,2.68,2.61,61.4,0.683,0.234,24.44,0.606,9.62,11874.1,5.4,0.476,True,False
BGW-008,3,2019-10-28,86,56.59,2266.8,88.5,2.76,2.6,70.4,0.677,0.23,25.46,0.624,9.56,12181.6,5.26,0.498,True,False
BGW-008,3,2019-10-29,87,56.3,2289.5,90.0,2.65,2.58,65.7,0.677,0.228,24.71,0.569,10.65,12397.2,5.52,0.487,True,False
BGW-008,3,2019-10-30,88,56.03,2311.8,88.1,2.74,2.57,67.4,0.671,0.224,24.63,0.634,9.0,12359.1,5.49,0.51,True,False
BGW-008,3,2019-10-31,89,55.76,2333.7,87.9,2.48,2.56,69.5,0.674,0.223,22.18,0.636,8.07,12164.0,5.17,0.485,True,False
BGW-008,3,2019-11-01,90,55.5,2355.2,92.1,3.61,2.55,61.5,0.637,0.209,31.63,0.592,12.91,12306.1,6.57,0.675,True,False
BGW-008,3,2019-11-02,91,55.24,2376.3,87.8,3.52,2.54,65.1,0.637,0.208,29.23,0.638,10.57,12213.9,6.57,0.667,True,False
BGW-008,3,2019-11-03,92,55.0,2397.0,89.0,2.6,2.53,60.6,0.665,0.215,22.62,0.629,8.39,12212.0,5.59,0.511,True,False
BGW-008,3,2019-11-04,93,54.76,2417.4,87.5,2.49,2.52,60.4,0.665,0.214,21.18,0.658,7.25,11912.0,5.05,0.5,True,False
BGW-008,3,2019-11-05,94,54.53,2437.3,91.3,2.99,2.51,59.9,0.646,0.206,25.59,0.643,9.14,12362.6,5.81,0.584,True,False
BGW-008,3,2019-11-06,95,54.3,2456.9,87.2,2.61,2.5,59.1,0.656,0.208,21.51,0.636,7.84,12066.3,5.25,0.519,True,False
BGW-008,3,2019-11-07,96,54.08,2476.1,83.1,3.44,2.49,62.7,0.626,0.197,25.66,0.662,8.67,11807.4,6.05,0.667,True,False
BGW-008,3,2019-11-08,97,53.87,2494.9,89.2,2.51,2.48,68.4,0.655,0.205,20.85,0.714,5.97,12063.9,4.91,0.505,True,False
BGW-008,3,2019-11-09,98,53.66,2513.3,84.7,2.51,2.47,66.8,0.652,0.203,19.6,0.676,6.35,11956.3,5.37,0.507,True,False
BGW-008,3,2019-11-10,99,53.46,2531.4,90.0,3.52,2.46,62.0,0.616,0.191,27.42,0.672,8.99,12351.1,6.4,0.685,True,True
BGW-008,3,2019-11-11,100,53.26,2549.1,82.9,3.26,2.45,58.0,0.622,0.191,23.52,0.676,7.63,11807.7,6.04,0.642,True,False
BGW-008,3,2019-11-12,101,53.07,2566.4,85.8,2.59,2.44,62.9,0.642,0.196,19.84,0.693,6.09,12294.7,5.17,0.526,True,False
BGW-008,4,2019-11-22,1,157.41,152.6,97.9,5.08,5.01,90.4,0.898,0.786,177.36,0.166,147.88,12059.8,8.05,0.012,False,False
BGW-008,4,2019-11-23,2,154.07,163.5,100.0,4.96,4.98,85.5,0.9,0.784,176.62,0.129,153.84,12184.2,7.81,0.0,False,False
BGW-008,4,2019-11-24,3,150.83,175.0,100.0,5.12,4.95,83.0,0.894,0.775,180.5,0.155,152.45,11942.4,8.03,0.031,False,False
BGW-008,4,2019-11-25,4,147.69,187.1,100.0,6.5,4.92,83.9,0.847,0.731,215.84,0.184,176.05,12371.5,9.6,0.277,False,False
BGW-008,4,2019-11-26,5,144.64,199.8,99.4,4.78,4.89,91.3,0.9,0.772,166.87,0.144,142.86,11981.9,7.9,0.0,False,False
BGW-008,4,2019-11-27,6,141.68,213.2,98.1,4.84,4.85,82.5,0.9,0.767,165.48,0.197,132.91,12160.2,7.73,0.003,False,False
BGW-008,4,2019-11-28,7,138.81,227.2,98.6,4.67,4.82,88.3,0.9,0.762,159.5,0.175,131.61,12208.3,7.42,0.006,False,False
BGW-008,4,2019-11-29,8,136.03,241.9,98.9,4.97,4.79,86.8,0.894,0.752,168.02,0.207,133.31,12061.6,7.89,0.042,False,False
BGW-008,4,2019-11-30,9,133.34,257.3,97.9,4.59,4.75,89.4,0.9,0.752,153.62,0.189,124.65,12268.2,7.44,0.013,False,False
BGW-008,4,2019-12-01,10,130.72,273.4,100.0,4.6,4.71,83.5,0.9,0.746,155.96,0.226,120.69,12020.3,7.65,0.017,False,False
BGW-008,4,2019-12-02,11,128.18,290.1,100.0,4.86,4.68,84.0,0.894,0.736,162.42,0.224,126.1,12390.1,7.87,0.052,False,False
BGW-008,4,2019-12-03,12,125.72,307.5,99.2,4.48,4.64,82.0,0.9,0.734,148.43,0.19,120.29,12424.5,7.57,0.024,False,False
BGW-008,4,2019-12-04,13,123.34,325.7,100.0,5.58,4.6,87.2,0.867,0.702,177.99,0.171,147.57,12369.0,8.73,0.2,False,False
BGW-008,4,2019-12-05,14,121.02,344.5,96.9,6.5,4.56,85.4,0.835,0.67,191.68,0.23,147.67,12380.3,9.83,0.372,False,False
BGW-008,4,2019-12-06,15,118.78,364.1,97.7,4.85,4.52,92.3,0.889,0.706,152.05,0.272,110.72,12161.5,7.88,0.095,False,False
BGW-008,4,2019-12-07,16,116.6,384.4,100.0,4.53,4.48,84.9,0.899,0.706,145.32,0.26,107.51,12305.1,7.38,0.049,False,False
BGW-008,4,2019-12-08,17,114.49,405.3,100.0,6.02,4.44,88.0,0.847,0.659,180.25,0.17,149.67,12431.2,9.11,0.322,False,False
BGW-008,4,2019-12-09,18,112.45,427.0,99.6,4.31,4.4,93.3,0.897,0.69,134.82,0.244,101.88,12342.3,7.44,0.052,False,False
BGW-008,4,2019-12-10,19,110.46,449.3,98.2,5.94,4.36,76.4,0.842,0.641,169.8,0.252,127.09,12176.1,8.85,0.332,False,False
BGW-008,4,2019-12-11,20,108.53,472.3,100.0,5.23,4.32,87.3,0.861,0.648,154.09,0.257,114.41,12278.1,8.41,0.221,False,False
BGW-008,4,2019-12-12,21,106.67,496.0,100.0,4.45,4.28,86.4,0.883,0.657,132.9,0.263,97.9,12077.5,7.16,0.098,False,False
BGW-008,4,2019-12-13,22,104.86,520.4,97.9,5.17,4.24,86.9,0.855,0.628,144.48,0.288,102.85,12028.9,8.23,0.236,False,False
BGW-008,4,2019-12-14,23,103.1,545.4,100.0,4.11,4.2,88.6,0.883,0.64,119.75,0.264,88.18,12013.7,7.01,0.078,False,False
BGW-008,4,2019-12-15,24,101.4,571.0,100.0,4.63,4.16,90.7,0.864,0.619,130.29,0.295,91.82,12192.6,7.91,0.168,False,False
BGW-008,4,2019-12-16,25,99.74,597.3,100.0,5.92,4.11,83.6,0.817,0.577,155.27,0.255,115.69,12376.0,8.96,0.406,False,False
BGW-008,4,2019-12-17,26,98.14,624.1,100.0,5.68,4.07,78.6,0.82,0.572,147.66,0.306,102.55,12215.6,8.41,0.378,False,False
BGW-008,4,2019-12-18,27,96.59,651.6,97.5,3.87,4.03,91.2,0.871,0.599,102.78,0.311,70.8,12414.7,6.86,0.103,False,False
BGW-008,4,2019-12-19,28,95.08,679.6,100.0,4.06,3.99,81.0,0.865,0.586,108.2,0.291,76.74,12246.7,6.89,0.121,False,False
BGW-008,4,2019-12-20,29,93.62,708.1,94.3,4.21,3.95,86.1,0.855,0.572,103.12,0.297,72.53,11861.6,7.2,0.161,False,False
BGW-008,4,2019-12-21,30,92.2,737.2,96.8,3.74,3.91,88.0,0.861,0.567,93.21,0.33,62.43,12471.4,6.71,0.122,False,False
BGW-008,4,2019-12-22,31,90.82,766.7,100.0,5.52,3.87,72.7,0.802,0.52,130.63,0.32,88.78,12190.5,8.5,0.419,False,False
BGW-008,4,2019-12-23,32,89.49,796.7,98.5,3.78,3.83,88.8,0.854,0.546,92.46,0.316,63.21,12372.4,6.84,0.136,False,False
BGW-008,4,2019-12-24,33,88.2,827.2,97.6,4.63,3.79,82.9,0.822,0.518,106.39,0.274,77.26,12152.7,7.61,0.29,False,False
BGW-008,4,2019-12-25,34,86.94,858.0,96.1,3.84,3.75,77.4,0.843,0.523,87.84,0.308,60.81,12085.0,6.6,0.166,False,False
BGW-008,4,2019-12-26,35,85.73,889.3,96.9,5.27,3.71,77.7,0.791,0.483,112.13,0.326,75.61,12122.7,8.35,0.43,False,False
BGW-008,4,2019-12-27,36,84.55,920.9,93.9,5.1,3.67,71.4,0.791,0.476,103.62,0.373,64.97,12093.3,8.12,0.414,False,False
BGW-008,4,2019-12-28,37,83.4,952.8,99.2,3.71,3.63,75.5,0.833,0.493,82.56,0.335,54.93,12243.8,6.49,0.185,False,False
BGW-008,4,2019-12-29,38,82.29,985.0,100.0,4.22,3.6,79.6,0.811,0.472,90.72,0.345,59.45,12573.0,7.39,0.288,False,False
BGW-008,4,2019-12-30,39,81.22,1017.6,96.7,4.28,3.56,83.9,0.804,0.461,86.8,0.368,54.84,12012.0,7.02,0.312,False,False
BGW-008,4,2019-12-31,40,80.17,1050.3,92.4,3.87,3.53,76.8,0.813,0.459,74.63,0.372,46.89,11822.4,6.57,0.254,False,False
BGW-008,4,2020-01-01,41,79.16,1083.3,100.0,3.83,3.49,83.9,0.809,0.45,78.36,0.38,48.62,12304.6,6.62,0.261,False,False
BGW-008,4,2020-01-02,42,78.18,1116.4,99.2,3.9,3.46,79.5,0.801,0.439,77.16,0.408,45.72,12606.3,6.96,0.287,False,False
BGW-008,4,2020-01-03,43,77.23,1149.7,93.8,3.3,3.42,79.4,0.813,0.438,61.59,0.373,38.61,12212.1,6.14,0.216,False,False
BGW-008,4,2020-01-04,44,76.3,1183.2,91.6,3.84,3.39,74.4,0.793,0.421,67.35,0.375,42.1,11967.4,6.8,0.303,False,False
BGW-008,4,2020-01-05,45,75.41,1216.7,96.3,4.61,3.36,75.6,0.763,0.398,80.36,0.378,50.01,12566.6,7.75,0.45,True,False
BGW-008,4,2020-01-06,46,74.54,1250.3,94.5,3.21,3.32,80.8,0.801,0.412,56.81,0.404,33.84,12358.3,5.89,0.239,False,False
BGW-008,4,2020-01-07,47,73.7,1283.9,92.9,3.23,3.29,74.6,0.797,0.403,55.04,0.422,31.83,12315.5,6.05,0.246,False,False
BGW-008,4,2020-01-08,48,72.88,1317.6,92.1,3.15,3.26,80.0,0.793,0.395,52.1,0.431,29.66,12358.4,5.96,0.254,False,False
BGW-008,4,2020-01-09,49,72.09,1351.2,95.9,3.3,3.23,74.8,0.787,0.386,55.62,0.421,32.23,12139.2,5.91,0.275,False,False
BGW-008,4,2020-01-10,50,71.32,1384.8,93.9,3.57,3.2,72.6,0.773,0.374,57.02,0.437,32.12,12122.2,6.29,0.334,False,False
BGW-008,4,2020-01-11,51,70.57,1418.3,93.0,4.13,3.17,70.0,0.749,0.357,62.42,0.482,32.34,12269.1,7.15,0.445,False,False
BGW-008,4,2020-01-12,52,69.85,1451.8,90.5,4.41,3.14,72.1,0.735,0.345,62.56,0.435,35.37,12166.1,7.61,0.505,True,False
BGW-008,4,2020-01-13,53,69.15,1485.1,90.8,3.25,3.12,80.1,0.769,0.356,47.81,0.421,27.7,12064.1,6.3,0.316,False,False
BGW-008,4,2020-01-14,54,68.47,1518.2,95.6,3.91,3.09,69.1,0.742,0.339,57.61,0.416,33.63,12384.9,6.72,0.444,False,False
BGW-008,4,2020-01-15,55,67.81,1551.3,93.0,3.18,3.06,77.7,0.762,0.343,46.01,0.469,24.41,12082.2,6.0,0.327,False,False
BGW-008,4,2020-01-16,56,67.17,1584.1,92.8,3.1,3.04,77.9,0.76,0.337,44.1,0.469,23.41,12226.7,5.87,0.326,False,False
BGW-008,4,2020-01-17,57,66.55,1616.7,97.7,4.21,3.01,73.5,0.718,0.314,58.75,0.436,33.11,12398.9,6.97,0.532,True,False
BGW-008,4,2020-01-18,58,65.95,1649.1,90.2,2.92,2.99,74.7,0.754,0.326,39.02,0.463,20.97,11931.5,5.66,0.329,False,False
BGW-008,4,2020-01-19,59,65.37,1681.3,92.2,3.08,2.96,76.1,0.747,0.318,41.09,0.443,22.9,12078.0,5.98,0.357,False,False
BGW-008,4,2020-01-20,60,64.8,1713.2,93.5,2.96,2.94,77.2,0.746,0.314,39.38,0.449,21.68,12303.8,5.93,0.346,False,False
BGW-008,4,2020-01-21,61,64.25,1744.8,91.1,3.69,2.92,73.2,0.717,0.298,45.43,0.489,23.23,12126.8,6.63,0.486,True,False
BGW-008,4,2020-01-22,62,63.72,1776.1,90.6,2.97,2.9,73.7,0.737,0.302,36.9,0.506,18.23,12075.8,5.47,0.37,False,False
BGW-008,4,2020-01-23,63,63.2,1807.1,90.9,2.9,2.88,67.4,0.735,0.297,35.59,0.474,18.73,12064.8,5.36,0.369,False,False
BGW-008,4,2020-01-24,64,62.7,1837.8,93.2,2.89,2.85,70.6,0.731,0.292,35.8,0.485,18.44,12160.4,5.77,0.379,False,True
BGW-008,4,2020-01-25,65,62.22,1868.2,91.1,2.81,2.83,74.3,0.729,0.288,33.42,0.533,15.6,12312.5,5.35,0.379,False,False
BGW-008,4,2020-01-26,66,61.74,1898.2,91.8,2.89,2.81,70.6,0.723,0.282,34.04,0.47,18.04,12215.3,5.79,0.4,False,False
BGW-008,4,2020-01-27,67,61.29,1927.8,88.6,2.72,2.8,72.5,0.722,0.278,30.44,0.498,15.27,12298.4,5.51,0.393,False,False
BGW-008,4,2020-01-28,68,60.85,1957.1,91.3,2.64,2.78,66.2,0.718,0.274,30.03,0.502,14.95,12272.5,5.5,0.399,False,False
BGW-008,4,2020-01-29,69,60.42,1986.0,98.2,2.98,2.76,64.4,0.708,0.267,35.47,0.494,17.96,12303.9,5.75,0.445,False,False
BGW-008,4,2020-01-30,70,60.0,2014.5,86.1,3.82,2.74,66.4,0.676,0.252,37.66,0.511,18.43,11952.1,6.44,0.602,True,False
BGW-008,4,2020-01-31,71,59.6,2042.6,96.0,3.65,2.72,65.7,0.677,0.25,39.82,0.502,19.81,12369.3,6.5,0.581,True,False
BGW-008,4,2020-02-01,72,59.2,2070.3,91.0,2.62,2.71,66.1,0.705,0.257,27.91,0.521,13.36,11961.7,5.2,0.425,False,False
BGW-008,4,2020-02-02,73,58.82,2097.5,85.0,3.54,2.69,64.6,0.674,0.243,33.29,0.557,14.76,11696.6,6.31,0.58,True,False
BGW-008,4,2020-02-03,74,58.45,2124.4,87.2,3.2,2.68,67.5,0.681,0.244,30.86,0.527,14.58,11870.4,5.9,0.529,True,False
BGW-008,4,2020-02-04,75,58.1,2150.8,88.3,2.66,2.66,72.2,0.696,0.246,26.32,0.538,12.16,11988.7,5.6,0.444,False,False
BGW-008,4,2020-02-05,76,57.75,2176.8,91.1,2.74,2.65,63.8,0.689,0.242,27.45,0.563,11.98,12458.8,5.5,0.466,True,False
BGW-008,4,2020-02-06,77,57.41,2202.4,94.1,3.12,2.63,68.5,0.673,0.234,31.24,0.564,13.63,12337.6,5.76,0.541,True,False
BGW-008,4,2020-02-07,78,57.09,2227.6,93.9,3.16,2.62,69.6,0.669,0.23,31.06,0.605,12.26,12368.0,5.65,0.556,True,False
BGW-008,4,2020-02-08,79,56.77,2252.3,90.5,2.67,2.6,69.2,0.682,0.233,25.56,0.58,10.74,12197.7,5.24,0.479,True,False
BGW-008,4,2020-02-09,80,56.47,2276.5,94.7,2.85,2.59,64.1,0.672,0.227,27.92,0.602,11.11,12276.8,5.71,0.518,True,False
BGW-008,4,2020-02-10,81,56.17,2300.4,85.1,2.93,2.58,65.1,0.667,0.224,25.3,0.63,9.36,12175.2,5.67,0.539,True,False
BGW-008,4,2020-02-11,82,55.88,2323.8,88.9,2.49,2.56,68.8,0.676,0.225,22.64,0.626,8.46,12290.2,5.44,0.483,True,False
BGW-008,4,2020-02-12,83,55.6,2346.7,89.0,3.0,2.55,64.9,0.658,0.217,26.31,0.601,10.49,11967.9,5.88,0.566,True,False
BGW-008,4,2020-02-13,84,55.33,2369.2,84.7,3.66,2.54,59.5,0.633,0.207,29.19,0.595,11.83,11860.0,6.19,0.689,True,False
BGW-008,4,2020-02-14,85,55.06,2391.3,86.0,3.15,2.53,63.1,0.647,0.21,25.86,0.606,10.2,11896.4,6.09,0.607,True,False
BGW-008,4,2020-02-15,86,54.81,2413.0,84.0,2.73,2.52,62.5,0.658,0.212,22.1,0.636,8.05,12108.3,5.45,0.537,True,False
BGW-008,4,2020-02-16,87,54.56,2434.2,89.8,3.54,2.51,60.9,0.628,0.201,28.99,0.632,10.68,12266.2,6.34,0.68,True,False
BGW-008,4,2020-02-17,88,54.32,2454.9,86.7,2.52,2.5,66.2,0.66,0.209,20.77,0.607,8.17,12041.8,5.27,0.503,True,False
BGW-008,4,2020-02-18,89,54.09,2475.3,85.3,2.42,2.49,59.9,0.658,0.207,19.5,0.616,7.49,11876.4,5.17,0.5,True,True
BGW-008,4,2020-02-19,90,53.86,2495.2,83.2,3.14,2.48,62.4,0.634,0.198,23.55,0.673,7.7,11905.5,6.01,0.616,True,False
BGW-008,4,2020-02-20,91,53.64,2514.7,89.1,2.4,2.47,62.9,0.653,0.203,19.74,0.649,6.93,12256.1,4.93,0.5,True,False
BGW-008,4,2020-02-21,92,53.43,2533.8,85.0,2.42,2.46,63.3,0.651,0.201,18.79,0.626,7.02,12235.5,5.08,0.5,True,False
BGW-008,4,2020-02-22,93,53.23,2552.5,84.5,2.65,2.45,64.9,0.642,0.197,20.03,0.631,7.4,12153.2,5.44,0.534,True,False
BGW-008,4,2020-02-23,94,53.03,2570.8,85.4,2.34,2.44,65.5,0.647,0.197,17.94,0.648,6.32,11983.0,5.23,0.5,True,False
BGW-008,4,2020-02-24,95,52.83,2588.6,86.4,2.47,2.43,62.7,0.643,0.195,18.97,0.638,6.87,12033.5,5.35,0.507,True,False
BGW-008,4,2020-02-25,96,52.64,2606.1,81.9,2.56,2.42,60.5,0.638,0.192,18.37,0.674,5.98,11945.0,5.18,0.525,True,False
BGW-008,4,2020-02-26,97,52.46,2623.2,83.7,2.52,2.42,66.4,0.637,0.191,18.32,0.682,5.83,11907.2,5.09,0.518,True,False
BGW-008,4,2020-02-27,98,52.29,2639.9,87.0,2.45,2.41,60.2,0.637,0.19,18.39,0.7,5.52,12285.6,5.18,0.507,True,False
BGW-008,4,2020-02-28,99,52.11,2656.2,86.7,3.37,2.4,60.7,0.604,0.179,23.82,0.689,7.4,12167.6,6.26,0.67,True,False
BGW-008,4,2020-02-29,100,51.95,2672.1,86.0,2.48,2.39,62.6,0.632,0.186,18.1,0.698,5.47,12006.8,4.85,0.516,True,False
BGW-008,5,2020-03-10,1,146.37,192.4,100.0,5.24,4.9,81.0,0.889,0.765,182.14,0.183,148.72,12278.6,8.17,0.059,False,False
BGW-008,5,2020-03-11,2,142.65,208.7,100.0,4.83,4.86,88.1,0.9,0.769,168.63,0.164,140.9,12321.4,7.94,0.002,False,False
BGW-008,5,2020-03-12,3,139.06,226.0,97.3,5.0,4.82,87.3,0.894,0.758,167.56,0.179,137.57,12023.1,7.64,0.037,False,False
BGW-008,5,2020-03-13,4,135.61,244.3,100.0,4.97,4.78,87.8,0.894,0.751,169.72,0.18,139.22,12382.9,8.06,0.044,False,False
BGW-008,5,2020-03-14,5,132.29,263.6,100.0,4.65,4.74,89.9,0.9,0.75,158.52,0.187,128.94,12138.7,7.67,0.014,False,False
BGW-008,5,2020-03-15,6,129.09,284.0,100.0,6.44,4.69,83.7,0.842,0.694,203.33,0.191,164.45,12237.6,9.61,0.326,False,False
BGW-008,5,2020-03-16,7,126.01,305.5,100.0,6.46,4.64,79.5,0.84,0.686,201.23,0.226,155.81,12015.1,9.31,0.341,False,False
BGW-008,5,2020-03-17,8,123.04,328.0,100.0,5.47,4.6,87.6,0.871,0.704,175.0,0.226,135.4,12238.8,8.42,0.182,False,False
BGW-008,5,2020-03-18,9,120.19,351.7,100.0,5.01,4.55,90.2,0.885,0.707,160.94,0.261,118.89,12174.6,7.85,0.116,False,False
BGW-008,5,2020-03-19,10,117.44,376.4,98.8,4.42,4.5,86.7,0.9,0.71,140.88,0.257,104.73,12308.8,7.32,0.04,False,False
BGW-008,5,2020-03-20,11,114.8,402.2,100.0,4.31,4.45,82.7,0.9,0.701,137.2,0.24,104.34,12155.1,7.12,0.046,False,False
BGW-008,5,2020-03-21,12,112.25,429.1,96.4,5.71,4.4,80.1,0.853,0.656,164.08,0.255,122.18,12239.2,8.99,0.282,False,False
BGW-008,5,2020-03-22,13,109.8,457.1,99.3,4.16,4.35,81.1,0.893,0.677,127.23,0.229,98.06,12053.4,7.13,0.058,False,False
BGW-008,5,2020-03-23,14,107.44,486.1,97.1,4.33,4.3,92.0,0.889,0.664,126.89,0.295,89.51,11989.7,6.98,0.07,False,False
BGW-008,5,2020-03-24,15,105.17,516.1,97.9,4.29,4.25,79.8,0.885,0.651,124.4,0.262,91.78,12234.5,7.35,0.08,False,False
BGW-008,5,2020-03-25,16,102.98,547.1,99.2,4.32,4.19,85.9,0.879,0.637,124.0,0.276,89.74,12360.7,7.38,0.101,False,False
BGW-008,5,2020-03-26,17,100.88,579.1,97.1,4.5,4.14,78.8,0.867,0.618,122.77,0.299,86.03,12254.3,7.46,0.149,False,False
BGW-008,5,2020-03-27,18,98.85,612.1,98.2,4.09,4.09,87.3,0.875,0.614,112.18,0.311,77.32,12473.6,6.93,0.094,False,False
BGW-008,5,2020-03-28,19,96.9,645.9,96.7,4.07,4.04,89.2,0.87,0.6,107.22,0.315,73.46,12125.1,7.01,0.106,False,False
BGW-008,5,2020-03-29,20,95.02,680.7,100.0,5.64,3.99,76.0,0.812,0.55,141.02,0.349,91.76,12551.6,8.79,0.398,False,False
BGW-008,5,2020-03-30,21,93.21,716.3,97.3,4.23,3.94,88.7,0.853,0.568,106.29,0.338,70.4,12103.7,6.91,0.169,False,False
BGW-008,5,2020-03-31,22,91.47,752.6,100.0,4.28,3.89,86.8,0.846,0.553,107.44,0.338,71.08,12101.7,6.94,0.194,False,False
BGW-008,5,2020-04-01,23,89.8,789.7,96.1,3.87,3.84,85.0,0.853,0.547,92.6,0.344,60.79,11948.1,6.84,0.14,False,False
BGW-008,5,2020-04-02,24,88.18,827.5,97.8,3.75,3.79,78.8,0.85,0.535,89.13,0.378,55.4,12276.4,6.71,0.143,False,False
BGW-008,5,2020-04-03,25,86.63,865.9,98.2,4.75,3.74,80.7,0.812,0.502,106.31,0.366,67.44,12441.6,8.15,0.328,False,False
BGW-008,5,2020-04-04,26,85.14,904.9,98.5,3.71,3.69,77.0,0.84,0.509,84.63,0.438,47.53,12049.7,6.85,0.164,False,False
BGW-008,5,2020-04-05,27,83.7,944.4,100.0,4.71,3.64,78.4,0.801,0.476,101.91,0.358,65.37,12346.8,7.73,0.356,False,False
BGW-008,5,2020-04-06,28,82.31,984.5,99.5,3.52,3.6,77.4,0.832,0.485,77.11,0.382,47.62,12627.6,6.49,0.178,False,False
BGW-008,5,2020-04-07,29,80.98,1024.9,97.5,4.3,3.55,82.4,0.802,0.458,87.4,0.398,52.6,12495.5,7.13,0.319,False,False
BGW-008,5,2020-04-08,30,79.7,1065.7,91.8,4.07,3.51,79.5,0.804,0.45,76.53,0.39,46.7,12158.3,6.95,0.296,False,False
BGW-008,5,2020-04-09,31,78.46,1106.8,98.4,4.31,3.47,73.7,0.79,0.434,83.6,0.4,50.12,12423.6,7.34,0.353,False,False
BGW-008,5,2020-04-10,32,77.27,1148.2,98.4,4.82,3.42,76.2,0.766,0.413,88.95,0.412,52.3,12168.2,7.71,0.459,True,False
BGW-008,5,2020-04-11,33,76.13,1189.7,95.1,3.49,3.38,82.8,0.804,0.425,64.13,0.415,37.53,12026.7,6.43,0.244,False,False
BGW-008,5,2020-04-12,34,75.02,1231.4,92.8,3.63,3.34,80.1,0.793,0.411,63.01,0.435,35.6,11967.3,6.47,0.285,False,False
BGW-008,5,2020-04-13,35,73.96,1273.2,94.3,3.29,3.3,76.5,0.798,0.406,57.37,0.484,29.62,12241.6,6.2,0.244,False,False
BGW-008,5,2020-04-14,36,72.94,1315.0,96.8,3.17,3.26,74.2,0.793,0.396,55.2,0.455,30.1,12221.2,6.3,0.253,False,False
BGW-008,5,2020-04-15,37,71.96,1356.8,96.8,3.16,3.23,74.3,0.788,0.386,53.69,0.46,28.98,12344.1,6.11,0.263,False,False
BGW-008,5,2020-04-16,38,71.01,1398.5,95.5,3.23,3.19,76.2,0.782,0.376,52.81,0.535,24.56,12243.6,5.69,0.28,False,False
BGW-008,5,2020-04-17,39,70.1,1440.1,100.0,3.5,3.15,76.0,0.767,0.362,57.59,0.536,26.73,12503.1,6.41,0.342,False,False
BGW-008,5,2020-04-18,40,69.22,1481.6,92.6,3.11,3.12,73.3,0.774,0.359,46.88,0.479,24.43,12234.9,6.21,0.291,False,False
BGW-008,5,2020-04-19,41,68.38,1522.8,91.2,3.09,3.09,70.0,0.769,0.35,44.86,0.54,20.63,12346.6,5.91,0.301,False,False
BGW-008,5,2020-04-20,42,67.56,1563.8,90.5,4.18,3.05,73.0,0.727,0.325,55.88,0.501,27.88,12178.3,6.98,0.507,True,False
BGW-008,5,2020-04-21,43,66.78,1604.5,95.4,3.11,3.02,78.0,0.757,0.333,44.8,0.548,20.26,12190.8,5.87,0.334,False,False
BGW-008,5,2020-04-22,44,66.03,1644.8,94.6,3.04,2.99,71.3,0.753,0.326,42.55,0.537,19.72,12334.7,6.1,0.336,False,False
BGW-008,5,2020-04-23,45,65.3,1684.8,96.2,3.58,2.96,75.1,0.729,0.31,48.59,0.51,23.82,12332.4,6.48,0.446,False,False
BGW-008,5,2020-04-24,46,64.6,1724.3,92.4,3.28,2.93,76.5,0.734,0.307,42.27,0.544,19.29,12185.6,5.97,0.407,False,False
BGW-008,5,2020-04-25,47,63.93,1763.5,97.2,3.5,2.91,72.9,0.721,0.297,45.89,0.577,19.4,12623.8,6.46,0.459,True,False
BGW-008,5,2020-04-26,48,63.28,1802.1,91.6,2.81,2.88,68.4,0.736,0.299,34.88,0.611,13.58,12109.2,5.39,0.364,False,False
BGW-008,5,2020-04-27,49,62.66,1840.3,90.0,2.83,2.85,74.6,0.732,0.292,33.82,0.562,14.82,12113.7,5.53,0.373,False,False
BGW-008,5,2020-04-28,50,62.06,1877.9,96.5,3.22,2.83,72.8,0.715,0.281,39.64,0.582,16.56,12214.3,6.13,0.449,False,False
BGW-008,5,2020-04-29,51,61.48,1915.0,92.8,2.91,2.8,65.8,0.72,0.279,34.2,0.611,13.32,12242.8,5.7,0.408,False,False
BGW-008,5,2020-04-30,52,60.93,1951.5,88.0,2.84,2.78,71.1,0.717,0.274,31.13,0.622,11.77,12089.9,5.41,0.409,False,False
BGW-008,5,2020-05-01,53,60.39,1987.5,91.7,3.68,2.76,66.3,0.684,0.258,39.52,0.597,15.94,12007.8,6.5,0.568,True,False
BGW-008,5,2020-05-02,54,59.88,2022.8,96.9,3.13,2.74,65.4,0.697,0.259,35.76,0.595,14.48,12425.5,6.18,0.484,True,False
BGW-008,5,2020-05-03,55,59.38,2057.5,94.6,2.99,2.71,71.0,0.697,0.256,32.91,0.628,12.24,12386.4,5.97,0.471,True,False
BGW-008,5,2020-05-04,56,58.91,2091.6,89.9,2.7,2.69,64.3,0.702,0.254,28.06,0.637,10.17,12294.2,5.63,0.431,False,False
BGW-008,5,2020-05-05,57,58.45,2125.0,89.4,2.6,2.67,72.3,0.699,0.25,26.41,0.643,9.42,11934.7,5.47,0.437,False,False
BGW-008,5,2020-05-06,58,58.0,2157.8,96.1,2.81,2.66,68.1,0.69,0.244,29.87,0.687,9.34,12534.2,5.4,0.471,True,False
BGW-008,5,2020-05-07,59,57.58,2189.9,85.7,3.36,2.64,62.7,0.667,0.233,30.5,0.654,10.57,12073.6,6.09,0.579,True,False
BGW-008,5,2020-05-08,60,57.17,2221.3,95.5,3.38,2.62,61.9,0.662,0.228,33.52,0.682,10.65,12248.9,6.33,0.593,True,False
BGW-008,5,2020-05-09,61,56.77,2252.1,87.0,3.53,2.6,61.0,0.653,0.223,31.08,0.714,8.89,12083.8,6.32,0.628,True,False
BGW-009,1,2019-06-02,1,179.69,78.6,100.0,5.25,5.22,83.7,0.899,0.81,193.01,0.135,166.97,11975.1,8.27,0.005,False,False
BGW-009,1,2019-06-03,2,176.5,83.4,96.2,6.5,5.2,82.8,0.857,0.77,218.96,0.129,190.71,11981.0,9.53,0.227,False,False
BGW-009,1,2019-06-04,3,173.39,88.5,100.0,5.31,5.19,89.6,0.896,0.804,194.06,0.17,161.0,12111.9,8.08,0.022,False,False
BGW-009,1,2019-06-05,4,170.35,93.8,97.0,5.18,5.17,84.3,0.9,0.806,184.02,0.161,154.39,11740.3,7.98,0.001,False,False
BGW-009,1,2019-06-06,5,167.38,99.4,100.0,5.24,5.15,93.5,0.897,0.802,190.99,0.164,159.67,11892.3,8.01,0.015,False,False
BGW-009,1,2019-06-07,6,164.49,105.2,100.0,5.37,5.14,87.1,0.892,0.796,194.14,0.16,163.14,12109.3,8.42,0.04,False,False
BGW-009,1,2019-06-08,7,161.67,111.3,100.0,5.11,5.12,91.8,0.9,0.801,185.92,0.208,147.33,11869.3,7.89,0.0,False,False
BGW-009,1,2019-06-09,8,158.91,117.7,99.1,6.5,5.1,77.7,0.853,0.757,221.83,0.183,181.14,12080.8,9.61,0.245,False,False
BGW-009,1,2019-06-10,9,156.22,124.3,100.0,5.05,5.08,83.0,0.9,0.797,182.71,0.156,154.24,12147.8,8.22,0.0,False,False
BGW-009,1,2019-06-11,10,153.6,131.3,100.0,4.86,5.06,93.7,0.9,0.795,175.35,0.194,141.28,12068.0,7.48,0.0,False,False
BGW-009,1,2019-06-12,11,151.04,138.6,97.6,5.03,5.04,84.0,0.9,0.792,176.77,0.167,147.23,12080.2,7.91,0.0,False,False
BGW-009,1,2019-06-13,12,148.54,146.1,100.0,4.84,5.02,90.0,0.9,0.79,173.82,0.206,137.93,12170.1,7.88,0.0,False,False
BGW-009,1,2019-06-14,13,146.1,154.0,100.0,5.19,5.0,85.5,0.894,0.782,184.36,0.206,146.41,12056.3,7.99,0.033,False,False
BGW-009,1,2019-06-15,14,143.72,162.1,96.9,5.84,4.98,90.2,0.871,0.76,195.44,0.251,146.35,12139.2,8.99,0.15,False,False
BGW-009,1,2019-06-16,15,141.4,170.6,95.2,5.3,4.96,86.7,0.889,0.772,177.03,0.196,142.27,11905.5,7.91,0.06,False,False
BGW-009,1,2019-06-17,16,139.14,179.5,100.0,6.5,4.94,83.9,0.848,0.734,216.72,0.238,165.24,12414.2,10.01,0.274,False,False
BGW-009,1,2019-06-18,17,136.92,188.6,100.0,4.69,4.91,81.1,0.9,0.776,165.28,0.244,125.03,12778.0,8.07,0.0,False,False
BGW-009,1,2019-06-19,18,134.77,198.1,100.0,5.04,4.89,85.3,0.895,0.768,175.82,0.233,134.91,12017.2,8.02,0.026,False,False
BGW-009,1,2019-06-20,19,132.66,207.9,100.0,4.81,4.87,89.6,0.9,0.769,168.21,0.232,129.21,12066.6,7.69,0.002,False,False
BGW-009,1,2019-06-21,20,130.6,218.0,98.7,5.04,4.84,91.0,0.893,0.76,171.88,0.228,132.64,12139.8,7.93,0.039,False,False
BGW-009,1,2019-06-22,21,128.6,228.5,100.0,4.64,4.82,93.3,0.9,0.762,160.58,0.281,115.5,12025.4,7.56,0.006,False,False
BGW-009,1,2019-06-23,22,126.64,239.4,96.8,5.28,4.79,82.5,0.884,0.744,173.04,0.272,125.93,11809.0,8.16,0.095,False,False
BGW-009,1,2019-06-24,23,124.73,250.5,99.2,4.62,4.77,83.7,0.9,0.754,157.26,0.272,114.42,12114.5,7.6,0.011,False,False
BGW-009,1,2019-06-25,24,122.87,262.1,99.6,5.31,4.74,92.3,0.881,0.734,176.52,0.285,126.18,12055.4,8.34,0.114,False,False
BGW-009,1,2019-06-26,25,121.05,273.9,99.8,5.98,4.71,83.3,0.858,0.711,193.02,0.274,140.2,12434.1,8.95,0.239,False,False
BGW-009,1,2019-06-27,26,119.27,286.1,100.0,4.56,4.69,84.0,0.9,0.742,153.88,0.267,112.73,12004.4,7.42,0.02,False,False
BGW-009,1,2019-06-28,27,117.54,298.7,100.0,4.44,4.66,91.3,0.9,0.737,148.72,0.295,104.87,12559.5,7.34,0.022,False,False
BGW-009,1,2019-06-29,28,115.85,311.6,100.0,6.38,4.63,80.1,0.842,0.686,198.74,0.293,140.54,12114.5,9.52,0.331,False,False
BGW-009,1,2019-06-30,29,114.2,324.8,100.0,4.48,4.6,82.8,0.9,0.728,148.35,0.29,105.27,12142.0,7.6,0.028,False,False
BGW-009,1,2019-07-01,30,112.59,338.4,99.9,4.64,4.58,92.6,0.898,0.722,152.2,0.305,105.74,12237.0,7.63,0.043,False,False
BGW-009,1,2019-07-02,31,111.01,352.3,99.6,4.58,4.55,91.4,0.899,0.718,148.89,0.296,104.86,12197.2,7.67,0.041,False,False
BGW-009,1,2019-07-03,32,109.48,366.6,95.1,5.55,4.52,85.7,0.865,0.686,164.83,0.3,115.38,11854.4,8.53,0.219,False,False
BGW-009,1,2019-07-04,33,107.98,381.2,100.0,4.96,4.49,83.0,0.884,0.696,156.89,0.307,108.75,12174.9,7.7,0.123,False,False
BGW-009,1,2019-07-05,34,106.52,396.1,99.7,4.27,4.46,88.9,0.9,0.703,136.03,0.364,86.51,12216.5,6.97,0.045,False,False
BGW-009,1,2019-07-06,35,105.1,411.3,95.5,6.37,4.43,79.0,0.834,0.647,178.9,0.316,122.44,11842.2,9.3,0.387,False,False
BGW-009,1,2019-07-07,36,103.71,426.8,100.0,6.17,4.4,87.3,0.838,0.645,180.94,0.31,124.85,12365.8,9.16,0.361,False,False
BGW-009,1,2019-07-08,37,102.35,442.7,100.0,6.06,4.37,77.4,0.839,0.641,176.45,0.32,119.94,12391.3,9.13,0.35,False,False
BGW-009,1,2019-07-09,38,101.02,458.8,100.0,4.6,4.35,82.8,0.885,0.67,140.05,0.335,93.16,12041.4,7.52,0.103,False,False
BGW-009,1,2019-07-10,39,99.73,475.3,100.0,4.3,4.32,86.8,0.891,0.67,130.97,0.339,86.59,12222.0,7.22,0.063,False,False
BGW-009,1,2019-07-11,40,98.47,492.0,100.0,5.25,4.29,84.3,0.857,0.639,152.43,0.382,94.23,12178.4,8.02,0.235,False,False
BGW-009,1,2019-07-12,41,97.24,509.0,100.0,5.03,4.26,88.5,0.861,0.636,145.54,0.348,94.89,12427.7,8.05,0.206,False,False
BGW-009,1,2019-07-13,42,96.04,526.3,97.2,4.11,4.23,86.0,0.885,0.648,117.62,0.356,75.81,12075.3,6.91,0.074,False,False
BGW-009,1,2019-07-14,43,94.86,543.9,99.1,4.26,4.2,92.3,0.881,0.64,122.74,0.393,74.56,12148.4,7.14,0.089,False,False
BGW-009,1,2019-07-15,44,93.72,561.7,100.0,4.29,4.17,92.1,0.877,0.631,123.1,0.333,82.17,12212.2,7.15,0.104,False,False
BGW-009,1,2019-07-16,45,92.6,579.7,100.0,5.9,4.14,84.7,0.821,0.585,156.73,0.379,97.3,12338.2,9.02,0.393,False,False
BGW-009,1,2019-07-17,46,91.51,598.0,98.1,4.14,4.11,88.1,0.876,0.619,114.34,0.4,68.63,11958.9,6.94,0.096,False,False
BGW-009,1,2019-07-18,47,90.45,616.5,96.5,5.47,4.08,81.1,0.828,0.58,139.12,0.36,88.98,12188.0,8.31,0.338,False,False
BGW-009,1,2019-07-19,48,89.41,635.2,100.0,5.77,4.06,79.7,0.815,0.565,148.21,0.392,90.14,12291.1,8.9,0.399,False,False
BGW-009,1,2019-07-20,49,88.4,654.1,96.7,4.15,4.03,81.6,0.866,0.595,108.45,0.385,66.68,12199.6,7.0,0.125,False,False
BGW-009,1,2019-07-21,50,87.41,673.3,100.0,5.21,4.0,77.2,0.828,0.563,133.36,0.436,75.22,12205.8,8.35,0.32,False,False
BGW-009,1,2019-07-22,51,86.45,692.6,97.0,3.85,3.97,79.6,0.866,0.583,98.99,0.392,60.19,12204.3,6.67,0.112,False,False
BGW-009,1,2019-07-23,52,85.51,712.1,100.0,3.77,3.94,78.4,0.864,0.576,98.62,0.429,56.29,12256.4,6.63,0.116,False,False
BGW-009,1,2019-07-24,53,84.59,731.7,100.0,5.49,3.92,75.4,0.809,0.534,133.21,0.427,76.38,12485.2,8.66,0.396,False,False
BGW-009,1,2019-07-25,54,83.69,751.5,100.0,4.03,3.89,77.9,0.854,0.559,102.31,0.387,62.75,12493.0,7.09,0.15,False,False
BGW-009,1,2019-07-26,55,82.81,771.4,96.9,4.13,3.86,81.7,0.848,0.549,99.73,0.432,56.66,12093.7,7.08,0.176,False,False
BGW-009,1,2019-07-27,56,81.96,791.5,99.1,3.99,3.83,83.1,0.849,0.544,97.71,0.435,55.24,12342.2,6.64,0.161,False,False
BGW-009,1,2019-07-28,57,81.13,811.6,99.3,3.88,3.81,86.1,0.85,0.539,94.39,0.422,54.55,12505.9,6.6,0.151,False,False
BGW-009,1,2019-07-29,58,80.31,831.9,100.0,3.93,3.78,84.5,0.845,0.531,94.81,0.416,55.39,12281.7,6.73,0.17,False,False
BGW-009,1,2019-07-30,59,79.52,852.3,98.0,3.84,3.76,81.7,0.844,0.525,89.86,0.439,50.41,12290.1,6.52,0.163,False,False
BGW-009,1,2019-07-31,60,78.75,872.7,95.0,3.69,3.73,85.9,0.845,0.52,82.74,0.444,46.03,12301.2,6.71,0.153,False,False
BGW-009,1,2019-08-01,61,77.99,893.3,97.0,3.61,3.71,85.8,0.842,0.513,81.66,0.423,47.13,12259.2,6.26,0.158,False,False
BGW-009,1,2019-08-02,62,77.25,913.8,93.4,3.97,3.68,83.8,0.831,0.501,84.32,0.462,45.37,11968.0,6.62,0.212,False,False
BGW-009,1,2019-08-03,63,76.53,934.5,97.9,4.97,3.66,77.0,0.794,0.474,104.92,0.468,55.82,12171.5,8.06,0.397,False,False
BGW-009,1,2019-08-04,64,75.83,955.1,99.8,3.73,3.63,78.3,0.832,0.492,83.27,0.5,41.65,12268.1,6.82,0.189,False,False
BGW-009,1,2019-08-05,65,75.15,975.8,100.0,4.83,3.61,79.9,0.792,0.464,101.83,0.504,50.51,12497.6,7.77,0.391,False,False
BGW-009,1,2019-08-06,66,74.48,996.5,98.3,4.97,3.58,72.6,0.784,0.454,100.89,0.452,55.27,12068.7,8.15,0.423,False,False
BGW-009,1,2019-08-07,67,73.82,1017.2,95.6,3.53,3.56,86.5,0.828,0.475,72.88,0.459,39.43,12158.9,6.36,0.186,False,False
BGW-009,1,2019-08-08,68,73.19,1037.9,94.5,4.58,3.54,73.5,0.791,0.449,88.36,0.466,47.18,12052.3,7.29,0.372,False,False
BGW-009,1,2019-08-09,69,72.57,1058.6,96.1,3.61,3.52,75.3,0.82,0.461,72.73,0.515,35.26,12476.0,6.74,0.211,False,False
BGW-009,1,2019-08-10,70,71.96,1079.3,100.0,4.01,3.49,81.0,0.804,0.448,81.52,0.52,39.14,12404.3,7.06,0.29,False,False
BGW-009,1,2019-08-11,71,71.37,1099.9,91.7,4.47,3.47,74.4,0.785,0.433,80.65,0.477,42.19,12049.6,7.59,0.379,False,False
BGW-009,1,2019-08-12,72,70.79,1120.5,93.8,3.38,3.45,75.2,0.816,0.446,64.12,0.491,32.65,12182.4,6.19,0.209,False,False
BGW-009,1,2019-08-13,73,70.22,1141.0,100.0,3.71,3.43,73.4,0.804,0.435,73.27,0.495,36.97,12366.6,6.44,0.262,False,False
BGW-009,1,2019-08-14,74,69.67,1161.4,99.1,4.45,3.41,79.0,0.776,0.416,83.38,0.523,39.79,12076.3,7.15,0.401,False,False
BGW-009,1,2019-08-15,75,69.14,1181.8,93.2,3.39,3.39,82.6,0.809,0.429,61.57,0.512,30.04,11942.9,6.37,0.223,False,False
BGW-009,1,2019-08-16,76,68.61,1202.1,96.1,3.47,3.37,81.4,0.803,0.422,64.0,0.535,29.74,12360.4,6.61,0.246,False,False
BGW-009,1,2019-08-17,77,68.1,1222.3,94.9,3.35,3.35,79.5,0.804,0.419,60.51,0.555,26.95,12333.7,6.36,0.233,False,False
BGW-009,1,2019-08-18,78,67.6,1242.4,97.5,3.41,3.33,74.8,0.799,0.412,62.32,0.558,27.57,12405.6,6.23,0.251,False,False
BGW-009,1,2019-08-19,79,67.12,1262.4,96.4,3.28,3.31,75.5,0.799,0.409,58.72,0.526,27.85,12273.2,6.0,0.241,False,False
BGW-009,1,2019-08-20,80,66.64,1282.3,96.3,3.44,3.29,79.0,0.792,0.401,60.49,0.581,25.34,12421.7,6.21,0.272,False,False
BGW-009,1,2019-08-21,81,66.18,1302.0,98.5,4.7,3.27,71.5,0.747,0.375,78.98,0.569,34.06,12592.4,8.11,0.5,True,False
BGW-009,1,2019-08-22,82,65.72,1321.6,96.0,3.22,3.26,75.1,0.792,0.394,55.51,0.556,24.62,12546.4,6.24,0.255,False,False
BGW-009,1,2019-08-23,83,65.28,1341.1,99.3,4.47,3.24,76.6,0.749,0.37,74.57,0.561,32.7,12531.0,7.66,0.475,True,False
BGW-009,1,2019-08-24,84,64.85,1360.5,97.1,3.45,3.22,78.9,0.78,0.382,58.16,0.563,25.4,12392.1,6.22,0.304,False,False
BGW-009,1,2019-08-25,85,64.43,1379.7,91.2,4.5,3.21,69.8,0.742,0.36,67.22,0.574,28.65,11901.5,7.26,0.495,True,False
BGW-009,1,2019-08-26,86,64.02,1398.7,90.4,3.92,3.19,75.0,0.759,0.365,58.86,0.572,25.2,12376.3,6.76,0.401,False,False
BGW-009,1,2019-08-27,87,63.62,1417.6,94.9,3.46,3.17,80.2,0.772,0.368,54.91,0.592,22.41,11958.3,6.22,0.327,False,False
BGW-009,1,2019-08-28,88,63.23,1436.3,91.8,3.04,3.16,79.5,0.779,0.368,46.69,0.639,16.84,12021.6,5.58,0.281,False,False
BGW-009,1,2019-08-29,89,62.85,1454.8,94.2,3.09,3.14,71.4,0.777,0.364,48.19,0.608,18.89,12017.0,5.81,0.285,False,False
BGW-009,1,2019-08-30,90,62.47,1473.2,93.9,3.81,3.13,76.7,0.752,0.35,56.92,0.599,22.81,12030.2,6.45,0.409,False,False
BGW-009,1,2019-08-31,91,62.11,1491.4,95.5,2.96,3.11,75.9,0.773,0.357,45.85,0.592,18.72,12324.1,5.6,0.294,False,False
BGW-009,1,2019-09-01,92,61.76,1509.4,91.7,4.45,3.1,74.7,0.725,0.332,61.67,0.585,25.56,11974.9,7.22,0.535,True,False
BGW-009,1,2019-09-02,93,61.41,1527.2,88.5,4.02,3.08,67.7,0.737,0.335,54.21,0.642,19.43,11737.9,6.86,0.466,True,False
BGW-009,1,2019-09-03,94,61.07,1544.9,89.7,3.88,3.07,74.8,0.739,0.334,52.79,0.592,21.55,12209.6,6.76,0.448,False,False
BGW-009,1,2019-09-04,95,60.74,1562.3,100.0,3.3,3.05,76.9,0.756,0.339,50.8,0.643,18.11,12467.4,6.14,0.353,False,False
BGW-009,1,2019-09-05,96,60.42,1579.6,92.0,3.91,3.04,69.4,0.733,0.326,53.29,0.632,19.64,12454.3,6.88,0.465,True,False
BGW-009,1,2019-09-06,97,60.11,1596.6,94.2,4.09,3.03,73.2,0.725,0.32,55.99,0.599,22.44,12287.0,7.0,0.503,True,False
BGW-009,1,2019-09-07,98,59.8,1613.4,93.8,2.87,3.01,71.3,0.758,0.332,40.7,0.658,13.92,12158.7,5.6,0.321,False,False
BGW-009,1,2019-09-08,99,59.5,1630.1,94.7,2.86,3.0,71.6,0.756,0.329,40.54,0.621,15.38,12269.6,5.84,0.325,False,False
BGW-009,1,2019-09-09,100,59.21,1646.5,88.4,3.48,2.99,75.1,0.738,0.319,44.65,0.659,15.24,12263.6,6.33,0.415,False,False
BGW-009,1,2019-09-10,101,58.93,1662.7,90.9,3.11,2.98,67.6,0.748,0.321,41.32,0.626,15.44,12196.2,6.01,0.356,False,False
BGW-009,1,2019-09-11,102,58.65,1678.7,100.0,3.95,2.97,69.0,0.718,0.306,54.91,0.676,17.77,12550.1,6.95,0.507,True,False
BGW-009,1,2019-09-12,103,58.38,1694.5,90.0,3.08,2.95,75.3,0.745,0.315,39.76,0.679,12.78,12012.3,5.9,0.362,False,False
BGW-009,1,2019-09-13,104,58.11,1710.1,92.5,2.97,2.94,70.7,0.746,0.314,39.23,0.669,12.98,12277.0,5.83,0.348,False,False
BGW-009,1,2019-09-14,105,57.85,1725.5,92.8,2.92,2.93,76.1,0.745,0.312,38.43,0.644,13.69,12370.2,5.76,0.347,False,False
BGW-009,1,2019-09-15,106,57.6,1740.6,91.4,3.02,2.92,67.3,0.74,0.308,38.63,0.697,11.69,12160.3,5.68,0.368,False,False
BGW-009,1,2019-09-16,107,57.36,1755.6,91.1,2.93,2.91,67.9,0.741,0.306,37.18,0.684,11.75,11956.3,5.67,0.357,False,False
BGW-009,1,2019-09-17,108,57.12,1770.3,89.8,3.03,2.9,69.6,0.736,0.302,37.37,0.704,11.06,12005.6,5.7,0.379,False,False
BGW-009,1,2019-09-18,109,56.88,1784.8,98.2,3.16,2.89,68.6,0.73,0.298,41.94,0.667,13.99,12646.8,6.12,0.407,False,False
BGW-009,2,2019-09-29,1,158.49,118.7,98.5,4.98,5.1,91.6,0.9,0.798,177.79,0.145,152.03,12142.9,7.62,0.0,False,False
BGW-009,2,2019-09-30,2,155.19,127.0,100.0,4.92,5.08,87.1,0.9,0.796,177.96,0.201,142.23,12018.0,7.84,0.0,False,False
BGW-009,2,2019-10-01,3,151.99,135.8,96.9,6.28,5.05,82.6,0.859,0.757,209.3,0.147,178.6,12025.0,9.17,0.215,False,False
BGW-009,2,2019-10-02,4,148.88,145.1,97.4,5.21,5.03,93.7,0.894,0.785,181.18,0.174,149.58,12193.7,8.22,0.033,False,False
BGW-009,2,2019-10-03,5,145.86,154.8,100.0,4.8,5.0,83.3,0.9,0.787,171.8,0.173,142.02,11902.5,7.58,0.0,False,False
BGW-009,2,2019-10-04,6,142.94,165.0,97.0,6.5,4.97,80.1,0.849,0.739,211.75,0.215,166.32,12006.1,9.51,0.267,False,False
BGW-009,2,2019-10-05,7,140.1,175.6,97.9,4.83,4.95,93.2,0.9,0.78,167.53,0.172,138.74,12238.7,7.72,0.0,False,False
BGW-009,2,2019-10-06,8,137.35,186.8,100.0,4.96,4.92,81.8,0.899,0.775,174.61,0.211,137.8,11971.2,7.86,0.007,False,False
BGW-009,2,2019-10-07,9,134.68,198.5,100.0,4.89,4.89,88.4,0.9,0.772,171.53,0.244,129.74,12144.8,7.89,0.0,False,False
BGW-009,2,2019-10-08,10,132.08,210.7,99.5,4.63,4.86,83.5,0.9,0.768,160.65,0.268,117.57,12037.0,7.3,0.002,False,False
BGW-009,2,2019-10-09,11,129.57,223.4,97.8,4.74,4.83,88.5,0.9,0.764,160.84,0.245,121.37,12059.1,7.69,0.005,False,False
BGW-009,2,2019-10-10,12,127.13,236.6,100.0,5.67,4.8,83.6,0.871,0.735,189.19,0.245,142.89,12083.3,8.45,0.16,False,False
BGW-009,2,2019-10-11,13,124.76,250.4,100.0,5.67,4.77,79.2,0.87,0.729,188.01,0.296,132.35,12035.7,8.57,0.171,False,False
BGW-009,2,2019-10-12,14,122.46,264.6,100.0,5.0,4.73,89.0,0.891,0.742,168.55,0.285,120.53,12053.8,8.0,0.061,False,False
BGW-009,2,2019-10-13,15,120.23,279.5,100.0,6.5,4.7,80.2,0.84,0.695,205.2,0.3,143.65,12146.3,9.76,0.333,False,False
BGW-009,2,2019-10-14,16,118.07,294.8,97.5,4.66,4.67,93.4,0.9,0.739,152.51,0.313,104.79,12125.0,7.68,0.022,False,False
BGW-009,2,2019-10-15,17,115.97,310.6,100.0,6.03,4.63,77.7,0.854,0.695,190.49,0.302,133.01,11875.4,8.96,0.269,False,False
BGW-009,2,2019-10-16,18,113.93,327.0,100.0,6.16,4.6,76.6,0.848,0.686,191.82,0.327,129.01,12052.8,9.19,0.301,False,False
BGW-009,2,2019-10-17,19,111.96,343.9,100.0,6.21,4.56,87.6,0.845,0.678,191.21,0.326,128.86,12316.5,9.54,0.32,False,False
BGW-009,2,2019-10-18,20,110.04,361.3,100.0,4.66,4.53,82.4,0.895,0.712,150.93,0.319,102.83,12105.3,7.88,0.06,False,False
BGW-009,2,2019-10-19,21,108.18,379.2,96.0,5.3,4.49,84.2,0.873,0.688,159.12,0.373,99.78,11899.2,8.11,0.182,False,False
BGW-009,2,2019-10-20,22,106.37,397.7,97.3,4.44,4.46,85.0,0.9,0.703,137.79,0.373,86.43,12131.7,7.42,0.045,False,False
BGW-009,2,2019-10-21,23,104.62,416.6,100.0,4.5,4.42,82.8,0.895,0.693,141.76,0.374,88.79,12006.8,7.36,0.063,False,False
BGW-009,2,2019-10-22,24,102.92,435.9,100.0,4.9,4.39,91.2,0.879,0.673,149.94,0.436,84.53,12129.2,7.86,0.143,False,False
BGW-009,2,2019-10-23,25,101.27,455.8,100.0,5.44,4.35,89.7,0.857,0.65,160.9,0.414,94.28,12187.8,8.65,0.25,False,False
BGW-009,2,2019-10-24,26,99.67,476.1,100.0,4.27,4.31,86.6,0.891,0.669,129.91,0.376,81.07,12317.4,7.21,0.063,False,False
BGW-009,2,2019-10-25,27,98.12,496.8,98.0,5.33,4.28,77.3,0.854,0.635,150.64,0.437,84.82,12192.7,8.63,0.252,False,False
BGW-009,2,2019-10-26,28,96.61,518.0,100.0,4.65,4.24,82.9,0.873,0.642,135.7,0.437,76.34,12564.3,7.42,0.144,False,False
BGW-009,2,2019-10-27,29,95.15,539.5,100.0,5.26,4.21,83.2,0.849,0.617,147.62,0.445,81.96,12484.8,8.59,0.262,False,False
BGW-009,2,2019-10-28,30,93.73,561.5,100.0,5.46,4.17,82.7,0.838,0.603,149.74,0.477,78.29,12239.3,8.16,0.309,False,False
BGW-009,2,2019-10-29,31,92.36,583.8,100.0,5.68,4.13,76.2,0.827,0.588,151.92,0.516,73.55,12539.4,9.02,0.358,False,False
BGW-009,2,2019-10-30,32,91.02,606.5,100.0,4.76,4.1,88.8,0.854,0.601,129.87,0.474,68.28,12436.6,7.76,0.208,False,False
BGW-009,2,2019-10-31,33,89.72,629.5,97.4,4.44,4.06,80.2,0.861,0.598,117.68,0.497,59.23,12360.0,7.28,0.164,False,False
BGW-009,2,2019-11-01,34,88.47,652.9,100.0,5.33,4.03,77.9,0.827,0.568,137.64,0.461,74.14,12199.1,8.35,0.331,False,False
BGW-009,2,2019-11-02,35,87.25,676.5,98.6,4.18,3.99,89.3,0.862,0.585,109.59,0.531,51.4,12130.3,7.14,0.141,False,False
BGW-009,2,2019-11-03,36,86.06,700.4,100.0,4.04,3.96,87.8,0.862,0.578,106.15,0.534,49.45,12204.3,6.8,0.127,False,False
BGW-009,2,2019-11-04,37,84.92,724.6,100.0,3.73,3.93,89.9,0.862,0.571,96.92,0.506,47.92,12471.0,6.67,0.119,False,False
BGW-009,2,2019-11-05,38,83.8,749.0,100.0,4.55,3.89,86.7,0.837,0.548,113.4,0.555,50.49,12406.8,7.61,0.24,False,False
BGW-009,2,2019-11-06,39,82.72,773.6,97.4,3.91,3.86,87.0,0.855,0.553,95.69,0.542,43.83,11932.4,6.62,0.14,False,False
BGW-009,2,2019-11-07,40,81.67,798.4,97.0,3.8,3.83,89.5,0.854,0.545,91.26,0.525,43.35,12178.2,6.68,0.136,False,False
BGW-009,2,2019-11-08,41,80.65,823.4,100.0,4.13,3.79,86.3,0.839,0.529,99.45,0.574,42.4,12180.7,6.75,0.201,False,False
BGW-009,2,2019-11-09,42,79.66,848.6,95.5,4.99,3.76,77.5,0.807,0.503,108.8,0.601,43.4,12170.9,7.88,0.362,False,False
BGW-009,2,2019-11-10,43,78.71,873.8,100.0,4.3,3.73,80.5,0.826,0.508,99.18,0.609,38.76,12176.1,7.1,0.252,False,False
BGW-009,2,2019-11-11,44,77.78,899.2,98.5,3.93,3.7,82.5,0.834,0.507,89.24,0.606,35.13,12282.0,6.8,0.2,False,False
BGW-009,2,2019-11-12,45,76.87,924.6,100.0,4.59,3.67,83.5,0.808,0.485,101.24,0.613,39.2,12246.3,7.77,0.327,False,False
BGW-009,2,2019-11-13,46,76.0,950.2,97.2,3.86,3.64,80.3,0.828,0.491,83.64,0.617,32.04,12489.2,6.81,0.209,False,False
BGW-009,2,2019-11-14,47,75.15,975.7,98.1,3.67,3.61,79.5,0.831,0.486,79.52,0.626,29.72,12430.7,6.5,0.187,False,False
BGW-009,2,2019-11-15,48,74.32,1001.3,94.3,4.53,3.58,80.0,0.798,0.462,89.49,0.627,33.34,12186.8,7.38,0.348,False,False
BGW-009,2,2019-11-16,49,73.53,1026.9,96.1,3.56,3.55,86.2,0.827,0.472,73.28,0.62,27.84,12327.8,6.34,0.189,False,False
BGW-009,2,2019-11-17,50,72.75,1052.5,96.9,4.98,3.52,69.8,0.775,0.437,96.0,0.643,34.25,12331.7,7.93,0.449,False,False
BGW-009,2,2019-11-18,51,72.0,1078.0,98.2,3.44,3.5,74.3,0.821,0.457,70.37,0.672,23.05,12374.6,6.64,0.2,False,False
BGW-009,2,2019-11-19,52,71.27,1103.5,95.7,4.61,3.47,73.0,0.78,0.429,86.02,0.672,28.22,12324.2,7.71,0.405,False,False
BGW-009,2,2019-11-20,53,70.56,1128.9,96.9,3.41,3.44,77.3,0.815,0.443,66.55,0.696,20.25,12589.5,6.32,0.211,False,False
BGW-009,3,2019-12-02,1,153.59,131.3,100.0,5.46,5.06,91.7,0.887,0.783,194.27,0.175,160.36,12052.7,8.43,0.069,False,False
BGW-009,3,2019-12-03,2,150.22,141.0,100.0,5.43,5.04,86.8,0.887,0.78,192.4,0.135,166.48,12394.6,8.32,0.068,False,False
BGW-009,3,2019-12-04,3,146.96,151.2,100.0,5.18,5.01,91.9,0.894,0.783,184.29,0.133,159.77,12202.2,8.06,0.029,False,False
BGW-009,3,2019-12-05,4,143.8,161.9,100.0,4.97,4.98,85.4,0.9,0.785,177.37,0.171,147.09,12191.8,7.9,0.0,False,False
BGW-009,3,2019-12-06,5,140.74,173.2,99.7,4.75,4.95,89.1,0.9,0.781,168.0,0.187,136.64,12061.9,7.43,0.0,False,False
BGW-009,3,2019-12-07,6,137.78,185.0,100.0,6.5,4.92,82.8,0.847,0.731,216.08,0.18,177.1,12007.5,9.75,0.276,False,False
BGW-009,3,2019-12-08,7,134.91,197.4,100.0,5.09,4.89,90.3,0.893,0.767,177.52,0.159,149.35,12001.3,7.87,0.035,False,False
BGW-009,3,2019-12-09,8,132.13,210.4,98.9,6.06,4.86,85.5,0.86,0.734,199.9,0.18,163.88,12116.0,9.16,0.212,False,False
BGW-009,3,2019-12-10,9,129.44,224.0,100.0,5.45,4.83,91.4,0.879,0.746,184.79,0.203,147.33,12052.9,8.28,0.115,False,False
BGW-009,3,2019-12-11,10,126.84,238.2,97.0,4.77,4.79,83.5,0.9,0.759,159.72,0.223,124.08,12058.3,7.64,0.009,False,False
BGW-009,3,2019-12-12,11,124.32,253.0,100.0,4.73,4.76,91.5,0.9,0.753,161.98,0.184,132.13,12091.9,7.48,0.012,False,False
BGW-009,3,2019-12-13,12,121.88,268.4,98.1,4.69,4.72,94.0,0.9,0.748,156.29,0.208,123.73,12072.1,7.41,0.016,False,False
BGW-009,3,2019-12-14,13,119.51,284.5,100.0,4.81,4.69,92.9,0.896,0.739,161.58,0.225,125.17,12179.9,7.41,0.04,False,False
BGW-009,3,2019-12-15,14,117.22,301.1,100.0,4.69,4.65,92.7,0.899,0.736,156.7,0.2,125.38,12442.4,7.97,0.029,False,False
BGW-009,3,2019-12-16,15,115.01,318.3,100.0,4.43,4.62,89.5,0.9,0.731,147.26,0.201,117.7,12254.9,7.21,0.027,False,False
BGW-009,3,2019-12-17,16,112.86,336.1,100.0,4.66,4.58,81.4,0.897,0.722,152.94,0.228,118.0,12394.9,7.86,0.045,False,False
BGW-009,3,2019-12-18,17,110.78,354.4,100.0,5.08,4.54,86.0,0.882,0.704,162.45,0.209,128.52,12408.7,8.14,0.129,False,False
BGW-009,3,2019-12-19,18,108.77,373.4,97.6,5.03,4.51,88.0,0.883,0.698,155.56,0.237,118.68,12123.3,8.1,0.13,False,False
BGW-009,3,2019-12-20,19,106.82,393.0,97.9,5.69,4.47,81.7,0.859,0.673,170.3,0.201,135.99,12134.2,8.79,0.258,False,False
BGW-009,3,2019-12-21,20,104.94,413.1,98.4,4.37,4.43,92.9,0.898,0.696,136.11,0.194,109.64,12278.0,7.23,0.048,False,False
BGW-009,3,2019-12-22,21,103.11,433.7,100.0,4.55,4.39,83.4,0.891,0.683,141.18,0.27,103.03,12405.6,7.53,0.08,False,False
BGW-009,3,2019-12-23,22,101.34,454.9,100.0,5.65,4.35,86.9,0.85,0.645,165.8,0.274,120.3,12086.1,8.59,0.285,False,False
BGW-009,3,2019-12-24,23,99.63,476.6,98.1,4.15,4.31,84.8,0.891,0.669,123.73,0.27,90.33,12170.0,7.06,0.063,False,False
BGW-009,3,2019-12-25,24,97.97,498.8,100.0,4.69,4.28,91.0,0.875,0.649,138.43,0.221,107.84,12519.7,7.8,0.141,False,False
BGW-009,3,2019-12-26,25,96.37,521.5,100.0,4.43,4.24,87.1,0.88,0.646,129.88,0.271,94.64,12262.3,7.41,0.106,False,False
BGW-009,3,2019-12-27,26,94.81,544.6,96.6,5.48,4.2,85.9,0.84,0.61,146.66,0.268,107.33,12145.7,8.47,0.303,False,False
BGW-009,3,2019-12-28,27,93.31,568.2,98.5,3.95,4.16,82.1,0.88,0.631,111.75,0.291,79.23,12208.7,6.91,0.084,False,False
BGW-009,3,2019-12-29,28,91.85,592.2,100.0,5.02,4.12,86.1,0.848,0.6,137.0,0.264,100.78,12120.6,8.19,0.246,False,False
BGW-009,3,2019-12-30,29,90.44,616.6,100.0,3.89,4.08,79.0,0.875,0.612,108.1,0.267,79.26,12217.1,6.92,0.095,False,False
BGW-009,3,2019-12-31,30,89.08,641.4,100.0,5.71,4.05,82.7,0.816,0.564,146.33,0.282,105.01,12442.1,9.03,0.391,False,False
BGW-009,3,2020-01-01,31,87.75,666.6,100.0,3.89,4.01,85.9,0.869,0.593,104.87,0.286,74.87,12745.8,7.28,0.106,False,False
BGW-009,3,2020-01-02,32,86.47,692.0,96.2,3.95,3.97,82.7,0.866,0.583,100.72,0.287,71.84,12095.1,6.81,0.112,False,False
BGW-009,3,2020-01-03,33,85.23,717.8,98.3,3.78,3.94,79.6,0.863,0.574,96.89,0.324,65.45,11991.4,6.35,0.118,False,False
BGW-009,3,2020-01-04,34,84.03,743.9,96.0,3.88,3.9,82.7,0.86,0.564,95.59,0.298,67.13,12127.9,6.71,0.124,False,False
BGW-009,3,2020-01-05,35,82.87,770.2,100.0,5.04,3.86,79.4,0.817,0.529,121.38,0.284,86.9,12382.7,8.09,0.336,False,False
BGW-009,3,2020-01-06,36,81.74,796.7,99.3,4.78,3.83,78.0,0.822,0.525,113.34,0.366,71.81,12112.7,7.45,0.302,False,False
BGW-009,3,2020-01-07,37,80.65,823.4,98.0,3.75,3.79,81.5,0.851,0.537,89.59,0.293,63.36,12322.2,6.64,0.142,False,False
BGW-009,3,2020-01-08,38,79.6,850.3,100.0,4.78,3.76,75.4,0.813,0.506,110.03,0.337,72.95,12269.9,7.66,0.327,False,False
BGW-009,3,2020-01-09,39,78.58,877.3,95.6,3.89,3.73,86.0,0.839,0.515,86.98,0.305,60.44,12013.7,6.7,0.182,False,False
BGW-009,3,2020-01-10,40,77.59,904.5,97.8,4.4,3.69,79.1,0.817,0.495,96.91,0.354,62.65,12515.3,7.47,0.284,False,False
BGW-009,3,2020-01-11,41,76.63,931.7,94.8,3.71,3.66,80.6,0.836,0.5,79.91,0.357,51.36,11972.6,6.46,0.175,False,False
BGW-009,3,2020-01-12,42,75.7,959.0,92.7,4.52,3.63,84.4,0.805,0.475,90.44,0.354,58.47,12107.3,7.45,0.328,False,False
BGW-009,3,2020-01-13,43,74.8,986.4,100.0,4.07,3.6,84.1,0.816,0.475,87.91,0.362,56.1,12412.5,7.15,0.262,False,False
BGW-009,3,2020-01-14,44,73.93,1013.7,97.6,3.58,3.57,82.4,0.828,0.476,75.51,0.335,50.22,12250.5,6.53,0.187,False,False
BGW-009,3,2020-01-15,45,73.09,1041.1,93.6,3.51,3.54,80.6,0.825,0.468,69.78,0.391,42.49,12186.8,6.4,0.191,False,False
BGW-009,3,2020-01-16,46,72.28,1068.4,98.3,3.49,3.51,81.9,0.822,0.46,71.76,0.364,45.61,12351.9,6.52,0.197,False,False
BGW-009,3,2020-01-17,47,71.49,1095.7,96.1,3.4,3.48,80.4,0.819,0.453,67.25,0.389,41.07,12240.2,6.29,0.204,False,False
BGW-009,3,2020-01-18,48,70.72,1122.9,100.0,4.46,3.45,78.1,0.782,0.427,86.55,0.371,54.47,12444.7,7.57,0.388,False,False
BGW-009,3,2020-01-19,49,69.98,1150.0,95.7,4.78,3.42,78.9,0.767,0.413,85.9,0.377,53.52,12152.3,7.44,0.454,True,False
BGW-009,3,2020-01-20,50,69.27,1176.9,96.1,3.28,3.39,81.8,0.809,0.431,61.76,0.372,38.79,12373.1,6.57,0.222,False,False
BGW-009,3,2020-01-21,51,68.57,1203.7,93.0,3.48,3.37,78.1,0.802,0.422,62.09,0.409,36.7,12178.7,6.3,0.249,False,False
BGW-009,3,2020-01-22,52,67.9,1230.4,97.3,3.41,3.34,79.8,0.801,0.416,62.74,0.36,40.15,12280.2,6.09,0.247,False,False
BGW-009,3,2020-01-23,53,67.25,1256.9,92.8,3.31,3.32,73.3,0.8,0.41,57.3,0.384,35.32,12038.7,5.77,0.24,False,False
BGW-009,3,2020-01-24,54,66.62,1283.2,100.0,4.62,3.29,78.6,0.753,0.381,80.06,0.415,46.86,12433.5,7.39,0.479,True,False
BGW-009,3,2020-01-25,55,66.01,1309.2,96.2,3.17,3.27,82.1,0.794,0.397,55.0,0.407,32.62,12133.0,5.96,0.252,False,False
BGW-009,3,2020-01-26,56,65.42,1335.1,93.4,3.46,3.24,76.8,0.784,0.388,56.92,0.404,33.91,12067.7,6.32,0.295,False,False
BGW-009,3,2020-01-27,57,64.85,1360.7,96.2,4.56,3.22,76.3,0.743,0.364,72.5,0.402,43.38,12101.1,7.32,0.498,True,False
BGW-009,3,2020-01-28,58,64.29,1386.0,93.1,3.72,3.2,80.0,0.767,0.371,58.48,0.411,34.42,11998.5,6.56,0.361,False,False
BGW-009,3,2020-01-29,59,63.76,1411.1,92.5,3.21,3.18,79.7,0.781,0.373,50.45,0.366,32.0,12298.9,5.85,0.281,False,False
BGW-009,3,2020-01-30,60,63.24,1435.9,100.0,3.4,3.16,71.9,0.771,0.365,56.36,0.43,32.15,12814.0,6.27,0.323,False,False
BGW-009,3,2020-01-31,61,62.73,1460.3,94.5,3.16,3.14,74.7,0.775,0.363,49.31,0.446,27.33,12320.5,6.25,0.291,False,False
BGW-009,3,2020-02-01,62,62.25,1484.5,94.8,2.98,3.12,75.7,0.773,0.358,45.97,0.398,27.68,12268.7,5.88,0.292,False,False
BGW-009,3,2020-02-02,63,61.78,1508.4,90.9,3.71,3.1,71.8,0.75,0.344,52.75,0.472,27.86,11883.8,6.4,0.405,False,False
BGW-009,3,2020-02-03,64,61.32,1531.9,100.0,3.34,3.08,73.5,0.759,0.344,52.35,0.464,28.04,12535.1,6.36,0.349,False,False
BGW-009,3,2020-02-04,65,60.88,1555.1,93.8,4.43,3.06,66.1,0.72,0.323,61.04,0.457,33.12,12202.8,7.4,0.548,True,False
BGW-009,3,2020-02-05,66,60.45,1577.9,91.4,3.73,3.04,74.9,0.74,0.329,51.0,0.464,27.34,12169.4,6.62,0.434,False,False
BGW-009,3,2020-02-06,67,60.04,1600.4,91.9,3.11,3.02,71.8,0.757,0.334,43.31,0.488,22.18,12282.9,5.85,0.333,False,False
BGW-009,3,2020-02-07,68,59.64,1622.6,94.9,3.03,3.01,74.6,0.757,0.33,43.16,0.476,22.6,12400.0,5.93,0.327,False,False
BGW-009,3,2020-02-08,69,59.25,1644.4,88.5,3.22,2.99,71.5,0.747,0.323,41.88,0.477,21.91,11917.4,5.8,0.369,False,False
BGW-009,3,2020-02-09,70,58.87,1665.8,92.0,3.18,2.98,77.9,0.745,0.32,42.53,0.488,21.79,12034.1,5.67,0.37,False,False
BGW-009,3,2020-02-10,71,58.51,1686.9,93.0,2.88,2.96,69.8,0.75,0.319,38.75,0.493,19.64,12223.7,5.63,0.338,False,False
BGW-009,3,2020-02-11,72,58.15,1707.6,94.2,3.05,2.95,68.5,0.744,0.314,40.88,0.487,20.98,12150.7,5.73,0.36,False,False
BGW-009,3,2020-02-12,73,57.81,1727.9,97.8,3.25,2.93,75.6,0.734,0.307,44.33,0.505,21.96,12629.6,6.09,0.403,False,False
BGW-009,3,2020-02-13,74,57.48,1747.8,97.6,3.17,2.92,67.2,0.734,0.304,42.74,0.502,21.3,12619.2,6.09,0.395,False,False
BGW-009,3,2020-02-14,75,57.16,1767.4,94.2,2.98,2.9,71.0,0.738,0.303,38.63,0.511,18.9,12520.6,5.81,0.369,False,False
BGW-009,3,2020-02-15,76,56.85,1786.6,95.2,3.3,2.89,68.0,0.724,0.296,42.21,0.539,19.48,12263.3,6.15,0.433,False,False
BGW-009,3,2020-02-16,77,56.55,1805.4,92.9,2.74,2.88,76.1,0.736,0.298,34.48,0.501,17.22,12394.9,5.77,0.365,False,False
BGW-009,3,2020-02-17,78,56.26,1823.8,92.4,3.04,2.86,68.0,0.728,0.293,37.32,0.491,18.99,12037.8,5.68,0.399,False,False
BGW-009,3,2020-02-18,79,55.98,1841.9,98.2,3.94,2.85,66.7,0.696,0.278,48.75,0.469,25.89,12372.5,7.07,0.563,True,False
BGW-009,3,2020-02-19,80,55.71,1859.6,92.3,2.94,2.84,66.7,0.727,0.288,35.44,0.555,15.76,12642.6,5.82,0.394,False,False
BGW-009,3,2020-02-20,81,55.45,1876.9,91.2,3.95,2.83,62.7,0.69,0.272,44.49,0.529,20.94,12138.4,6.63,0.578,True,False
BGW-009,3,2020-02-21,82,55.19,1893.9,93.4,2.81,2.82,66.9,0.726,0.284,33.79,0.52,16.23,12257.7,5.33,0.385,False,False
BGW-009,3,2020-02-22,83,54.94,1910.5,88.7,2.81,2.81,65.7,0.724,0.281,31.84,0.51,15.61,12081.1,5.36,0.39,False,False
BGW-009,3,2020-02-23,84,54.7,1926.7,90.5,2.8,2.8,65.0,0.722,0.279,32.02,0.561,14.07,12268.4,5.75,0.392,False,False
BGW-009,3,2020-02-24,85,54.47,1942.6,89.8,2.9,2.79,67.2,0.716,0.275,32.56,0.546,14.79,12331.9,5.85,0.417,False,False
BGW-009,3,2020-02-25,86,54.25,1958.1,88.4,3.98,2.78,70.3,0.678,0.258,41.31,0.566,17.92,12263.8,6.86,0.61,True,False
BGW-009,3,2020-02-26,87,54.03,1973.2,92.0,2.68,2.77,65.8,0.716,0.271,30.39,0.577,12.84,12145.4,5.44,0.403,False,False
BGW-009,3,2020-02-27,88,53.82,1988.0,89.9,2.92,2.76,65.2,0.709,0.267,31.88,0.538,14.72,12075.3,5.68,0.435,False,False
BGW-009,3,2020-02-28,89,53.62,2002.5,90.9,3.7,2.75,66.8,0.681,0.255,38.99,0.566,16.93,12178.2,6.43,0.576,True,False
BGW-009,3,2020-02-29,90,53.42,2016.6,89.1,2.79,2.74,67.8,0.71,0.264,29.92,0.586,12.39,12095.8,5.54,0.422,False,False
BGW-009,3,2020-03-01,91,53.23,2030.4,92.1,2.84,2.73,66.1,0.706,0.262,31.12,0.564,13.57,12382.9,5.79,0.435,False,False
BGW-009,3,2020-03-02,92,53.04,2043.8,88.1,2.75,2.72,73.5,0.707,0.261,28.74,0.597,11.59,12026.8,5.43,0.424,False,False
BGW-009,3,2020-03-03,93,52.86,2057.0,94.9,2.89,2.72,63.9,0.701,0.257,32.02,0.607,12.58,12181.9,5.6,0.452,True,False
BGW-009,3,2020-03-04,94,52.69,2069.8,97.2,2.88,2.71,73.3,0.7,0.255,32.44,0.626,12.12,12381.0,5.78,0.454,True,False
BGW-009,3,2020-03-05,95,52.52,2082.2,88.7,2.63,2.7,70.1,0.704,0.256,27.11,0.622,10.24,12025.4,5.41,0.428,False,False
BGW-009,3,2020-03-06,96,52.36,2094.4,89.3,2.7,2.69,68.8,0.702,0.254,27.83,0.57,11.96,12220.3,5.27,0.432,False,False
BGW-009,3,2020-03-07,97,52.2,2106.3,89.3,2.64,2.69,72.0,0.701,0.252,26.99,0.594,10.97,12052.9,5.3,0.433,False,False
BGW-009,3,2020-03-08,98,52.05,2117.8,89.4,2.73,2.68,69.2,0.698,0.25,27.75,0.621,10.51,12034.2,5.61,0.445,False,False
BGW-009,3,2020-03-09,99,51.9,2129.1,94.1,3.39,2.67,63.8,0.674,0.241,34.93,0.585,14.51,12166.7,6.32,0.565,True,False
BGW-009,3,2020-03-10,100,51.76,2140.1,89.9,2.7,2.67,64.4,0.696,0.247,27.27,0.623,10.28,12304.9,5.5,0.446,False,False
BGW-009,3,2020-03-11,101,51.62,2150.8,88.3,2.62,2.66,70.1,0.696,0.246,25.95,0.572,11.1,12042.1,5.39,0.443,False,False
BGW-009,3,2020-03-12,102,51.49,2161.2,94.8,3.27,2.65,66.8,0.674,0.238,33.46,0.631,12.34,12402.5,6.12,0.553,True,False
BGW-009,3,2020-03-13,103,51.36,2171.3,86.7,2.55,2.65,69.2,0.693,0.244,24.47,0.64,8.81,12082.3,5.09,0.448,False,False
BGW-009,3,2020-03-14,104,51.23,2181.2,84.4,3.01,2.64,65.8,0.68,0.238,27.49,0.629,10.19,11988.0,5.93,0.514,True,False
BGW-009,3,2020-03-15,105,51.11,2190.8,94.8,3.15,2.64,61.3,0.674,0.235,31.96,0.681,10.19,12356.1,5.85,0.543,True,False
BGW-009,3,2020-03-16,106,50.99,2200.1,87.5,2.58,2.63,66.1,0.69,0.24,24.59,0.637,8.93,12400.0,5.56,0.455,True,False
BGW-009,3,2020-03-17,107,50.88,2209.2,94.8,3.4,2.63,62.1,0.663,0.23,33.64,0.646,11.9,12513.9,6.17,0.591,True,False
BGW-009,3,2020-03-18,108,50.77,2218.1,87.8,2.74,2.62,71.3,0.684,0.236,25.85,0.671,8.51,11903.9,5.34,0.48,True,False
BGW-009,3,2020-03-19,109,50.66,2226.7,86.2,2.86,2.62,64.1,0.679,0.234,26.19,0.689,8.15,11779.7,5.8,0.503,True,False
BGW-009,3,2020-03-20,110,50.56,2235.0,91.0,2.59,2.61,69.9,0.686,0.236,25.24,0.672,8.29,12191.6,5.32,0.463,True,False
BGW-009,3,2020-03-21,111,50.46,2243.2,86.1,3.36,2.61,68.9,0.66,0.226,29.73,0.684,9.39,12112.7,6.28,0.597,True,False
BGW-009,3,2020-03-22,112,50.36,2251.1,96.4,3.71,2.6,63.8,0.647,0.221,35.95,0.66,12.22,12410.6,6.51,0.661,True,False
BGW-009,3,2020-03-23,113,50.27,2258.8,95.0,3.68,2.6,67.4,0.647,0.22,35.01,0.668,11.62,12423.6,6.45,0.657,True,False
BGW-009,3,2020-03-24,114,50.18,2266.3,84.4,3.18,2.6,62.3,0.663,0.225,27.43,0.689,8.53,12130.7,5.9,0.571,True,False
BGW-009,3,2020-03-25,115,50.09,2273.5,89.6,2.55,2.59,65.0,0.681,0.231,23.93,0.676,7.75,11918.5,5.33,0.471,True,False
BGW-009,3,2020-03-26,116,50.0,2280.6,88.3,2.68,2.59,69.6,0.677,0.229,24.61,0.707,7.2,12221.3,5.95,0.489,True,False
BGW-009,4,2020-04-10,1,168.11,98.0,99.7,5.36,5.16,89.3,0.893,0.799,193.91,0.178,159.41,12367.4,8.72,0.034,False,False
BGW-009,4,2020-04-11,2,164.71,104.7,100.0,6.5,5.14,81.8,0.855,0.762,225.19,0.15,191.48,12341.0,9.73,0.238,False,False
BGW-009,4,2020-04-12,3,161.41,111.9,99.5,5.58,5.12,92.3,0.885,0.787,198.52,0.133,172.18,12154.1,8.59,0.081,False,False
BGW-009,4,2020-04-13,4,158.21,119.4,100.0,5.07,5.1,90.4,0.9,0.798,184.11,0.134,159.45,12219.7,7.95,0.0,False,False
BGW-009,4,2020-04-14,5,155.09,127.3,98.5,5.03,5.07,84.2,0.9,0.796,179.19,0.179,147.11,12192.0,8.0,0.0,False,False
BGW-009,4,2020-04-15,6,152.06,135.6,100.0,5.23,5.05,88.1,0.894,0.788,187.2,0.192,151.2,12229.3,8.31,0.031,False,False
BGW-009,4,2020-04-16,7,149.12,144.3,100.0,6.5,5.03,88.0,0.851,0.747,220.74,0.169,183.38,12101.7,9.75,0.258,False,False
BGW-009,4,2020-04-17,8,146.26,153.5,98.6,5.08,5.0,91.8,0.897,0.785,178.77,0.15,151.89,11645.5,7.95,0.013,False,False
BGW-009,4,2020-04-18,9,143.48,163.0,100.0,5.17,4.98,89.7,0.894,0.779,182.97,0.186,149.01,12229.4,7.98,0.034,False,False
BGW-009,4,2020-04-19,10,140.78,173.0,99.0,5.02,4.95,87.8,0.898,0.779,176.03,0.2,140.74,12327.1,8.42,0.012,False,False
BGW-009,4,2020-04-20,11,138.15,183.5,100.0,4.69,4.93,86.7,0.9,0.777,165.81,0.182,135.62,12240.2,7.53,0.0,False,False
BGW-009,4,2020-04-21,12,135.6,194.4,100.0,6.15,4.9,78.9,0.858,0.738,206.25,0.18,169.09,12344.5,9.48,0.219,False,False
BGW-009,4,2020-04-22,13,133.12,205.7,97.7,5.01,4.87,81.6,0.895,0.766,170.22,0.175,140.47,12250.4,7.92,0.025,False,False
BGW-009,4,2020-04-23,14,130.71,217.5,100.0,4.64,4.84,83.6,0.9,0.766,161.54,0.195,129.97,12281.8,7.64,0.004,False,False
BGW-009,4,2020-04-24,15,128.37,229.8,100.0,6.5,4.81,80.4,0.844,0.714,210.92,0.213,166.09,12088.2,9.88,0.302,False,False
BGW-009,4,2020-04-25,16,126.09,242.5,99.1,6.5,4.78,88.2,0.843,0.709,207.51,0.219,162.01,12066.4,9.38,0.31,False,False
BGW-009,4,2020-04-26,17,123.88,255.7,100.0,5.23,4.75,86.2,0.884,0.739,175.75,0.211,138.59,12424.3,8.39,0.096,False,False
BGW-009,4,2020-04-27,18,121.73,269.4,99.3,5.22,4.72,83.2,0.883,0.734,172.97,0.24,131.42,12181.5,7.97,0.103,False,False
BGW-009,4,2020-04-28,19,119.64,283.6,100.0,4.72,4.69,84.4,0.899,0.742,159.3,0.225,123.45,12179.9,7.71,0.025,False,False
BGW-009,4,2020-04-29,20,117.61,298.2,100.0,5.66,4.66,80.3,0.867,0.71,182.7,0.216,143.31,12264.4,8.59,0.197,False,False
BGW-009,4,2020-04-30,21,115.63,313.3,100.0,4.48,4.63,81.5,0.9,0.732,149.11,0.225,115.49,12315.3,7.32,0.026,False,False
BGW-009,4,2020-05-01,22,113.71,328.9,100.0,4.86,4.59,80.6,0.891,0.72,158.92,0.22,123.96,12056.3,7.85,0.075,False,False
BGW-009,4,2020-05-02,23,111.85,344.9,97.8,5.4,4.56,85.4,0.872,0.699,167.75,0.236,128.18,12139.3,8.49,0.18,False,False
BGW-009,4,2020-05-03,24,110.04,361.4,100.0,4.54,4.53,82.7,0.9,0.715,147.58,0.267,108.21,12197.3,7.39,0.039,False,False
BGW-009,4,2020-05-04,25,108.27,378.3,96.4,6.23,4.5,79.0,0.842,0.664,181.24,0.248,136.33,12007.5,9.4,0.345,False,False
BGW-009,4,2020-05-05,26,106.56,395.7,99.3,4.32,4.46,81.9,0.9,0.704,137.25,0.254,102.45,12418.3,7.29,0.044,False,False
BGW-009,4,2020-05-06,27,104.9,413.5,100.0,6.38,4.43,76.8,0.833,0.646,187.21,0.261,138.26,12204.0,9.55,0.39,False,False
BGW-009,4,2020-05-07,28,103.28,431.7,100.0,4.3,4.39,85.3,0.896,0.688,134.37,0.265,98.73,12250.5,7.41,0.053,False,False
BGW-009,4,2020-05-08,29,101.71,450.4,100.0,4.85,4.36,81.7,0.878,0.668,147.22,0.279,106.18,12110.6,7.84,0.143,False,False
BGW-009,4,2020-05-09,30,100.18,469.5,100.0,4.14,4.33,89.7,0.892,0.672,126.59,0.277,91.5,12150.5,7.19,0.061,False,False
BGW-009,4,2020-05-10,31,98.7,488.9,100.0,4.33,4.29,90.3,0.889,0.663,130.33,0.29,92.57,12491.4,7.22,0.071,False,False
BGW-009,4,2020-05-11,32,97.26,508.8,98.1,4.25,4.26,86.1,0.887,0.656,124.17,0.271,90.47,12234.4,7.18,0.07,False,False
BGW-009,4,2020-05-12,33,95.85,529.0,100.0,5.88,4.22,79.2,0.83,0.607,162.13,0.265,119.11,12458.9,8.84,0.364,False,False
BGW-009,4,2020-05-13,34,94.49,549.6,97.9,4.02,4.19,83.3,0.883,0.639,114.14,0.275,82.8,12232.8,6.85,0.079,False,False
BGW-009,4,2020-05-14,35,93.17,570.5,97.7,4.14,4.16,91.0,0.88,0.63,115.89,0.308,80.17,12366.9,7.06,0.084,False,False
BGW-009,4,2020-05-15,36,91.88,591.8,97.2,4.22,4.12,83.8,0.874,0.619,115.57,0.304,80.38,12060.8,7.25,0.106,False,False
BGW-009,4,2020-05-16,37,90.63,613.3,100.0,3.95,4.09,85.0,0.875,0.613,110.05,0.337,72.97,12518.2,6.86,0.094,False,False
BGW-009,4,2020-05-17,38,89.41,635.2,100.0,4.2,4.06,84.3,0.868,0.601,114.92,0.274,83.42,12331.1,6.91,0.125,False,False
BGW-009,4,2020-05-18,39,88.23,657.3,97.9,4.09,4.02,78.5,0.868,0.595,108.27,0.319,73.78,12146.1,6.87,0.116,False,False
BGW-009,4,2020-05-19,40,87.08,679.7,100.0,5.61,3.99,83.0,0.813,0.551,140.52,0.311,96.8,12391.6,8.89,0.392,False,False
BGW-009,4,2020-05-20,41,85.97,702.4,94.8,5.02,3.96,77.1,0.829,0.556,120.23,0.344,78.87,12471.4,8.09,0.301,False,False
BGW-009,4,2020-05-21,42,84.88,725.3,99.5,3.78,3.92,84.5,0.862,0.571,97.53,0.342,64.18,12100.3,6.45,0.119,False,False
BGW-009,4,2020-05-22,43,83.83,748.3,98.9,3.97,3.89,89.3,0.857,0.561,100.21,0.321,68.04,12243.0,6.85,0.139,False,False
BGW-009,4,2020-05-23,44,82.81,771.6,96.5,3.75,3.86,84.5,0.857,0.554,91.1,0.34,60.16,11983.9,6.63,0.13,False,False
BGW-009,4,2020-05-24,45,81.81,795.1,100.0,4.05,3.83,81.4,0.847,0.542,99.68,0.354,64.39,12233.9,6.95,0.174,False,False
BGW-009,4,2020-05-25,46,80.84,818.7,100.0,3.9,3.8,78.2,0.848,0.536,95.04,0.343,62.45,12542.9,6.78,0.159,False,False
BGW-009,4,2020-05-26,47,79.9,842.4,95.9,3.85,3.77,76.9,0.846,0.529,88.62,0.344,58.15,12147.1,6.7,0.159,False,False
BGW-009,4,2020-05-27,48,78.99,866.3,95.4,4.37,3.74,74.2,0.825,0.509,96.35,0.329,64.69,12217.9,7.18,0.261,False,False
BGW-009,4,2020-05-28,49,78.1,890.3,96.8,5.17,3.71,78.2,0.794,0.485,110.26,0.372,69.25,12219.7,8.23,0.413,False,False
BGW-009,4,2020-05-29,50,77.24,914.3,100.0,4.88,3.68,76.1,0.8,0.482,107.08,0.399,64.35,12351.4,8.24,0.373,False,False
BGW-009,4,2020-05-30,51,76.4,938.4,94.3,3.78,3.65,82.3,0.833,0.497,80.36,0.353,52.02,12012.3,6.47,0.19,False,False
BGW-009,4,2020-05-31,52,75.58,962.6,95.4,3.7,3.62,75.3,0.832,0.49,78.72,0.389,48.11,12084.0,6.55,0.187,False,False
BGW-009,4,2020-06-01,53,74.79,986.8,94.4,3.47,3.6,77.5,0.832,0.484,72.18,0.365,45.81,11987.4,6.15,0.179,False,False
BGW-009,4,2020-06-02,54,74.02,1011.0,100.0,4.72,3.57,79.4,0.79,0.455,97.59,0.409,57.65,12369.7,7.86,0.386,False,False
BGW-009,4,2020-06-03,55,73.27,1035.2,93.8,3.7,3.54,78.6,0.82,0.467,73.68,0.386,45.23,11983.5,6.23,0.218,False,False
BGW-009,4,2020-06-04,56,72.54,1059.3,100.0,3.8,3.52,83.2,0.814,0.457,79.05,0.41,46.61,12334.1,6.9,0.246,False,False
BGW-009,4,2020-06-05,57,71.84,1083.5,100.0,3.83,3.49,83.6,0.809,0.45,78.23,0.404,46.59,12286.1,6.7,0.26,False,False
BGW-009,4,2020-06-06,58,71.15,1107.6,92.5,3.71,3.46,80.9,0.809,0.445,69.35,0.363,44.15,12210.5,6.59,0.249,False,False
BGW-009,4,2020-06-07,59,70.48,1131.6,95.6,3.59,3.44,81.3,0.81,0.44,68.6,0.408,40.59,12622.5,6.63,0.238,False,False
BGW-009,4,2020-06-08,60,69.83,1155.5,98.0,4.88,3.42,78.7,0.763,0.41,89.07,0.419,51.77,12302.9,8.08,0.474,True,False
BGW-009,4,2020-06-09,61,69.2,1179.3,97.8,3.28,3.39,78.3,0.809,0.43,62.67,0.409,37.05,12481.3,6.28,0.223,False,False
BGW-009,4,2020-06-10,62,68.59,1203.1,97.2,3.4,3.37,76.2,0.805,0.423,63.47,0.417,37.0,12364.4,6.49,0.233,False,False
BGW-009,4,2020-06-11,63,67.99,1226.7,95.4,4.71,3.35,70.1,0.758,0.394,80.48,0.363,51.24,12287.4,7.66,0.472,True,False
BGW-009,4,2020-06-12,64,67.41,1250.1,93.8,3.26,3.32,75.0,0.801,0.412,57.28,0.425,32.96,12053.5,5.79,0.239,False,False
BGW-009,4,2020-06-13,65,66.85,1273.4,100.0,4.67,3.3,69.4,0.752,0.383,81.31,0.403,48.58,12333.1,7.76,0.484,True,False
BGW-009,4,2020-06-14,66,66.3,1296.5,100.0,4.57,3.28,70.0,0.752,0.379,78.63,0.422,45.42,12409.6,7.82,0.474,True,False
BGW-009,4,2020-06-15,67,65.77,1319.5,94.7,3.38,3.26,78.1,0.789,0.393,57.16,0.429,32.63,12388.9,6.45,0.276,False,False
BGW-009,4,2020-06-16,68,65.26,1342.3,94.9,3.15,3.24,81.0,0.79,0.39,52.98,0.434,29.96,12189.8,5.99,0.26,False,False
BGW-009,4,2020-06-17,69,64.75,1364.9,100.0,4.08,3.22,70.8,0.759,0.37,68.73,0.426,39.45,12519.5,7.12,0.416,False,False
BGW-009,4,2020-06-18,70,64.27,1387.3,92.8,4.02,3.2,76.4,0.757,0.366,62.1,0.432,35.24,12092.1,7.06,0.414,False,False
BGW-009,4,2020-06-19,71,63.79,1409.4,91.1,4.03,3.18,70.1,0.754,0.361,60.25,0.427,34.54,12175.2,6.56,0.424,False,False
BGW-009,4,2020-06-20,72,63.33,1431.4,92.4,3.01,3.16,73.6,0.78,0.37,46.7,0.427,26.76,12230.0,5.9,0.28,False,False
BGW-009,4,2020-06-21,73,62.88,1453.1,98.2,3.53,3.14,71.5,0.764,0.359,56.49,0.452,30.99,12439.8,6.44,0.352,False,False
BGW-009,4,2020-06-22,74,62.45,1474.6,92.6,3.03,3.12,77.4,0.775,0.36,45.95,0.511,22.45,12208.4,5.64,0.29,False,False
BGW-009,4,2020-06-23,75,62.02,1495.8,90.7,3.12,3.11,78.8,0.772,0.356,45.74,0.498,22.97,12106.8,5.83,0.296,False,False
BGW-009,4,2020-06-24,76,61.61,1516.8,95.9,3.54,3.09,78.9,0.755,0.345,53.13,0.481,27.6,12216.9,6.51,0.377,False,False
BGW-009,4,2020-06-25,77,61.21,1537.5,95.1,3.21,3.07,77.6,0.763,0.345,47.81,0.486,24.58,12332.5,6.22,0.327,False,False
BGW-009,4,2020-06-26,78,60.82,1557.9,96.6,4.13,3.06,72.2,0.729,0.327,59.25,0.472,31.3,12342.6,6.97,0.496,True,False
BGW-009,4,2020-06-27,79,60.45,1578.1,95.5,3.44,3.04,68.9,0.749,0.333,49.81,0.486,25.59,12321.2,6.59,0.384,False,False
BGW-009,4,2020-06-28,80,60.08,1598.0,94.9,3.07,3.03,76.5,0.759,0.335,44.3,0.476,23.2,12290.7,6.18,0.325,False,False
BGW-009,4,2020-06-29,81,59.72,1617.7,100.0,4.26,3.01,65.3,0.716,0.313,60.67,0.489,31.01,12200.9,7.37,0.541,True,False
BGW-009,4,2020-06-30,82,59.38,1637.0,92.2,3.03,3.0,70.8,0.755,0.327,41.54,0.479,21.63,12399.0,5.91,0.332,False,False
BGW-009,4,2020-07-01,83,59.04,1656.1,91.7,2.87,2.98,68.7,0.753,0.324,38.78,0.485,19.97,12120.6,5.77,0.331,False,False
BGW-009,4,2020-07-02,84,58.71,1674.9,92.6,3.61,2.97,73.1,0.73,0.312,47.41,0.486,24.38,12231.8,6.6,0.448,False,False
BGW-009,4,2020-07-03,85,58.4,1693.4,92.3,3.06,2.96,75.0,0.746,0.316,40.61,0.464,21.75,11969.3,5.71,0.358,False,False
BGW-009,4,2020-07-04,86,58.09,1711.6,89.7,2.97,2.94,77.2,0.746,0.314,38.02,0.456,20.69,11908.1,5.59,0.349,False,False
BGW-009,4,2020-07-05,87,57.79,1729.6,94.4,3.47,2.93,71.8,0.727,0.304,45.18,0.511,22.11,12155.7,6.7,0.442,False,False
BGW-009,4,2020-07-06,88,57.49,1747.2,91.8,3.44,2.92,67.6,0.725,0.301,43.21,0.521,20.72,12249.0,6.32,0.444,False,False
BGW-009,4,2020-07-07,89,57.21,1764.5,93.7,2.86,2.9,71.7,0.741,0.305,37.16,0.516,17.98,12226.6,5.62,0.356,False,False
BGW-009,4,2020-07-08,90,56.93,1781.6,90.3,2.94,2.89,71.5,0.737,0.301,36.42,0.548,16.47,12035.1,5.94,0.368,False,False
BGW-009,4,2020-07-09,91,56.67,1798.3,90.4,2.96,2.88,69.7,0.734,0.298,36.21,0.547,16.39,12295.5,5.61,0.376,False,False
BGW-009,4,2020-07-10,92,56.41,1814.8,92.7,2.96,2.87,67.7,0.732,0.295,36.85,0.529,17.37,12143.5,5.55,0.383,False,False
BGW-009,4,2020-07-11,93,56.15,1830.9,92.0,2.89,2.86,74.1,0.732,0.293,35.49,0.555,15.78,12116.2,5.58,0.377,False,False
BGW-009,4,2020-07-12,94,55.91,1846.8,89.4,2.72,2.85,76.0,0.731,0.291,32.13,0.547,14.55,12028.9,5.47,0.374,False,False
BGW-009,4,2020-07-13,95,55.67,1862.4,90.6,2.73,2.84,71.3,0.729,0.289,32.48,0.535,15.11,11974.5,5.46,0.378,False,False
BGW-009,4,2020-07-14,96,55.43,1877.7,88.5,3.56,2.83,63.4,0.703,0.277,39.62,0.554,17.67,12140.1,6.68,0.51,True,False
BGW-009,4,2020-07-15,97,55.21,1892.7,90.7,3.82,2.82,71.1,0.692,0.271,42.69,0.56,18.8,12120.7,6.8,0.561,True,False
BGW-009,4,2020-07-16,98,54.99,1907.4,91.8,3.14,2.81,64.9,0.713,0.277,36.29,0.585,15.06,12212.0,5.89,0.446,False,False
BGW-009,4,2020-07-17,99,54.78,1921.8,90.9,2.66,2.8,69.8,0.722,0.279,30.7,0.542,14.07,12227.6,5.15,0.391,False,False
BGW-009,4,2020-07-18,100,54.57,1936.0,92.5,3.27,2.79,66.2,0.705,0.271,37.26,0.544,17.01,12242.6,6.04,0.478,True,False
BGW-009,4,2020-07-19,101,54.37,1949.8,90.0,2.67,2.78,70.8,0.719,0.275,29.96,0.614,11.57,12051.4,5.31,0.398,False,False
BGW-009,4,2020-07-20,102,54.17,1963.4,94.3,3.55,2.77,67.8,0.692,0.263,40.0,0.532,18.73,12216.0,6.19,0.537,True,False
BGW-009,4,2020-07-21,103,53.98,1976.7,88.9,2.69,2.76,73.2,0.716,0.271,29.42,0.583,12.26,11838.5,5.23,0.404,False,False
BGW-009,4,2020-07-22,104,53.79,1989.8,89.8,3.99,2.76,64.1,0.673,0.253,41.3,0.553,18.47,12018.0,6.69,0.623,True,False
BGW-009,4,2020-07-23,105,53.62,2002.5,96.4,2.9,2.75,71.1,0.708,0.265,33.68,0.596,13.62,12341.9,5.81,0.436,False,False
BGW-009,4,2020-07-24,106,53.44,2015.0,87.8,2.81,2.74,72.1,0.709,0.264,29.69,0.596,12.0,11829.8,5.42,0.425,False,False
BGW-009,4,2020-07-25,107,53.27,2027.3,86.6,3.87,2.73,63.1,0.672,0.249,37.98,0.6,15.2,12045.9,6.88,0.614,True,False
BGW-009,4,2020-07-26,108,53.11,2039.2,87.2,2.63,2.73,67.2,0.709,0.262,27.29,0.596,11.02,12008.3,5.5,0.418,False,False
BGW-009,4,2020-07-27,109,52.95,2051.0,91.6,2.82,2.72,72.4,0.704,0.259,30.39,0.6,12.15,12340.5,5.37,0.438,False,False
BGW-009,4,2020-07-28,110,52.79,2062.4,93.2,3.89,2.71,64.1,0.667,0.244,40.25,0.619,15.33,12321.1,6.77,0.63,True,False
BGW-009,4,2020-07-29,111,52.64,2073.6,88.9,2.8,2.71,73.0,0.702,0.256,28.93,0.632,10.65,12228.4,5.43,0.442,False,False
BGW-009,4,2020-07-30,112,52.49,2084.6,87.6,2.62,2.7,68.0,0.703,0.255,26.65,0.607,10.47,12013.5,5.62,0.428,False,False
BGW-009,4,2020-07-31,113,52.35,2095.3,94.1,3.61,2.69,60.9,0.672,0.243,37.48,0.595,15.17,12157.8,6.41,0.591,True,False
BGW-009,4,2020-08-01,114,52.21,2105.8,88.3,2.77,2.69,72.6,0.698,0.252,27.92,0.615,10.74,12237.5,5.28,0.447,False,False
BGW-009,4,2020-08-02,115,52.07,2116.1,86.9,2.79,2.68,72.5,0.696,0.25,27.51,0.659,9.38,11901.2,5.32,0.454,True,False
BGW-009,4,2020-08-03,116,51.94,2126.1,86.6,2.59,2.67,63.5,0.699,0.25,25.44,0.642,9.11,11958.8,5.45,0.438,False,False
BGW-009,4,2020-08-04,117,51.81,2135.9,86.6,2.62,2.67,63.9,0.697,0.248,25.65,0.606,10.1,12015.4,5.23,0.44,False,False
BGW-009,4,2020-08-05,118,51.69,2145.4,89.9,2.72,2.66,66.5,0.694,0.246,27.4,0.655,9.45,12213.4,5.81,0.453,True,False
BGW-009,4,2020-08-06,119,51.57,2154.8,89.2,2.63,2.66,72.9,0.695,0.246,26.27,0.672,8.61,11972.9,5.53,0.444,False,False
BGW-009,4,2020-08-07,120,51.45,2163.9,88.8,3.74,2.65,63.1,0.658,0.232,35.03,0.625,13.12,11929.4,6.33,0.637,True,False
BGW-009,4,2020-08-08,121,51.34,2172.8,93.5,3.01,2.65,62.2,0.681,0.239,30.61,0.686,9.61,12530.3,5.63,0.512,True,False
BGW-009,4,2020-08-09,122,51.23,2181.5,88.6,2.64,2.64,68.5,0.692,0.242,25.81,0.621,9.79,12012.7,5.3,0.451,True,False
BGW-009,4,2020-08-10,123,51.12,2190.0,90.1,2.53,2.64,67.6,0.691,0.241,25.01,0.662,8.45,12179.4,5.44,0.452,True,False
BGW-009,4,2020-08-11,124,51.01,2198.3,86.5,2.5,2.63,66.7,0.69,0.24,23.62,0.703,7.01,11822.7,5.14,0.454,True,False
BGW-009,4,2020-08-12,125,50.91,2206.4,87.3,2.71,2.63,69.2,0.687,0.238,25.59,0.669,8.47,11922.6,5.47,0.47,True,False
BGW-009,4,2020-08-13,126,50.81,2214.3,89.2,2.71,2.62,67.6,0.685,0.237,26.09,0.67,8.62,12256.1,5.57,0.474,True,False
BGW-009,4,2020-08-14,127,50.72,2222.0,86.3,2.73,2.62,68.5,0.684,0.236,25.24,0.695,7.7,11850.5,5.53,0.479,True,False
BGW-009,4,2020-08-15,128,50.63,2229.6,89.0,2.74,2.62,61.5,0.683,0.235,26.0,0.688,8.11,11782.4,5.47,0.482,True,False
BGW-009,4,2020-08-16,129,50.53,2236.9,89.2,2.81,2.61,64.0,0.679,0.233,26.51,0.684,8.38,12401.0,5.69,0.497,True,False
BGW-009,4,2020-08-17,130,50.45,2244.1,86.6,2.62,2.61,62.8,0.684,0.234,24.16,0.688,7.53,11832.2,5.36,0.467,True,False
BGW-009,4,2020-08-18,131,50.36,2251.0,88.3,2.67,2.6,64.6,0.682,0.233,24.96,0.672,8.17,12241.0,5.14,0.478,True,False
BGW-009,5,2020-08-30,1,169.14,96.0,100.0,6.5,5.16,83.5,0.855,0.766,226.15,0.136,195.42,12283.7,9.7,0.234,False,False
BGW-009,5,2020-08-31,2,165.76,102.6,98.6,6.5,5.14,82.4,0.855,0.763,222.38,0.142,190.73,11908.3,9.64,0.237,False,False
BGW-009,5,2020-09-01,3,162.48,109.5,100.0,6.5,5.12,87.0,0.854,0.761,224.66,0.178,184.56,12131.8,9.79,0.241,False,False
BGW-009,5,2020-09-02,4,159.28,116.8,100.0,5.59,5.1,83.8,0.884,0.785,199.23,0.146,170.07,11925.3,8.52,0.084,False,False
BGW-009,5,2020-09-03,5,156.18,124.5,100.0,5.82,5.08,89.4,0.875,0.775,205.05,0.201,163.82,12190.2,8.6,0.13,False,False
BGW-009,5,2020-09-04,6,153.16,132.5,98.7,5.17,5.06,94.1,0.896,0.791,183.24,0.191,148.3,12023.2,7.93,0.019,False,False
BGW-009,5,2020-09-05,7,150.22,141.0,97.0,5.79,5.04,90.2,0.875,0.769,196.32,0.146,167.73,11972.2,8.49,0.131,False,False
BGW-009,5,2020-09-06,8,147.37,149.8,95.6,6.5,5.01,82.0,0.85,0.745,210.37,0.146,179.65,12028.4,9.61,0.26,False,False
BGW-009,5,2020-09-07,9,144.6,159.1,99.6,6.5,4.99,85.4,0.85,0.742,218.28,0.201,174.52,11908.1,9.4,0.264,False,False
BGW-009,5,2020-09-08,10,141.9,168.8,100.0,4.89,4.96,84.8,0.9,0.782,173.78,0.197,139.63,12208.2,7.91,0.0,False,False
BGW-009,5,2020-09-09,11,139.28,178.9,100.0,6.42,4.94,89.3,0.851,0.736,214.7,0.183,175.42,12172.4,9.55,0.259,False,False
BGW-009,5,2020-09-10,12,136.73,189.5,100.0,5.11,4.91,86.4,0.893,0.77,178.86,0.163,149.62,12314.9,8.32,0.036,False,False
BGW-009,5,2020-09-11,13,134.25,200.4,97.7,4.92,4.88,88.1,0.899,0.771,168.25,0.161,141.23,12105.3,8.05,0.006,False,False
BGW-009,5,2020-09-12,14,131.84,211.9,100.0,5.53,4.86,89.2,0.877,0.748,188.25,0.202,150.24,12021.8,8.63,0.121,False,False
BGW-009,5,2020-09-13,15,129.49,223.8,98.5,4.72,4.83,93.0,0.9,0.764,161.41,0.196,129.79,12264.8,7.86,0.005,False,False
BGW-009,5,2020-09-14,16,127.21,236.1,100.0,5.9,4.8,81.4,0.863,0.728,195.36,0.225,151.48,12293.1,9.09,0.201,False,False
BGW-009,5,2020-09-15,17,125.0,248.9,100.0,4.86,4.77,84.0,0.897,0.752,166.05,0.227,128.42,12205.6,7.9,0.026,False,False
BGW-009,5,2020-09-16,18,122.84,262.2,96.5,5.46,4.74,91.4,0.876,0.73,174.7,0.204,139.07,12128.3,8.34,0.14,False,False
BGW-009,5,2020-09-17,19,120.75,275.9,98.9,4.56,4.71,91.0,0.9,0.745,152.7,0.207,121.14,12073.7,7.49,0.017,False,False
BGW-009,5,2020-09-18,20,118.72,290.1,99.3,4.75,4.68,85.4,0.898,0.739,158.27,0.256,117.72,11978.7,7.5,0.033,False,False
BGW-009,5,2020-09-19,21,116.74,304.7,100.0,4.45,4.65,90.5,0.9,0.735,148.74,0.241,112.87,12250.5,7.51,0.024,False,False
BGW-009,5,2020-09-20,22,114.81,319.8,99.9,4.78,4.61,91.2,0.895,0.726,157.31,0.21,124.24,12134.2,7.65,0.055,False,False
BGW-009,5,2020-09-21,23,112.94,335.4,100.0,4.37,4.58,90.0,0.9,0.725,144.02,0.23,110.88,12193.9,7.56,0.031,False,False
BGW-009,5,2020-09-22,24,111.12,351.4,100.0,4.82,4.55,82.4,0.891,0.712,156.05,0.234,119.47,12221.5,8.0,0.083,False,False
BGW-009,5,2020-09-23,25,109.35,367.8,99.0,4.42,4.52,85.3,0.9,0.713,141.77,0.234,108.53,12409.0,7.5,0.038,False,False
BGW-009,5,2020-09-24,26,107.63,384.7,100.0,4.29,4.48,89.3,0.9,0.707,138.01,0.253,103.09,12007.6,7.23,0.042,False,False
BGW-009,5,2020-09-25,27,105.96,402.0,97.2,4.45,4.45,83.9,0.9,0.701,137.95,0.273,100.22,12224.2,7.7,0.046,False,False
BGW-009,5,2020-09-26,28,104.34,419.7,100.0,4.6,4.42,87.5,0.891,0.689,144.09,0.276,104.29,11892.6,7.65,0.083,False,False
BGW-009,5,2020-09-27,29,102.76,437.9,100.0,6.18,4.38,77.4,0.836,0.64,179.71,0.277,129.96,12230.7,9.49,0.369,False,False
BGW-009,5,2020-09-28,30,101.22,456.4,100.0,4.17,4.35,80.4,0.893,0.678,128.42,0.269,93.82,12246.2,7.27,0.058,False,False
BGW-009,5,2020-09-29,31,99.73,475.4,99.2,4.15,4.32,93.3,0.891,0.67,125.34,0.253,93.59,12194.7,7.29,0.063,False,False
BGW-009,5,2020-09-30,32,98.27,494.7,98.2,4.38,4.28,81.5,0.886,0.659,128.76,0.255,95.93,12040.1,7.5,0.084,False,False
BGW-009,5,2020-10-01,33,96.86,514.4,100.0,6.02,4.25,85.7,0.828,0.61,166.79,0.288,118.7,12307.4,9.26,0.381,False,False
BGW-009,5,2020-10-02,34,95.49,534.4,100.0,5.16,4.21,79.0,0.853,0.622,145.77,0.255,108.61,12027.4,8.13,0.241,False,False
BGW-009,5,2020-10-03,35,94.15,554.8,100.0,4.46,4.18,90.0,0.872,0.63,127.79,0.276,92.55,12090.8,7.4,0.13,False,False
BGW-009,5,2020-10-04,36,92.86,575.6,100.0,4.78,4.15,84.3,0.858,0.613,133.33,0.296,93.82,12090.9,7.66,0.197,False,False
BGW-009,5,2020-10-05,37,91.59,596.6,97.3,4.2,4.11,90.9,0.874,0.618,114.89,0.307,79.65,12576.4,7.28,0.106,False,False
BGW-009,5,2020-10-06,38,90.37,618.0,100.0,5.31,4.08,85.2,0.834,0.583,140.64,0.327,94.59,12378.9,8.41,0.31,False,False
BGW-009,5,2020-10-07,39,89.18,639.6,94.4,5.67,4.05,75.0,0.818,0.566,137.64,0.329,92.34,12179.2,8.36,0.384,False,False
BGW-009,5,2020-10-08,40,88.02,661.5,96.8,3.86,4.02,85.8,0.869,0.595,100.95,0.308,69.83,12044.8,6.5,0.105,False,False
BGW-009,5,2020-10-09,41,86.89,683.6,96.7,3.98,3.98,87.1,0.867,0.586,102.53,0.325,69.26,12058.3,6.77,0.11,False,False
BGW-009,5,2020-10-10,42,85.79,706.0,100.0,4.02,3.95,82.1,0.862,0.577,105.38,0.308,72.88,12411.6,7.07,0.127,False,False
BGW-009,5,2020-10-11,43,84.73,728.6,100.0,4.74,3.92,84.1,0.834,0.552,118.83,0.327,80.01,12201.4,7.75,0.263,False,False
BGW-009,5,2020-10-12,44,83.69,751.5,97.9,4.85,3.89,85.0,0.827,0.541,116.67,0.351,75.77,12256.1,7.74,0.294,False,False
BGW-009,5,2020-10-13,45,82.68,774.4,99.6,4.03,3.86,77.5,0.851,0.55,100.22,0.349,65.27,12279.6,7.14,0.161,False,False
BGW-009,5,2020-10-14,46,81.7,797.6,100.0,3.76,3.83,78.5,0.854,0.545,93.09,0.332,62.15,12323.0,6.9,0.136,False,False
BGW-009,5,2020-10-15,47,80.75,820.9,100.0,5.43,3.8,73.0,0.796,0.503,124.18,0.35,80.7,12394.4,8.38,0.428,False,False
BGW-009,5,2020-10-16,48,79.83,844.4,100.0,4.58,3.77,75.9,0.821,0.513,106.69,0.329,71.56,12369.8,7.53,0.289,False,False
BGW-009,5,2020-10-17,49,78.93,867.9,96.4,5.19,3.74,79.6,0.797,0.492,111.78,0.365,71.01,12000.8,8.36,0.406,False,False
BGW-009,5,2020-10-18,50,78.05,891.6,99.8,3.55,3.71,82.4,0.843,0.514,82.8,0.346,54.15,12445.0,6.33,0.157,False,False
BGW-009,5,2020-10-19,51,77.2,915.3,100.0,3.81,3.68,80.3,0.835,0.504,87.25,0.354,56.33,12247.3,6.72,0.186,False,False
BGW-009,5,2020-10-20,52,76.37,939.1,100.0,3.85,3.65,85.3,0.831,0.495,86.49,0.363,55.12,12457.2,6.79,0.202,False,False
BGW-009,5,2020-10-21,53,75.57,963.0,98.9,3.7,3.62,85.2,0.832,0.49,81.46,0.367,51.59,12289.7,6.56,0.187,False,False
BGW-009,5,2020-10-22,54,74.79,986.8,99.3,3.7,3.6,78.1,0.828,0.482,80.5,0.341,53.01,12065.3,6.34,0.197,False,False
BGW-009,5,2020-10-23,55,74.03,1010.7,94.2,3.46,3.57,83.4,0.829,0.477,70.7,0.35,45.98,11761.5,6.14,0.184,False,False
BGW-009,5,2020-10-24,56,73.29,1034.6,94.8,3.63,3.54,83.7,0.823,0.468,73.15,0.388,44.78,12150.0,6.56,0.204,False,False
BGW-009,5,2020-10-25,57,72.57,1058.4,95.5,3.42,3.52,84.4,0.823,0.463,68.64,0.389,41.97,12165.7,5.7,0.195,False,False
BGW-009,5,2020-10-26,58,71.87,1082.3,98.4,3.33,3.49,80.3,0.82,0.456,67.89,0.338,44.93,12624.6,6.25,0.201,False,False
BGW-009,5,2020-10-27,59,71.19,1106.0,100.0,4.53,3.47,70.5,0.782,0.43,88.53,0.364,56.33,12653.2,7.78,0.392,False,False
BGW-009,5,2020-10-28,60,70.53,1129.7,97.7,3.37,3.44,73.7,0.815,0.443,66.23,0.381,41.02,12147.1,5.95,0.211,False,False
BGW-009,5,2020-10-29,61,69.89,1153.4,94.1,3.41,3.42,77.7,0.812,0.437,63.62,0.391,38.74,11998.8,6.34,0.217,False,False
BGW-009,5,2020-10-30,62,69.27,1176.9,98.8,4.2,3.39,77.1,0.782,0.416,78.55,0.446,43.51,12451.8,7.17,0.364,False,False
BGW-009,5,2020-10-31,63,68.66,1200.3,100.0,4.61,3.37,71.8,0.765,0.403,84.41,0.395,51.05,12303.0,7.64,0.445,False,False
BGW-009,5,2020-11-01,64,68.07,1223.6,100.0,3.95,3.35,72.4,0.784,0.408,73.26,0.418,42.67,12757.8,7.04,0.338,False,False
BGW-009,5,2020-11-02,65,67.5,1246.8,94.3,3.44,3.33,78.8,0.797,0.411,60.61,0.428,34.67,12243.9,6.29,0.258,False,False
BGW-009,5,2020-11-03,66,66.94,1269.8,95.2,3.95,3.3,74.7,0.777,0.396,67.68,0.415,39.58,12604.6,6.97,0.357,False,False
BGW-009,5,2020-11-04,67,66.4,1292.7,92.9,3.35,3.28,76.8,0.794,0.4,56.6,0.397,34.15,12087.7,6.02,0.26,False,False
BGW-009,5,2020-11-05,68,65.87,1315.3,100.0,4.67,3.26,70.7,0.746,0.373,79.09,0.416,46.16,12290.6,7.66,0.5,True,False
BGW-009,5,2020-11-06,69,65.36,1337.9,92.0,3.33,3.24,81.3,0.788,0.389,54.21,0.418,31.55,12078.8,6.14,0.274,False,False
BGW-009,5,2020-11-07,70,64.86,1360.2,97.3,4.07,3.22,72.0,0.76,0.372,66.91,0.407,39.66,12202.5,6.87,0.412,False,False
BGW-009,5,2020-11-08,71,64.37,1382.3,92.5,4.36,3.2,70.4,0.747,0.362,66.35,0.423,38.26,11888.4,7.2,0.472,True,False
BGW-009,5,2020-11-09,72,63.9,1404.2,93.9,3.21,3.18,71.8,0.782,0.375,51.44,0.412,30.25,12153.3,6.0,0.279,False,False
BGW-009,5,2020-11-10,73,63.44,1425.9,94.1,3.23,3.17,71.0,0.778,0.37,51.06,0.414,29.94,12252.5,5.9,0.29,False,False
BGW-009,5,2020-11-11,74,63.0,1447.4,93.5,3.32,3.15,74.1,0.772,0.363,51.3,0.453,28.07,11980.6,6.2,0.314,False,False
BGW-009,5,2020-11-12,75,62.57,1468.7,98.5,3.62,3.13,77.2,0.759,0.354,57.32,0.492,29.14,12623.4,6.63,0.374,False,False
BGW-009,5,2020-11-13,76,62.14,1489.7,94.2,4.27,3.11,70.9,0.734,0.339,62.03,0.426,35.59,12327.7,7.38,0.496,True,False
BGW-009,5,2020-11-14,77,61.74,1510.5,95.0,3.18,3.1,76.4,0.768,0.351,48.28,0.458,26.18,12585.3,6.15,0.313,False,False
BGW-009,5,2020-11-15,78,61.34,1531.0,100.0,3.27,3.08,69.3,0.762,0.346,51.33,0.466,27.4,12460.5,5.98,0.335,False,False
BGW-009,5,2020-11-16,79,60.95,1551.3,97.3,3.22,3.06,78.2,0.76,0.342,48.74,0.443,27.14,12291.9,6.26,0.335,False,False
BGW-009,5,2020-11-17,80,60.57,1571.3,95.0,3.96,3.05,69.2,0.733,0.327,55.94,0.478,29.17,12316.7,6.71,0.472,True,False
BGW-009,5,2020-11-18,81,60.21,1591.0,93.2,3.15,3.03,76.7,0.757,0.335,44.71,0.49,22.81,12010.3,5.57,0.337,False,False
BGW-009,5,2020-11-19,82,59.85,1610.5,92.0,3.03,3.02,77.8,0.758,0.333,42.14,0.477,22.04,11984.1,5.58,0.323,False,False
BGW-009,5,2020-11-20,83,59.51,1629.7,96.4,3.9,3.0,74.7,0.726,0.316,54.11,0.481,28.07,12614.2,6.99,0.483,True,False
BGW-009,5,2020-11-21,84,59.17,1648.7,94.2,3.05,2.99,71.2,0.752,0.325,42.41,0.478,22.13,12300.1,5.9,0.34,False,False
BGW-009,5,2020-11-22,85,58.84,1667.3,93.5,2.93,2.97,68.7,0.752,0.322,40.07,0.479,20.89,12057.6,5.82,0.333,False,False
BGW-009,5,2020-11-23,86,58.53,1685.7,90.4,2.94,2.96,76.5,0.75,0.319,38.48,0.484,19.84,11960.2,5.7,0.338,False,False
BGW-009,5,2020-11-24,87,58.22,1703.8,92.3,4.04,2.95,64.9,0.712,0.3,50.83,0.515,24.67,11964.0,7.08,0.532,True,False
BGW-009,5,2020-11-25,88,57.92,1721.6,100.0,3.13,2.94,72.7,0.739,0.31,44.07,0.491,22.44,12452.0,5.91,0.38,False,False
BGW-009,5,2020-11-26,89,57.63,1739.1,91.4,2.94,2.92,71.8,0.743,0.309,37.69,0.552,16.87,12060.4,5.71,0.352,False,False
BGW-009,5,2020-11-27,90,57.34,1756.4,94.0,2.81,2.91,67.0,0.742,0.306,36.78,0.555,16.38,11936.0,5.57,0.354,False,False
BGW-009,5,2020-11-28,91,57.07,1773.3,93.6,2.9,2.9,76.4,0.74,0.303,37.48,0.522,17.91,12512.6,5.36,0.358,False,False
BGW-009,5,2020-11-29,92,56.8,1790.0,95.4,3.9,2.89,68.6,0.704,0.287,48.47,0.536,22.47,12576.5,6.97,0.538,True,False
BGW-009,5,2020-11-30,93,56.54,1806.4,89.7,2.77,2.88,77.0,0.736,0.298,33.59,0.498,16.87,12100.9,5.71,0.365,False,False
BGW-009,5,2020-12-01,94,56.28,1822.5,88.8,2.75,2.86,74.3,0.734,0.295,32.73,0.515,15.87,12165.3,5.44,0.369,False,False
BGW-009,5,2020-12-02,95,56.04,1838.3,94.2,3.94,2.85,63.6,0.696,0.278,46.9,0.524,22.32,12362.5,7.16,0.562,True,False
BGW-009,5,2020-12-03,96,55.8,1853.8,100.0,3.27,2.84,65.7,0.716,0.284,42.28,0.555,18.79,12528.8,6.22,0.451,True,False
BGW-009,5,2020-12-04,97,55.56,1869.1,93.6,2.72,2.83,76.2,0.729,0.288,33.28,0.538,15.38,12282.9,5.53,0.379,False,False
BGW-009,5,2020-12-05,98,55.34,1884.0,86.5,3.14,2.82,74.2,0.716,0.281,34.65,0.524,16.51,11845.2,5.75,0.438,False,False
BGW-009,5,2020-12-06,99,55.12,1898.7,93.3,2.93,2.81,65.1,0.721,0.281,34.96,0.522,16.73,11916.8,5.92,0.406,False,False
BGW-009,5,2020-12-07,100,54.9,1913.1,88.4,2.86,2.8,74.6,0.722,0.28,32.18,0.526,15.27,12348.9,5.61,0.399,False,False
BGW-009,5,2020-12-08,101,54.7,1927.3,96.9,3.92,2.8,69.6,0.684,0.264,45.55,0.543,20.82,12407.6,6.96,0.589,True,False
BGW-009,5,2020-12-09,102,54.49,1941.1,88.9,3.48,2.79,67.5,0.697,0.267,37.64,0.572,16.13,11950.4,6.15,0.518,True,False
BGW-009,5,2020-12-10,103,54.3,1954.7,91.8,2.91,2.78,66.2,0.714,0.273,33.08,0.573,14.13,12167.6,5.81,0.422,False,False
BGW-009,5,2020-12-11,104,54.1,1968.0,94.2,3.22,2.77,65.0,0.702,0.267,36.71,0.53,17.23,12315.9,5.96,0.48,True,False
BGW-009,5,2020-12-12,105,53.92,1981.1,94.3,3.79,2.76,70.5,0.681,0.257,41.82,0.581,17.5,12243.6,6.92,0.585,True,False
BGW-009,5,2020-12-13,106,53.74,1993.8,85.6,3.96,2.75,63.0,0.674,0.253,38.99,0.599,15.64,11944.3,6.58,0.618,True,False
BGW-009,5,2020-12-14,107,53.56,2006.4,96.1,3.39,2.75,72.0,0.691,0.259,38.26,0.581,16.02,12428.1,6.38,0.523,True,False
BGW-009,5,2020-12-15,108,53.39,2018.6,90.5,2.74,2.74,66.6,0.711,0.265,29.83,0.615,11.49,12354.7,5.82,0.413,False,False
BGW-009,5,2020-12-16,109,53.22,2030.6,90.0,2.83,2.73,72.6,0.707,0.262,30.28,0.559,13.34,12493.6,5.53,0.433,False,False
BGW-009,5,2020-12-17,110,53.06,2042.4,89.8,3.72,2.72,70.2,0.675,0.249,37.78,0.598,15.19,12229.2,6.56,0.592,True,True
BGW-009,5,2020-12-18,111,52.91,2053.9,93.2,2.96,2.72,65.0,0.699,0.257,32.17,0.597,12.95,12312.1,5.74,0.464,True,False
BGW-009,5,2020-12-19,112,52.75,2065.1,87.2,2.85,2.71,68.3,0.701,0.256,28.98,0.588,11.94,11933.5,5.67,0.449,False,False
BGW-009,5,2020-12-20,113,52.6,2076.1,85.9,3.66,2.7,65.5,0.673,0.245,34.99,0.587,14.44,11896.0,6.34,0.594,True,False
BGW-009,5,2020-12-21,114,52.46,2086.9,88.9,2.79,2.7,65.5,0.7,0.254,28.59,0.634,10.48,12065.8,5.66,0.444,False,False
BGW-009,5,2020-12-22,115,52.32,2097.4,88.6,3.67,2.69,70.1,0.669,0.242,35.75,0.628,13.31,11968.8,6.38,0.603,True,False
BGW-009,5,2020-12-23,116,52.18,2107.7,89.7,2.55,2.69,69.2,0.701,0.252,26.25,0.623,9.9,12232.4,5.35,0.434,False,False
BGW-009,5,2020-12-24,117,52.05,2117.8,98.1,2.97,2.68,71.0,0.69,0.247,32.75,0.594,13.3,12490.4,5.63,0.487,True,False
BGW-009,5,2020-12-25,118,51.92,2127.7,89.4,2.56,2.67,66.7,0.698,0.25,25.98,0.586,10.76,12129.3,5.01,0.438,False,False
BGW-009,5,2020-12-26,119,51.8,2137.3,88.6,2.6,2.67,64.4,0.697,0.248,26.01,0.612,10.08,12075.5,5.35,0.44,False,False
BGW-009,5,2020-12-27,120,51.67,2146.7,87.3,2.75,2.66,65.8,0.693,0.246,26.84,0.644,9.55,11997.5,5.62,0.458,True,False
BGW-009,5,2020-12-28,121,51.55,2155.9,96.7,3.6,2.66,68.8,0.664,0.235,37.13,0.651,12.98,12304.4,6.25,0.61,True,False
BGW-009,5,2020-12-29,122,51.44,2164.9,96.9,3.32,2.65,70.4,0.672,0.237,34.66,0.627,12.93,12447.8,5.96,0.564,True,False
BGW-009,5,2020-12-30,123,51.33,2173.6,86.7,3.8,2.65,59.1,0.655,0.23,34.39,0.618,13.15,11993.3,6.6,0.65,True,False
BGW-009,5,2020-12-31,124,51.22,2182.2,86.4,2.58,2.64,66.3,0.692,0.242,24.54,0.609,9.6,11836.7,5.39,0.451,True,False
BGW-009,5,2021-01-01,125,51.11,2190.6,93.0,2.9,2.64,63.9,0.682,0.238,29.19,0.68,9.33,12305.0,5.77,0.498,True,False
BGW-009,5,2021-01-02,126,51.01,2198.8,89.9,2.7,2.63,65.2,0.688,0.239,26.41,0.628,9.83,12430.4,5.47,0.466,True,False
BGW-009,5,2021-01-03,127,50.91,2206.7,91.9,3.64,2.63,66.7,0.656,0.227,34.53,0.669,11.44,12248.3,6.49,0.632,True,False
BGW-009,5,2021-01-04,128,50.81,2214.5,86.9,2.55,2.62,63.9,0.688,0.238,24.0,0.686,7.53,12086.4,5.22,0.458,True,False
BGW-009,5,2021-01-05,129,50.72,2222.1,86.1,2.75,2.62,67.1,0.683,0.236,25.36,0.636,9.23,12105.4,5.45,0.482,True,False
BGW-009,5,2021-01-06,130,50.62,2229.6,94.6,3.73,2.62,65.7,0.649,0.223,35.84,0.659,12.24,12199.3,6.75,0.657,True,False
BGW-009,5,2021-01-07,131,50.54,2236.8,91.0,2.59,2.61,65.0,0.686,0.235,25.18,0.668,8.35,12226.2,5.27,0.463,True,False
BGW-009,5,2021-01-08,132,50.45,2243.9,95.9,3.4,2.61,68.7,0.658,0.225,33.41,0.673,10.94,12632.6,6.29,0.603,True,False
BGW-009,5,2021-01-09,133,50.36,2250.8,84.1,3.62,2.6,67.1,0.65,0.222,30.68,0.682,9.77,11698.8,6.13,0.644,True,False
BGW-009,5,2021-01-10,134,50.28,2257.5,86.0,2.61,2.6,69.0,0.683,0.233,23.69,0.667,7.88,11741.2,5.4,0.469,True,False
BGW-009,5,2021-01-11,135,50.2,2264.1,92.2,3.08,2.6,62.7,0.666,0.226,29.25,0.682,9.29,12254.2,5.86,0.554,True,True
BGW-009,5,2021-01-12,136,50.12,2270.5,89.7,2.7,2.59,70.7,0.678,0.23,25.32,0.692,7.79,12280.0,5.44,0.49,True,False
BGW-009,6,2021-01-24,1,153.83,130.7,100.0,5.74,5.07,83.0,0.878,0.775,202.1,0.179,165.97,11979.8,8.73,0.118,False,False
BGW-009,6,2021-01-25,2,150.37,140.5,100.0,5.17,5.04,88.9,0.896,0.788,185.01,0.166,154.35,12077.8,8.03,0.023,False,False
BGW-009,6,2021-01-26,3,147.02,151.0,97.9,6.5,5.01,86.4,0.85,0.745,215.32,0.114,190.72,12031.0,9.52,0.261,False,False
BGW-009,6,2021-01-27,4,143.78,162.0,100.0,4.89,4.98,87.7,0.9,0.785,174.27,0.208,138.1,12230.1,7.66,0.0,False,False
BGW-009,6,2021-01-28,5,140.64,173.5,100.0,4.92,4.95,91.6,0.9,0.781,174.61,0.157,147.24,12361.9,7.92,0.0,False,False
BGW-009,6,2021-01-29,6,137.61,185.7,100.0,4.8,4.92,82.6,0.9,0.777,169.28,0.18,138.89,12248.9,8.03,0.0,False,False
BGW-009,6,2021-01-30,7,134.67,198.5,100.0,4.93,4.89,84.7,0.899,0.771,172.76,0.178,141.99,12090.8,7.89,0.007,False,False
BGW-009,6,2021-01-31,8,131.83,211.9,100.0,6.28,4.86,78.0,0.853,0.727,207.56,0.182,169.7,12062.0,9.27,0.252,False,False
BGW-009,6,2021-02-01,9,129.08,225.9,99.2,6.23,4.82,82.5,0.853,0.723,203.23,0.177,167.31,12153.3,9.23,0.253,False,False
BGW-009,6,2021-02-02,10,126.43,240.6,100.0,4.95,4.79,88.7,0.895,0.753,169.49,0.218,132.48,12173.5,8.1,0.038,False,False
BGW-009,6,2021-02-03,11,123.85,255.9,97.7,4.63,4.75,93.6,0.9,0.752,154.78,0.226,119.84,11867.7,7.41,0.013,False,False
BGW-009,6,2021-02-04,12,121.37,271.8,100.0,4.53,4.72,88.4,0.9,0.747,153.82,0.202,122.8,12368.8,7.7,0.016,False,False
BGW-009,6,2021-02-05,13,118.96,288.4,99.9,5.96,4.68,78.4,0.858,0.706,191.02,0.211,150.71,12102.3,8.97,0.243,False,False
BGW-009,6,2021-02-06,14,116.63,305.5,100.0,5.08,4.64,82.6,0.885,0.723,167.04,0.218,130.65,12113.0,8.18,0.101,False,False
BGW-009,6,2021-02-07,15,114.38,323.4,100.0,4.6,4.61,87.5,0.9,0.729,152.4,0.237,116.29,11976.0,7.35,0.028,False,False
BGW-009,6,2021-02-08,16,112.2,341.8,100.0,4.39,4.57,91.3,0.9,0.722,144.25,0.213,113.52,12216.7,7.34,0.032,False,False
BGW-009,6,2021-02-09,17,110.09,360.9,100.0,5.38,4.53,88.5,0.872,0.693,169.42,0.265,124.6,12251.9,8.61,0.185,False,False
BGW-009,6,2021-02-10,18,108.05,380.5,100.0,5.46,4.49,80.1,0.868,0.683,169.6,0.27,123.78,12332.1,8.57,0.211,False,False
BGW-009,6,2021-02-11,19,106.08,400.8,100.0,4.77,4.45,92.5,0.889,0.694,150.24,0.239,114.27,12077.9,7.53,0.101,False,False
BGW-009,6,2021-02-12,20,104.17,421.6,100.0,4.41,4.41,91.1,0.897,0.693,138.67,0.271,101.06,12215.3,7.48,0.05,False,False
BGW-009,6,2021-02-13,21,102.32,443.0,100.0,4.51,4.37,84.6,0.891,0.68,139.27,0.286,99.43,12188.4,7.63,0.078,False,False
BGW-009,6,2021-02-14,22,100.53,465.0,98.8,4.37,4.33,86.6,0.891,0.673,132.22,0.27,96.52,12285.1,7.38,0.067,False,False
BGW-009,6,2021-02-15,23,98.8,487.5,97.5,4.28,4.29,85.6,0.89,0.664,125.92,0.262,92.92,12158.8,7.01,0.065,False,False
BGW-009,6,2021-02-16,24,97.13,510.6,100.0,5.53,4.25,82.1,0.845,0.623,156.75,0.305,108.88,12190.3,8.69,0.294,False,False
BGW-009,6,2021-02-17,25,95.51,534.1,99.8,4.03,4.22,91.9,0.884,0.645,117.94,0.316,80.72,12493.7,6.69,0.076,False,False
BGW-009,6,2021-02-18,26,93.95,558.1,95.6,5.13,4.18,82.9,0.85,0.613,136.43,0.314,93.62,12243.6,8.19,0.248,False,False
BGW-009,6,2021-02-19,27,92.43,582.5,100.0,5.89,4.14,82.7,0.82,0.584,156.32,0.339,103.26,12402.1,9.41,0.394,False,False
BGW-009,6,2021-02-20,28,90.97,607.4,94.6,4.32,4.1,79.0,0.869,0.611,113.26,0.327,76.26,12131.0,7.11,0.131,False,False
BGW-009,6,2021-02-21,29,89.55,632.7,96.7,4.17,4.06,81.1,0.869,0.603,110.56,0.34,72.93,12313.7,7.27,0.118,False,False
BGW-009,6,2021-02-22,30,88.18,658.4,97.4,4.06,4.02,85.8,0.868,0.595,107.04,0.304,74.54,11997.7,6.67,0.111,False,False
BGW-009,6,2021-02-23,31,86.85,684.4,96.5,3.82,3.98,80.2,0.867,0.586,98.14,0.307,68.0,12199.2,6.66,0.11,False,False
BGW-009,6,2021-02-24,32,85.57,710.8,100.0,4.7,3.95,82.7,0.838,0.559,119.63,0.353,77.39,12227.8,7.91,0.249,False,False
BGW-009,6,2021-02-25,33,84.32,737.4,100.0,3.81,3.91,85.8,0.861,0.567,98.1,0.343,64.48,12479.9,6.68,0.122,False,False
BGW-009,6,2021-02-26,34,83.12,764.3,97.3,4.3,3.87,81.0,0.843,0.548,104.09,0.391,63.36,12180.5,7.27,0.203,False,False
BGW-009,6,2021-02-27,35,81.96,791.5,100.0,4.6,3.83,85.2,0.829,0.531,110.99,0.381,68.71,12323.5,7.76,0.268,False,False
BGW-009,6,2021-02-28,36,80.84,818.9,96.1,3.93,3.8,79.3,0.847,0.535,91.98,0.34,60.72,12140.7,6.85,0.164,False,False
BGW-009,6,2021-03-01,37,79.75,846.4,100.0,3.6,3.76,76.9,0.848,0.529,86.55,0.39,52.77,12355.3,6.45,0.147,False,False
BGW-009,6,2021-03-02,38,78.7,874.1,100.0,3.64,3.73,84.9,0.845,0.52,86.05,0.406,51.12,12214.5,6.48,0.153,False,False
BGW-009,6,2021-03-03,39,77.68,902.0,94.7,3.63,3.7,85.0,0.841,0.511,79.7,0.411,46.98,12153.2,6.48,0.16,False,False
BGW-009,6,2021-03-04,40,76.69,929.9,95.2,3.82,3.66,81.5,0.833,0.498,82.45,0.411,48.53,12417.4,6.83,0.194,False,False
BGW-009,6,2021-03-05,41,75.74,957.9,100.0,4.99,3.63,82.2,0.789,0.466,105.76,0.395,63.94,12226.2,8.09,0.411,False,False
BGW-009,6,2021-03-06,42,74.82,986.0,99.2,3.55,3.6,83.3,0.832,0.484,77.48,0.415,45.36,12303.3,6.03,0.179,False,False
BGW-009,6,2021-03-07,43,73.92,1014.0,97.8,3.6,3.57,81.8,0.827,0.475,76.1,0.418,44.26,12218.1,6.36,0.191,False,False
BGW-009,6,2021-03-08,44,73.06,1042.1,95.6,3.59,3.53,78.3,0.823,0.467,72.85,0.395,44.07,12270.5,6.29,0.202,False,False
BGW-009,6,2021-03-09,45,72.23,1070.1,96.3,3.8,3.5,75.4,0.812,0.454,75.56,0.431,42.97,12309.9,7.12,0.25,False,False
BGW-009,6,2021-03-10,46,71.42,1098.1,95.2,3.51,3.47,75.7,0.817,0.451,68.53,0.467,36.53,12578.7,6.37,0.21,False,False
BGW-009,6,2021-03-11,47,70.64,1126.0,94.8,4.84,3.45,74.4,0.769,0.419,87.3,0.492,44.36,12389.4,8.18,0.454,True,False
BGW-009,6,2021-03-12,48,69.88,1153.7,92.5,4.55,3.42,70.7,0.774,0.416,79.69,0.456,43.36,11995.7,7.34,0.416,False,False
BGW-009,6,2021-03-13,49,69.15,1181.4,95.1,3.46,3.39,76.8,0.807,0.428,64.02,0.433,36.29,12289.7,6.39,0.235,False,False
BGW-009,6,2021-03-14,50,68.44,1208.9,94.1,3.29,3.36,72.6,0.806,0.422,59.39,0.449,32.71,12073.2,6.06,0.229,False,False
BGW-009,6,2021-03-15,51,67.76,1236.2,99.4,3.96,3.34,75.9,0.782,0.405,72.31,0.466,38.64,12243.2,7.16,0.344,False,False
BGW-009,6,2021-03-16,52,67.09,1263.3,100.0,4.59,3.31,78.2,0.757,0.387,80.72,0.52,38.76,12431.9,7.53,0.466,True,False
BGW-009,6,2021-03-17,53,66.45,1290.2,99.4,4.72,3.29,68.3,0.748,0.378,80.54,0.496,40.58,12316.1,7.66,0.498,True,False
BGW-009,6,2021-03-18,54,65.83,1316.9,94.1,3.3,3.26,77.5,0.792,0.395,55.7,0.485,28.69,12092.0,6.31,0.26,False,False
BGW-009,6,2021-03-19,55,65.23,1343.3,96.7,3.93,3.24,74.8,0.767,0.378,65.37,0.477,34.18,12390.5,6.7,0.382,False,False
BGW-009,6,2021-03-20,56,64.65,1369.5,94.2,3.26,3.21,79.6,0.785,0.383,53.45,0.459,28.94,11962.2,6.03,0.274,False,False
BGW-009,6,2021-03-21,57,64.09,1395.4,94.3,3.11,3.19,78.9,0.784,0.378,50.32,0.452,27.59,12468.2,6.17,0.272,False,False
BGW-009,6,2021-03-22,58,63.55,1420.9,99.4,4.45,3.17,69.3,0.738,0.352,70.62,0.499,35.36,12264.7,7.49,0.501,True,False
BGW-009,6,2021-03-23,59,63.02,1446.2,94.3,3.16,3.15,71.3,0.778,0.366,49.56,0.554,22.08,12176.4,5.99,0.285,False,False
BGW-009,6,2021-03-24,60,62.51,1471.2,98.9,3.68,3.13,72.0,0.757,0.352,58.31,0.519,28.05,12476.4,6.58,0.386,False,False
BGW-009,6,2021-03-25,61,62.02,1495.9,99.8,3.44,3.11,76.7,0.761,0.351,54.77,0.513,26.68,12681.8,6.43,0.353,False,False
BGW-009,6,2021-03-26,62,61.55,1520.2,92.2,4.39,3.09,65.4,0.726,0.331,60.89,0.555,27.07,11897.7,7.16,0.528,True,False
BGW-009,6,2021-03-27,63,61.09,1544.1,95.1,3.16,3.07,70.7,0.763,0.345,47.1,0.537,21.8,12325.6,5.98,0.322,False,False
BGW-009,6,2021-03-28,64,60.64,1567.7,93.2,3.81,3.05,68.0,0.738,0.33,53.28,0.556,23.64,12160.0,6.72,0.445,False,False
BGW-009,6,2021-03-29,65,60.21,1591.0,91.0,3.18,3.03,79.4,0.756,0.335,43.96,0.517,21.24,12183.8,6.16,0.342,False,False
BGW-009,6,2021-03-30,66,59.79,1613.8,90.1,4.07,3.01,66.4,0.723,0.317,52.8,0.54,24.3,11989.9,6.78,0.506,True,False
BGW-009,6,2021-03-31,67,59.39,1636.3,89.7,3.0,3.0,73.0,0.756,0.328,40.13,0.553,17.94,12291.6,5.97,0.327,False,False
BGW-009,6,2021-04-01,68,59.0,1658.4,94.7,3.72,2.98,68.4,0.729,0.313,50.15,0.561,22.0,12282.9,6.59,0.46,True,False
BGW-009,6,2021-04-02,69,58.62,1680.2,92.3,2.95,2.97,68.9,0.751,0.32,39.58,0.526,18.76,12485.2,5.79,0.336,False,False
BGW-009,6,2021-04-03,70,58.26,1701.5,100.0,4.16,2.95,63.9,0.708,0.299,56.47,0.583,23.55,12356.7,6.98,0.552,True,False
BGW-009,6,2021-04-04,71,57.9,1722.5,90.5,2.82,2.93,68.0,0.746,0.312,36.2,0.618,13.84,12048.2,5.56,0.346,False,False
BGW-009,6,2021-04-05,72,57.56,1743.0,93.4,3.06,2.92,66.8,0.739,0.307,39.79,0.604,15.75,12018.2,5.93,0.374,False,False
BGW-009,6,2021-04-06,73,57.23,1763.2,93.6,2.83,2.91,76.0,0.741,0.305,36.74,0.608,14.4,12011.8,5.75,0.355,False,False
BGW-009,6,2021-04-07,74,56.91,1782.9,93.1,3.13,2.89,68.8,0.731,0.298,39.58,0.607,15.57,12217.3,5.65,0.402,False,False
BGW-009,6,2021-04-08,75,56.6,1802.3,90.1,2.88,2.88,66.3,0.736,0.298,35.19,0.604,13.92,12117.2,5.58,0.364,False,False
BGW-009,6,2021-04-09,76,56.3,1821.3,90.4,2.76,2.87,74.8,0.734,0.295,33.47,0.649,11.75,12012.8,5.54,0.368,False,False
BGW-009,6,2021-04-10,77,56.01,1839.9,94.2,3.75,2.85,68.5,0.702,0.28,45.02,0.643,16.09,12398.2,6.59,0.53,True,False
BGW-009,6,2021-04-11,78,55.73,1858.1,88.4,2.72,2.84,76.4,0.73,0.289,31.64,0.66,10.75,12167.5,5.44,0.377,False,False
BGW-009,6,2021-04-12,79,55.46,1875.9,90.1,2.74,2.83,67.7,0.728,0.286,32.19,0.661,10.91,11830.6,5.38,0.381,False,False
BGW-009,6,2021-04-13,80,55.2,1893.3,92.2,4.08,2.82,64.8,0.684,0.267,45.72,0.605,18.07,12004.4,6.98,0.606,True,False
BGW-009,6,2021-04-14,81,54.95,1910.3,89.8,2.82,2.81,71.8,0.723,0.281,32.3,0.66,10.97,12293.4,5.6,0.391,False,False
BGW-009,6,2021-04-15,82,54.7,1926.9,92.0,2.83,2.8,65.4,0.721,0.278,32.86,0.657,11.26,12165.3,5.61,0.398,False,False
BGW-009,6,2021-04-16,83,54.46,1943.2,94.3,3.35,2.79,65.1,0.701,0.269,38.6,0.682,12.29,12061.2,6.5,0.495,True,False
BGW-009,6,2021-04-17,84,54.23,1959.1,98.9,3.49,2.78,66.7,0.694,0.264,41.48,0.639,15.0,12451.2,6.09,0.525,True,False
BGW-009,6,2021-04-18,85,54.01,1974.6,89.3,2.85,2.77,72.3,0.714,0.27,31.23,0.693,9.6,12158.4,5.81,0.418,False,False
BGW-009,6,2021-04-19,86,53.79,1989.8,93.5,3.62,2.76,70.0,0.686,0.258,39.7,0.697,12.03,12145.6,6.37,0.558,True,False
BGW-009,6,2021-04-20,87,53.59,2004.5,97.2,3.95,2.75,66.1,0.673,0.252,43.88,0.688,13.67,12283.8,6.9,0.62,True,False
BGW-009,6,2021-04-21,88,53.39,2019.0,97.0,2.88,2.74,72.9,0.706,0.263,33.43,0.669,11.05,12388.2,5.72,0.439,False,False
BGW-010,1,2019-03-14,1,168.06,46.2,100.0,6.5,5.32,85.7,0.861,0.783,231.4,0.162,193.95,12006.7,9.3,0.206,False,False
BGW-010,1,2019-03-15,2,164.62,49.5,97.5,5.16,5.31,88.4,0.9,0.818,187.35,0.133,162.37,12185.9,8.24,0.0,False,False
BGW-010,1,2019-03-16,3,161.28,52.9,100.0,5.97,5.3,88.4,0.878,0.797,216.14,0.134,187.14,12077.1,8.83,0.117,False,False
BGW-010,1,2019-03-17,4,158.03,56.5,100.0,5.12,5.29,88.1,0.9,0.816,190.12,0.151,161.39,11822.5,8.01,0.0,False,False
BGW-010,1,2019-03-18,5,154.87,60.3,100.0,5.41,5.27,88.9,0.896,0.811,199.43,0.169,165.68,12163.0,8.09,0.023,False,False
BGW-010,1,2019-03-19,6,151.81,64.3,100.0,5.44,5.26,82.3,0.894,0.809,200.07,0.158,168.48,11798.3,8.3,0.031,False,False
BGW-010,1,2019-03-20,7,148.83,68.5,100.0,5.26,5.25,84.4,0.9,0.813,194.24,0.171,160.94,12124.1,8.23,0.001,False,False
BGW-010,1,2019-03-21,8,145.93,72.9,100.0,4.98,5.23,84.2,0.9,0.812,183.61,0.194,148.04,11967.1,8.21,0.0,False,False
BGW-010,1,2019-03-22,9,143.12,77.5,95.7,6.5,5.22,81.9,0.857,0.772,218.3,0.159,183.6,12217.5,9.37,0.224,False,False
BGW-010,1,2019-03-23,10,140.38,82.3,100.0,6.5,5.21,84.0,0.857,0.771,227.64,0.212,179.45,12291.9,9.6,0.227,False,False
BGW-010,1,2019-03-24,11,137.72,87.3,100.0,6.44,5.19,81.5,0.858,0.771,225.41,0.207,178.81,11948.0,9.46,0.218,False,False
BGW-010,1,2019-03-25,12,135.14,92.6,99.8,5.61,5.17,90.4,0.886,0.793,201.75,0.199,161.64,11987.8,8.35,0.076,False,False
BGW-010,1,2019-03-26,13,132.63,98.1,100.0,5.97,5.16,81.5,0.873,0.781,211.76,0.225,164.2,12270.5,9.21,0.142,False,False
BGW-010,1,2019-03-27,14,130.19,103.8,100.0,5.91,5.14,89.3,0.875,0.78,209.45,0.212,165.14,12114.1,8.98,0.134,False,False
BGW-010,1,2019-03-28,15,127.82,109.8,100.0,5.61,5.12,88.4,0.884,0.787,200.66,0.182,164.17,12138.3,8.3,0.085,False,False
BGW-010,1,2019-03-29,16,125.52,115.9,100.0,6.08,5.11,90.2,0.867,0.77,213.0,0.239,162.06,12141.6,9.21,0.171,False,False
BGW-010,1,2019-03-30,17,123.28,122.3,100.0,6.5,5.09,81.2,0.853,0.756,223.23,0.175,184.21,12200.6,9.79,0.247,False,False
BGW-010,1,2019-03-31,18,121.11,129.0,100.0,5.31,5.07,80.5,0.892,0.788,190.25,0.22,148.37,12099.0,8.51,0.042,False,False
BGW-010,1,2019-04-01,19,118.99,135.9,100.0,6.23,5.05,87.3,0.861,0.758,214.75,0.226,166.28,12245.7,9.06,0.206,False,False
BGW-010,1,2019-04-02,20,116.94,143.0,99.5,5.26,5.03,89.5,0.892,0.784,186.6,0.243,141.33,12390.9,8.3,0.04,False,False
BGW-010,1,2019-04-03,21,114.94,150.3,100.0,4.83,5.01,91.8,0.9,0.788,173.04,0.214,136.01,12259.7,7.75,0.0,False,False
BGW-010,1,2019-04-04,22,113.0,157.9,100.0,6.43,4.99,86.5,0.852,0.744,217.37,0.238,165.62,11843.7,9.24,0.251,False,False
BGW-010,1,2019-04-05,23,111.12,165.7,100.0,4.98,4.97,86.3,0.9,0.783,177.15,0.245,133.67,11773.4,7.94,0.001,False,False
BGW-010,1,2019-04-06,24,109.29,173.7,97.9,4.9,4.95,82.2,0.9,0.781,170.17,0.294,120.06,12187.3,8.01,0.0,False,False
BGW-010,1,2019-04-07,25,107.51,182.0,100.0,5.34,4.93,80.9,0.886,0.766,185.91,0.243,140.72,12298.5,8.46,0.072,False,False
BGW-010,1,2019-04-08,26,105.78,190.5,100.0,4.74,4.91,86.3,0.9,0.775,167.07,0.271,121.77,12271.2,7.57,0.0,False,False
BGW-010,1,2019-04-09,27,104.1,199.2,100.0,6.07,4.89,83.6,0.861,0.738,203.64,0.278,147.03,12055.7,9.39,0.207,False,False
BGW-010,1,2019-04-10,28,102.46,208.1,100.0,5.13,4.87,92.9,0.891,0.762,177.48,0.25,133.03,12180.6,8.2,0.048,False,False
BGW-010,1,2019-04-11,29,100.87,217.3,100.0,5.34,4.84,86.8,0.883,0.752,182.5,0.293,129.12,12235.7,8.48,0.091,False,False
BGW-010,1,2019-04-12,30,99.33,226.6,99.3,4.99,4.82,86.8,0.894,0.758,170.65,0.271,124.4,12045.7,7.96,0.035,False,False
BGW-010,1,2019-04-13,31,97.83,236.1,100.0,5.4,4.8,91.1,0.88,0.742,182.23,0.304,126.88,12157.8,8.18,0.114,False,False
BGW-010,1,2019-04-14,32,96.37,245.9,100.0,4.92,4.78,93.9,0.895,0.752,168.24,0.323,113.9,12054.9,8.16,0.036,False,False
BGW-010,1,2019-04-15,33,94.96,255.8,97.8,4.52,4.75,82.7,0.9,0.753,151.16,0.275,109.62,12329.5,7.41,0.013,False,False
BGW-010,1,2019-04-16,34,93.58,265.9,100.0,4.59,4.73,87.0,0.9,0.749,156.23,0.292,110.66,12028.5,7.71,0.015,False,False
BGW-010,1,2019-04-17,35,92.25,276.1,100.0,4.64,4.71,89.0,0.9,0.745,157.08,0.295,110.8,12038.5,7.57,0.017,False,False
BGW-010,1,2019-04-18,36,90.95,286.6,100.0,5.19,4.68,84.4,0.883,0.728,171.79,0.307,119.06,12313.0,8.25,0.109,False,False
BGW-010,1,2019-04-19,37,89.68,297.2,97.6,5.17,4.66,82.8,0.883,0.724,166.18,0.268,121.67,12082.9,7.97,0.112,False,False
BGW-010,1,2019-04-20,38,88.46,307.9,100.0,5.36,4.64,87.3,0.876,0.715,174.08,0.362,111.12,11884.7,8.27,0.151,False,False
BGW-010,1,2019-04-21,39,87.26,318.8,99.2,5.11,4.62,91.6,0.884,0.717,165.0,0.312,113.46,11856.1,8.14,0.113,False,False
BGW-010,1,2019-04-22,40,86.11,329.9,100.0,4.48,4.59,85.3,0.9,0.727,147.92,0.349,96.33,12274.1,7.56,0.03,False,False
BGW-010,1,2019-04-23,41,84.98,341.0,100.0,6.22,4.57,78.7,0.845,0.678,191.8,0.336,127.36,12319.5,9.34,0.321,False,False
BGW-010,1,2019-04-24,42,83.89,352.3,100.0,5.02,4.55,91.5,0.884,0.706,161.2,0.331,107.83,12262.3,8.03,0.118,False,False
BGW-010,1,2019-04-25,43,82.82,363.7,97.6,6.32,4.52,84.4,0.84,0.667,186.99,0.313,128.43,12129.2,9.33,0.352,False,False
BGW-010,1,2019-04-26,44,81.79,375.2,100.0,4.39,4.5,86.3,0.9,0.711,141.66,0.331,94.78,12033.0,7.04,0.04,False,False
BGW-010,1,2019-04-27,45,80.78,386.7,97.8,4.67,4.48,85.4,0.894,0.702,145.58,0.319,99.2,11948.2,7.42,0.075,False,False
BGW-010,1,2019-04-28,46,79.81,398.4,100.0,6.37,4.46,83.3,0.836,0.653,188.93,0.332,126.22,12302.2,9.62,0.379,False,False
BGW-010,1,2019-04-29,47,78.86,410.1,99.3,4.55,4.43,83.2,0.895,0.695,142.69,0.317,97.51,12028.4,7.41,0.068,False,False
BGW-010,1,2019-04-30,48,77.94,421.9,95.7,6.34,4.41,76.6,0.833,0.643,177.12,0.352,114.75,12008.7,9.27,0.387,False,False
BGW-010,1,2019-05-01,49,77.04,433.7,99.7,5.85,4.39,82.0,0.847,0.65,172.34,0.363,109.82,12063.5,9.05,0.309,False,False
BGW-010,1,2019-05-02,50,76.17,445.6,96.0,5.25,4.37,87.6,0.865,0.66,151.28,0.323,102.39,11969.7,7.96,0.211,False,False
BGW-010,1,2019-05-03,51,75.33,457.5,98.5,4.35,4.35,81.4,0.893,0.677,131.91,0.374,82.63,12314.7,7.07,0.06,False,False
BGW-010,1,2019-05-04,52,74.51,469.5,100.0,6.19,4.33,79.9,0.83,0.625,175.89,0.367,111.41,12215.3,9.63,0.387,False,False
BGW-010,1,2019-05-05,53,73.71,481.5,100.0,5.96,4.31,80.3,0.835,0.626,169.5,0.401,101.46,12233.4,9.04,0.354,False,False
BGW-010,1,2019-05-06,54,72.93,493.4,98.1,4.16,4.28,89.3,0.889,0.662,122.72,0.386,75.31,12047.6,7.04,0.067,False,False
BGW-010,1,2019-05-07,55,72.18,505.4,100.0,4.43,4.26,90.0,0.882,0.653,131.33,0.361,83.91,12207.8,7.45,0.098,False,False
BGW-010,1,2019-05-08,56,71.44,517.4,100.0,4.04,4.24,88.5,0.886,0.652,119.57,0.377,74.47,12089.2,6.6,0.072,False,False
BGW-010,1,2019-05-09,57,70.73,529.3,100.0,4.24,4.22,81.3,0.884,0.647,124.69,0.365,79.15,12377.0,7.45,0.078,False,False
BGW-010,1,2019-05-10,58,70.04,541.3,97.9,4.14,4.2,91.2,0.884,0.642,118.3,0.429,67.51,12079.8,6.91,0.078,False,False
BGW-010,1,2019-05-11,59,69.37,553.2,100.0,4.8,4.18,87.2,0.862,0.622,135.8,0.413,79.73,12388.3,7.83,0.188,False,False
BGW-010,1,2019-05-12,60,68.71,565.0,99.4,4.51,4.16,82.8,0.869,0.624,127.09,0.415,74.38,12162.4,7.35,0.143,False,False
BGW-010,1,2019-05-13,61,68.08,576.8,99.4,3.97,4.15,80.6,0.879,0.628,112.7,0.439,63.27,12328.4,6.94,0.086,False,False
BGW-010,1,2019-05-14,62,67.46,588.6,99.5,4.07,4.13,89.6,0.878,0.623,114.53,0.392,69.65,12507.8,7.25,0.088,False,False
BGW-010,1,2019-05-15,63,66.86,600.3,100.0,4.32,4.11,90.3,0.87,0.613,120.51,0.41,71.06,11965.3,7.19,0.128,False,False
BGW-010,1,2019-05-16,64,66.28,611.9,97.0,3.97,4.09,79.1,0.875,0.614,107.35,0.41,63.37,12322.1,6.98,0.094,False,False
BGW-010,1,2019-05-17,65,65.71,623.5,96.5,4.13,4.07,85.1,0.872,0.608,110.16,0.467,58.71,12257.3,7.01,0.106,False,False
BGW-010,1,2019-05-18,66,65.16,635.0,97.8,3.96,4.06,80.4,0.873,0.605,106.57,0.414,62.4,12242.1,6.77,0.099,False,False
BGW-010,1,2019-05-19,67,64.62,646.4,100.0,3.93,4.04,80.2,0.871,0.601,107.3,0.44,60.08,12475.8,6.97,0.101,False,False
BGW-010,1,2019-05-20,68,64.1,657.7,100.0,5.56,4.02,74.3,0.819,0.561,141.87,0.453,77.65,12197.5,8.7,0.374,False,False
BGW-010,1,2019-05-21,69,63.6,668.9,100.0,5.25,4.01,83.7,0.827,0.564,134.54,0.453,73.66,12158.8,8.45,0.325,False,False
BGW-010,1,2019-05-22,70,63.11,680.0,100.0,4.37,3.99,83.3,0.855,0.579,115.12,0.442,64.28,12258.8,7.26,0.176,False,False
BGW-010,1,2019-05-23,71,62.63,691.0,100.0,3.96,3.97,85.4,0.866,0.584,105.15,0.481,54.52,12295.3,6.8,0.112,False,False
BGW-010,1,2019-05-24,72,62.17,701.9,100.0,5.39,3.96,80.5,0.817,0.548,134.2,0.441,75.03,12314.9,8.37,0.365,False,False
BGW-010,1,2019-05-25,73,61.72,712.7,98.5,5.49,3.94,81.4,0.812,0.541,132.94,0.454,72.56,12256.2,8.65,0.387,False,False
BGW-010,1,2019-05-26,74,61.28,723.4,96.3,4.76,3.93,75.9,0.835,0.553,115.23,0.448,63.66,12428.9,7.75,0.264,False,False
BGW-010,1,2019-05-27,75,60.85,733.9,94.3,4.65,3.91,81.7,0.837,0.552,109.89,0.439,61.7,12026.4,7.68,0.25,False,False
BGW-010,1,2019-05-28,76,60.44,744.3,100.0,4.96,3.9,75.6,0.824,0.541,121.98,0.488,62.51,12413.3,8.05,0.31,False,False
BGW-010,1,2019-05-29,77,60.04,754.6,98.2,3.85,3.88,81.9,0.859,0.56,96.21,0.464,51.57,12087.0,6.81,0.126,False,False
BGW-010,1,2019-05-30,78,59.65,764.8,98.0,4.96,3.87,85.4,0.821,0.533,117.84,0.458,63.88,12389.1,8.03,0.32,False,False
BGW-010,1,2019-05-31,79,59.27,774.8,99.3,3.84,3.86,84.4,0.856,0.553,95.81,0.49,48.85,12476.9,6.9,0.131,False,False
BGW-010,1,2019-06-01,80,58.9,784.7,97.8,3.7,3.84,78.8,0.855,0.55,90.44,0.482,46.82,12050.7,6.58,0.133,False,False
BGW-010,1,2019-06-02,81,58.54,794.5,97.0,3.95,3.83,85.5,0.85,0.544,94.65,0.487,48.52,12487.1,6.77,0.156,False,False
BGW-010,1,2019-06-03,82,58.19,804.1,100.0,4.32,3.82,83.9,0.836,0.533,104.47,0.509,51.28,12503.2,7.29,0.224,False,False
BGW-010,1,2019-06-04,83,57.85,813.6,97.1,3.94,3.81,83.7,0.847,0.537,93.36,0.504,46.34,12192.0,7.11,0.163,False,False
BGW-010,1,2019-06-05,84,57.53,822.9,100.0,4.7,3.79,84.7,0.82,0.518,110.6,0.517,53.43,12238.7,7.44,0.3,False,False
BGW-010,1,2019-06-06,85,57.21,832.1,97.7,5.09,3.78,82.6,0.806,0.506,114.37,0.53,53.73,12201.3,8.22,0.372,False,False
BGW-010,1,2019-06-07,86,56.9,841.2,100.0,5.16,3.77,73.0,0.802,0.502,117.65,0.512,57.44,12394.5,8.21,0.389,False,False
BGW-010,1,2019-06-08,87,56.59,850.1,100.0,4.26,3.76,82.8,0.831,0.517,100.11,0.509,49.15,12271.5,7.13,0.235,False,False
BGW-010,1,2019-06-09,88,56.3,858.9,99.3,3.86,3.75,86.7,0.843,0.522,90.86,0.565,39.53,12009.0,6.73,0.169,False,False
BGW-010,1,2019-06-10,89,56.02,867.5,100.0,3.98,3.74,83.7,0.837,0.517,93.44,0.55,42.02,12156.4,6.9,0.194,False,False
BGW-010,1,2019-06-11,90,55.74,876.0,100.0,4.55,3.73,74.2,0.817,0.502,103.92,0.541,47.71,12495.1,7.78,0.298,False,False
BGW-010,1,2019-06-12,91,55.47,884.3,100.0,4.79,3.72,73.5,0.808,0.494,107.56,0.577,45.51,12421.9,8.14,0.343,False,False
BGW-010,1,2019-06-13,92,55.21,892.5,100.0,4.48,3.71,79.0,0.817,0.498,101.33,0.605,40.06,12476.8,7.53,0.292,False,False
BGW-010,1,2019-06-14,93,54.95,900.5,93.6,4.95,3.7,82.2,0.8,0.486,102.25,0.582,42.69,12039.8,7.61,0.379,False,False
BGW-010,1,2019-06-15,94,54.71,908.4,94.1,4.25,3.69,83.7,0.822,0.497,90.26,0.575,38.35,12087.1,7.18,0.259,False,False
BGW-010,1,2019-06-16,95,54.47,916.2,93.6,5.07,3.68,73.0,0.793,0.478,103.13,0.577,43.64,12146.0,8.32,0.407,False,False
BGW-010,1,2019-06-17,96,54.23,923.8,98.6,3.65,3.67,78.0,0.839,0.504,82.36,0.591,33.65,12305.0,6.51,0.164,False,False
BGW-010,1,2019-06-18,97,54.01,931.2,100.0,4.99,3.66,79.8,0.794,0.475,107.65,0.563,47.0,12523.3,7.94,0.399,False,False
BGW-010,1,2019-06-19,98,53.79,938.5,95.5,3.68,3.65,76.2,0.836,0.498,79.67,0.623,30.07,12399.8,6.63,0.174,False,False
BGW-010,1,2019-06-20,99,53.57,945.7,100.0,4.24,3.64,73.9,0.816,0.485,93.53,0.547,42.37,12393.1,7.16,0.275,False,False
BGW-010,1,2019-06-21,100,53.36,952.7,98.2,4.12,3.64,76.9,0.819,0.485,89.14,0.594,36.2,12189.9,7.1,0.256,False,False
BGW-010,1,2019-06-22,101,53.16,959.6,97.5,3.66,3.63,85.3,0.834,0.492,79.77,0.602,31.73,12456.6,6.67,0.178,False,False
BGW-010,1,2019-06-23,102,52.97,966.4,100.0,4.3,3.62,80.6,0.811,0.477,93.26,0.613,36.1,12382.9,7.13,0.294,False,False
BGW-010,1,2019-06-24,103,52.77,973.0,94.9,3.76,3.61,78.1,0.828,0.485,78.66,0.583,32.81,12072.9,6.79,0.201,False,False
BGW-010,1,2019-06-25,104,52.59,979.5,94.6,3.49,3.6,80.1,0.832,0.486,72.93,0.616,28.01,12130.9,6.15,0.177,False,False
BGW-010,1,2019-06-26,105,52.41,985.8,92.1,4.8,3.6,76.9,0.791,0.461,92.68,0.602,36.93,12041.6,7.5,0.39,False,False
BGW-010,1,2019-06-27,106,52.23,992.1,97.2,3.72,3.59,79.3,0.827,0.48,78.81,0.58,33.07,12058.3,6.62,0.202,False,False
BGW-010,1,2019-06-28,107,52.06,998.1,95.4,3.58,3.58,80.4,0.83,0.481,74.68,0.642,26.73,12180.9,6.55,0.181,False,False
BGW-010,1,2019-06-29,108,51.9,1004.1,95.9,3.43,3.58,83.1,0.83,0.479,71.53,0.589,29.38,12257.4,6.2,0.183,False,False
BGW-010,1,2019-06-30,109,51.74,1009.9,94.2,4.45,3.57,75.4,0.799,0.46,87.79,0.606,34.58,12257.8,7.6,0.339,False,False
BGW-010,1,2019-07-01,110,51.58,1015.6,99.3,3.41,3.56,78.6,0.828,0.476,73.2,0.639,26.43,12551.9,6.17,0.185,False,True
BGW-010,1,2019-07-02,111,51.43,1021.2,95.9,3.67,3.56,77.3,0.824,0.472,75.48,0.614,29.11,12213.5,6.48,0.207,False,False
BGW-010,1,2019-07-03,112,51.28,1026.7,98.4,3.42,3.55,83.7,0.827,0.472,72.25,0.631,26.65,12182.3,5.96,0.188,False,False
BGW-010,1,2019-07-04,113,51.14,1032.0,94.5,3.6,3.55,80.0,0.824,0.47,72.64,0.637,26.39,12087.6,6.37,0.199,False,False
BGW-010,1,2019-07-05,114,51.0,1037.2,93.9,3.37,3.54,77.6,0.826,0.469,67.51,0.635,24.62,12178.1,6.34,0.19,False,False
BGW-010,1,2019-07-06,115,50.86,1042.3,95.4,3.56,3.53,85.3,0.824,0.467,72.11,0.608,28.3,12095.1,6.31,0.196,False,False
BGW-010,1,2019-07-07,116,50.73,1047.3,94.0,3.39,3.53,78.2,0.824,0.466,67.51,0.63,24.96,12098.5,6.27,0.193,False,False
BGW-010,1,2019-07-08,117,50.6,1052.1,100.0,4.5,3.52,79.4,0.792,0.447,91.23,0.711,26.34,12191.3,7.84,0.364,False,False
BGW-010,1,2019-07-09,118,50.48,1056.9,94.5,3.62,3.52,76.3,0.82,0.462,71.8,0.647,25.37,12261.3,6.42,0.213,False,False
BGW-010,1,2019-07-10,119,50.36,1061.5,97.3,3.35,3.51,80.7,0.823,0.462,68.43,0.651,23.87,12153.8,6.3,0.196,False,False
BGW-010,1,2019-07-11,120,50.24,1066.1,100.0,4.3,3.51,78.2,0.796,0.446,87.1,0.687,27.23,12228.5,7.32,0.335,False,False
BGW-010,1,2019-07-12,121,50.13,1070.5,100.0,3.79,3.5,75.9,0.812,0.454,78.2,0.676,25.33,12332.9,6.74,0.247,False,False
BGW-010,1,2019-07-13,122,50.02,1074.8,95.5,4.45,3.5,80.8,0.79,0.441,85.12,0.679,27.3,12227.3,7.49,0.365,False,False
BGW-010,1,2019-07-14,123,49.91,1079.0,100.0,4.33,3.49,73.2,0.793,0.442,86.86,0.669,28.78,12692.6,7.8,0.345,False,False
BGW-010,1,2019-07-15,124,49.8,1083.2,94.7,4.43,3.49,71.3,0.789,0.439,83.62,0.702,24.92,12215.7,7.66,0.365,False,False
BGW-010,1,2019-07-16,125,49.7,1087.2,91.3,4.15,3.49,76.9,0.798,0.443,76.25,0.69,23.65,12069.4,6.89,0.318,False,False
BGW-010,2,2019-07-28,1,140.14,82.7,100.0,6.5,5.2,82.8,0.857,0.77,227.59,0.133,197.37,12079.5,9.71,0.227,False,False
BGW-010,2,2019-07-29,2,136.55,89.7,100.0,6.5,5.18,81.5,0.856,0.768,226.84,0.16,190.64,12106.1,9.51,0.23,False,False
BGW-010,2,2019-07-30,3,133.1,97.0,100.0,6.5,5.16,86.2,0.855,0.765,226.04,0.179,185.53,11912.3,9.33,0.234,False,False
BGW-010,2,2019-07-31,4,129.78,104.8,100.0,5.43,5.14,89.8,0.89,0.794,195.87,0.161,164.37,12101.3,8.58,0.05,False,False
BGW-010,2,2019-08-01,5,126.58,113.0,100.0,5.25,5.11,91.1,0.895,0.796,190.1,0.118,167.72,11940.1,7.79,0.024,False,False
BGW-010,2,2019-08-02,6,123.51,121.7,100.0,5.34,5.09,91.6,0.892,0.79,191.78,0.173,158.66,12004.3,8.42,0.044,False,False
BGW-010,2,2019-08-03,7,120.56,130.7,98.7,6.15,5.07,84.2,0.864,0.763,210.31,0.17,174.62,12444.7,9.11,0.19,False,False
BGW-010,2,2019-08-04,8,117.72,140.2,100.0,6.5,5.04,82.1,0.851,0.749,221.21,0.159,186.09,12103.9,9.71,0.256,False,False
BGW-010,2,2019-08-05,9,114.98,150.2,100.0,5.07,5.01,94.0,0.898,0.787,181.41,0.2,145.12,12106.2,8.01,0.011,False,False
BGW-010,2,2019-08-06,10,112.36,160.5,100.0,5.44,4.99,85.9,0.885,0.772,190.85,0.148,162.66,12151.1,8.26,0.08,False,False
BGW-010,2,2019-08-07,11,109.83,171.3,97.3,4.96,4.96,86.5,0.9,0.781,171.41,0.217,134.14,11875.4,7.91,0.001,False,False
BGW-010,2,2019-08-08,12,107.4,182.5,98.8,4.92,4.93,93.6,0.9,0.778,171.6,0.225,133.05,12127.2,8.01,0.0,False,False
BGW-010,2,2019-08-09,13,105.06,194.2,100.0,5.94,4.9,88.1,0.865,0.744,200.85,0.217,157.24,12080.2,9.15,0.182,False,False
BGW-010,2,2019-08-10,14,102.81,206.2,100.0,5.73,4.87,84.1,0.871,0.745,193.97,0.171,160.74,12052.2,8.63,0.151,False,False
BGW-010,2,2019-08-11,15,100.65,218.6,98.7,4.66,4.84,88.5,0.9,0.765,160.09,0.193,129.18,12094.7,7.35,0.004,False,False
BGW-010,2,2019-08-12,16,98.57,231.4,100.0,5.12,4.81,84.1,0.89,0.752,174.97,0.238,133.41,12463.8,8.56,0.061,False,False
BGW-010,2,2019-08-13,17,96.56,244.6,96.0,5.81,4.78,86.6,0.866,0.728,184.31,0.245,139.07,12175.8,8.78,0.19,False,False
BGW-010,2,2019-08-14,18,94.64,258.1,98.6,5.91,4.75,80.0,0.861,0.719,190.37,0.228,146.93,12106.5,8.71,0.216,False,False
BGW-010,2,2019-08-15,19,92.79,271.9,100.0,5.35,4.72,87.4,0.879,0.729,177.32,0.22,138.27,12260.9,8.03,0.127,False,False
BGW-010,2,2019-08-16,20,91.01,286.1,100.0,6.24,4.69,79.0,0.848,0.699,198.38,0.25,148.87,12262.9,9.27,0.292,False,False
BGW-010,2,2019-08-17,21,89.3,300.5,100.0,6.05,4.65,84.0,0.854,0.699,192.07,0.21,151.71,12305.4,9.18,0.267,False,False
BGW-010,2,2019-08-18,22,87.65,315.3,98.6,5.96,4.62,78.4,0.855,0.695,185.8,0.302,129.76,12260.9,9.15,0.26,False,False
BGW-010,2,2019-08-19,23,86.07,330.3,100.0,5.77,4.59,86.0,0.861,0.695,182.24,0.28,131.18,12080.6,8.87,0.236,False,False
BGW-010,2,2019-08-20,24,84.54,345.5,100.0,5.34,4.56,90.7,0.874,0.7,169.97,0.273,123.52,12202.8,8.39,0.17,False,False
BGW-010,2,2019-08-21,25,83.08,360.9,99.7,6.19,4.53,87.7,0.845,0.672,188.55,0.264,138.74,12285.3,9.29,0.328,False,False
BGW-010,2,2019-08-22,26,81.67,376.5,97.1,4.38,4.5,81.1,0.9,0.71,137.33,0.266,100.73,12402.8,7.2,0.04,False,False
BGW-010,2,2019-08-23,27,80.31,392.3,100.0,4.8,4.47,85.7,0.889,0.696,151.89,0.275,110.07,12253.0,8.03,0.102,False,False
BGW-010,2,2019-08-24,28,79.01,408.2,100.0,5.58,4.44,89.8,0.861,0.669,169.69,0.29,120.5,12260.2,8.93,0.248,False,False
BGW-010,2,2019-08-25,29,77.76,424.3,95.7,5.85,4.41,83.5,0.849,0.654,166.49,0.317,113.66,12138.1,8.97,0.303,False,False
BGW-010,2,2019-08-26,30,76.55,440.4,100.0,4.34,4.38,91.5,0.895,0.685,135.14,0.266,99.22,12089.4,7.38,0.055,False,False
BGW-010,2,2019-08-27,31,75.39,456.6,97.1,4.34,4.35,83.2,0.893,0.678,129.69,0.31,89.45,12070.1,7.29,0.058,False,False
BGW-010,2,2019-08-28,32,74.28,472.9,97.0,4.17,4.32,84.7,0.891,0.671,123.27,0.297,86.72,12123.5,7.08,0.062,False,False
BGW-010,2,2019-08-29,33,73.2,489.2,98.9,6.18,4.29,81.6,0.827,0.617,171.46,0.285,122.63,12024.8,9.09,0.397,False,False
BGW-010,2,2019-08-30,34,72.17,505.5,100.0,5.83,4.26,82.6,0.835,0.618,163.86,0.294,115.64,12224.7,8.65,0.344,False,False
BGW-010,2,2019-08-31,35,71.18,521.8,98.8,4.16,4.24,82.3,0.886,0.65,121.37,0.308,83.94,12198.0,7.12,0.073,False,False
BGW-010,2,2019-09-01,36,70.22,538.0,100.0,5.94,4.21,75.8,0.826,0.602,162.35,0.348,105.9,12291.5,9.27,0.38,False,False
BGW-010,2,2019-09-02,37,69.31,554.2,99.0,4.34,4.18,90.8,0.877,0.633,123.57,0.317,84.35,12091.9,7.24,0.108,False,False
BGW-010,2,2019-09-03,38,68.42,570.4,100.0,4.96,4.16,84.9,0.853,0.611,137.86,0.317,94.17,12234.2,7.96,0.226,False,False
BGW-010,2,2019-09-04,39,67.57,586.4,96.3,5.48,4.13,84.6,0.833,0.592,141.84,0.284,101.6,12127.1,8.46,0.323,False,False
BGW-010,2,2019-09-05,40,66.76,602.3,100.0,5.95,4.11,85.2,0.815,0.574,155.32,0.325,104.86,12523.5,9.07,0.414,False,False
BGW-010,2,2019-09-06,41,65.97,618.1,94.4,5.01,4.08,84.2,0.844,0.59,126.7,0.307,87.76,11879.5,7.89,0.257,False,False
BGW-010,2,2019-09-07,42,65.22,633.8,99.0,4.07,4.06,90.4,0.872,0.605,110.92,0.367,70.18,12166.5,7.01,0.101,False,False
BGW-010,2,2019-09-08,43,64.49,649.3,95.8,4.43,4.03,89.1,0.858,0.59,113.81,0.371,71.59,12118.7,7.51,0.171,False,False
BGW-010,2,2019-09-09,44,63.79,664.6,100.0,4.48,4.01,80.1,0.854,0.583,118.65,0.321,80.53,12268.1,7.55,0.187,False,False
BGW-010,2,2019-09-10,45,63.12,679.8,98.2,3.84,3.99,89.8,0.867,0.588,100.84,0.385,62.06,12129.3,6.6,0.109,False,False
BGW-010,2,2019-09-11,46,62.47,694.7,100.0,5.46,3.97,74.1,0.816,0.549,136.18,0.375,85.11,12196.8,8.62,0.373,False,False
BGW-010,2,2019-09-12,47,61.85,709.5,100.0,3.83,3.95,82.4,0.864,0.577,100.49,0.372,63.1,12009.1,6.9,0.116,False,False
BGW-010,2,2019-09-13,48,61.25,724.0,100.0,4.58,3.93,80.3,0.84,0.557,115.98,0.425,66.67,12080.2,7.72,0.234,False,False
BGW-010,2,2019-09-14,49,60.68,738.3,98.7,5.15,3.91,76.1,0.819,0.539,124.49,0.378,77.46,12368.8,8.12,0.339,False,False
BGW-010,2,2019-09-15,50,60.12,752.4,100.0,3.71,3.89,82.0,0.859,0.561,94.51,0.36,60.45,12477.6,6.51,0.126,False,False
BGW-010,2,2019-09-16,51,59.59,766.3,94.4,5.32,3.87,83.4,0.809,0.525,119.7,0.43,68.21,12234.1,8.34,0.382,False,False
BGW-010,2,2019-09-17,52,59.08,779.9,94.1,5.21,3.85,83.5,0.81,0.522,116.43,0.417,67.87,12041.9,8.18,0.37,False,False
BGW-010,2,2019-09-18,53,58.59,793.2,100.0,4.63,3.83,77.9,0.827,0.53,111.55,0.43,63.54,12562.4,7.56,0.275,False,False
BGW-010,2,2019-09-19,54,58.11,806.3,100.0,5.23,3.82,76.6,0.806,0.512,121.71,0.446,67.39,12367.6,8.31,0.385,False,False
BGW-010,2,2019-09-20,55,57.66,819.1,95.7,3.84,3.8,87.5,0.85,0.537,89.66,0.44,50.2,12297.0,6.75,0.147,False,False
BGW-010,2,2019-09-21,56,57.22,831.7,100.0,4.29,3.78,78.2,0.833,0.523,101.95,0.391,62.12,12409.7,7.3,0.232,False,False
BGW-010,2,2019-09-22,57,56.8,844.0,100.0,4.29,3.77,79.1,0.831,0.519,101.2,0.46,54.63,12392.8,7.38,0.238,False,False
BGW-010,2,2019-09-23,58,56.4,856.0,97.4,4.47,3.75,82.7,0.823,0.511,100.97,0.398,60.77,12584.7,7.58,0.274,False,False
BGW-010,2,2019-09-24,59,56.01,867.8,99.7,3.67,3.74,84.2,0.845,0.522,86.72,0.46,46.79,12516.7,6.71,0.152,False,False
BGW-010,2,2019-09-25,60,55.63,879.3,100.0,4.08,3.72,82.8,0.832,0.511,94.67,0.431,53.86,12260.2,7.18,0.217,False,False
BGW-010,2,2019-09-26,61,55.27,890.5,97.6,3.95,3.71,81.8,0.835,0.509,89.28,0.429,51.01,12050.0,6.98,0.199,False,False
BGW-010,2,2019-09-27,62,54.92,901.5,92.9,5.2,3.7,71.7,0.792,0.48,105.38,0.472,55.67,11961.2,8.27,0.422,False,False
BGW-010,2,2019-09-28,63,54.59,912.2,100.0,4.92,3.68,76.2,0.799,0.483,107.79,0.463,57.85,12472.7,8.03,0.378,False,False
BGW-010,2,2019-09-29,64,54.27,922.6,92.4,5.17,3.67,72.2,0.789,0.474,102.84,0.482,53.27,11874.6,8.12,0.426,False,False
BGW-010,2,2019-09-30,65,53.96,932.7,100.0,4.55,3.66,79.9,0.808,0.483,99.93,0.437,56.23,12450.9,7.23,0.323,False,False
BGW-010,2,2019-10-01,66,53.67,942.6,92.5,4.52,3.65,81.0,0.808,0.48,91.23,0.482,47.24,11846.1,7.43,0.321,False,False
BGW-010,2,2019-10-02,67,53.38,952.2,97.9,3.52,3.64,76.6,0.836,0.495,77.39,0.506,38.2,12439.8,6.2,0.171,False,False
BGW-010,2,2019-10-03,68,53.11,961.6,98.1,3.61,3.62,78.1,0.834,0.492,79.28,0.452,43.49,12381.6,6.6,0.173,False,False
BGW-010,2,2019-10-04,69,52.84,970.7,94.8,3.48,3.61,87.2,0.833,0.489,73.31,0.509,35.96,12138.7,6.16,0.175,False,False
BGW-010,2,2019-10-05,70,52.59,979.6,96.3,3.71,3.6,84.5,0.829,0.484,78.64,0.49,40.1,12411.3,6.9,0.196,False,False
BGW-010,2,2019-10-06,71,52.34,988.2,97.7,3.62,3.59,85.3,0.831,0.483,77.59,0.521,37.2,12192.7,6.5,0.183,False,False
BGW-010,2,2019-10-07,72,52.11,996.5,95.0,3.64,3.58,84.1,0.829,0.48,75.45,0.499,37.83,12239.1,6.35,0.191,False,False
BGW-010,2,2019-10-08,73,51.88,1004.6,94.9,3.55,3.58,76.2,0.829,0.479,73.28,0.533,34.21,12040.3,6.29,0.183,False,False
BGW-010,2,2019-10-09,74,51.67,1012.5,95.8,3.61,3.57,85.4,0.827,0.476,74.71,0.547,33.84,12405.2,6.63,0.192,False,False
BGW-010,2,2019-10-10,75,51.46,1020.2,100.0,4.09,3.56,79.6,0.81,0.464,86.27,0.537,39.95,12177.6,6.98,0.28,False,False
BGW-010,2,2019-10-11,76,51.26,1027.6,94.1,3.42,3.55,75.4,0.827,0.472,68.97,0.503,34.27,12059.0,6.32,0.188,False,False
BGW-010,2,2019-10-12,77,51.06,1034.8,95.4,3.43,3.54,84.5,0.826,0.47,69.94,0.515,33.95,12014.4,6.18,0.19,False,False
BGW-010,2,2019-10-13,78,50.88,1041.8,97.4,3.36,3.53,75.8,0.825,0.468,69.59,0.563,30.38,12161.0,6.19,0.191,False,False
BGW-010,2,2019-10-14,79,50.7,1048.5,96.0,4.12,3.53,73.9,0.804,0.455,81.78,0.578,34.48,12270.1,7.02,0.297,False,False
BGW-010,2,2019-10-15,80,50.53,1055.1,95.4,3.43,3.52,79.0,0.824,0.464,69.1,0.556,30.71,12264.1,6.65,0.194,False,False
BGW-010,2,2019-10-16,81,50.36,1061.4,92.9,4.12,3.51,73.8,0.803,0.451,78.42,0.552,35.13,12191.8,6.67,0.302,False,False
BGW-010,2,2019-10-17,82,50.2,1067.6,93.8,3.53,3.51,85.4,0.821,0.46,69.22,0.548,31.26,12080.0,6.09,0.201,False,False
BGW-010,2,2019-10-18,83,50.05,1073.5,96.0,4.5,3.5,79.0,0.788,0.44,86.38,0.565,37.61,12147.0,7.2,0.374,False,False
BGW-010,2,2019-10-19,84,49.9,1079.3,96.0,3.66,3.49,83.9,0.815,0.454,72.43,0.557,32.09,12426.9,6.65,0.228,False,False
BGW-010,2,2019-10-20,85,49.76,1084.9,100.0,4.4,3.49,81.7,0.79,0.439,87.67,0.574,37.36,12343.0,7.59,0.36,False,False
BGW-010,2,2019-10-21,86,49.62,1090.3,98.3,3.58,3.48,79.2,0.816,0.452,72.31,0.559,31.9,12693.8,6.34,0.219,False,False
BGW-010,2,2019-10-22,87,49.49,1095.5,100.0,4.65,3.48,77.2,0.78,0.431,91.02,0.589,37.43,12599.4,7.93,0.408,False,False
BGW-010,2,2019-10-23,88,49.37,1100.5,94.8,3.58,3.47,78.2,0.815,0.449,69.32,0.593,28.19,11879.7,6.31,0.224,False,False
BGW-010,2,2019-10-24,89,49.25,1105.4,94.0,4.97,3.47,78.6,0.768,0.422,89.64,0.582,37.5,12185.9,7.94,0.468,True,False
BGW-010,2,2019-10-25,90,49.13,1110.1,100.0,3.66,3.46,82.9,0.81,0.445,74.07,0.589,30.43,12419.8,6.82,0.242,False,False
BGW-010,2,2019-10-26,91,49.02,1114.7,100.0,4.91,3.46,79.4,0.768,0.421,93.83,0.602,37.36,12420.1,7.76,0.462,True,False
BGW-010,2,2019-10-27,92,48.91,1119.1,97.0,3.39,3.45,74.2,0.816,0.446,66.71,0.602,26.52,12558.6,6.19,0.209,False,False
BGW-010,2,2019-10-28,93,48.81,1123.4,100.0,4.37,3.45,75.4,0.785,0.428,84.97,0.623,32.0,12167.0,7.35,0.371,False,False
BGW-010,2,2019-10-29,94,48.71,1127.5,100.0,3.88,3.44,77.9,0.801,0.436,76.79,0.609,30.05,12326.2,6.92,0.286,False,False
BGW-010,2,2019-10-30,95,48.61,1131.4,95.1,3.82,3.44,79.7,0.802,0.436,71.87,0.598,28.9,12182.9,6.85,0.278,False,False
BGW-010,2,2019-10-31,96,48.52,1135.3,92.9,3.59,3.44,80.1,0.809,0.439,66.47,0.611,25.85,12350.5,6.33,0.239,False,False
BGW-010,2,2019-11-01,97,48.43,1139.0,92.9,3.49,3.43,82.9,0.812,0.44,64.81,0.603,25.7,12234.3,6.26,0.224,False,False
BGW-010,2,2019-11-02,98,48.35,1142.6,100.0,4.42,3.43,72.3,0.78,0.422,84.79,0.626,31.73,12305.5,7.34,0.388,False,False
BGW-010,2,2019-11-03,99,48.26,1146.0,97.0,4.06,3.43,75.6,0.792,0.427,76.55,0.673,25.07,12350.9,7.1,0.327,False,False
BGW-010,2,2019-11-04,100,48.18,1149.3,97.1,4.84,3.42,79.1,0.765,0.412,88.17,0.668,29.3,12210.4,7.9,0.465,True,False
BGW-010,2,2019-11-05,101,48.11,1152.5,98.4,3.37,3.42,76.0,0.812,0.437,65.87,0.669,21.8,12248.6,6.05,0.216,False,False
BGW-010,2,2019-11-06,102,48.04,1155.7,97.7,3.75,3.42,76.2,0.801,0.43,71.63,0.669,23.7,12202.8,6.31,0.276,False,False
BGW-010,2,2019-11-07,103,47.97,1158.6,93.7,3.55,3.41,80.7,0.807,0.433,65.48,0.683,20.76,12038.9,6.33,0.242,False,False
BGW-010,2,2019-11-08,104,47.9,1161.5,100.0,3.98,3.41,71.5,0.792,0.424,76.77,0.692,23.65,12485.6,7.12,0.318,False,False
BGW-010,2,2019-11-09,105,47.83,1164.3,97.0,3.66,3.41,78.2,0.802,0.429,69.3,0.699,20.89,12240.2,6.28,0.264,False,False
BGW-010,2,2019-11-10,106,47.77,1167.0,100.0,3.86,3.4,81.5,0.795,0.425,74.56,0.689,23.21,12489.2,6.8,0.3,False,False
BGW-010,2,2019-11-11,107,47.71,1169.6,97.3,3.37,3.4,83.5,0.81,0.432,64.56,0.709,18.8,11976.1,6.12,0.22,False,False
BGW-010,2,2019-11-12,108,47.65,1172.1,100.0,4.25,3.4,79.9,0.781,0.417,80.53,0.708,23.55,12498.2,7.26,0.37,False,False
BGW-010,2,2019-11-13,109,47.6,1174.5,100.0,4.57,3.4,76.3,0.771,0.41,85.19,0.66,28.98,12282.1,7.47,0.426,False,False
BGW-010,3,2019-11-22,1,165.81,48.3,100.0,6.5,5.31,87.7,0.86,0.783,231.19,0.13,201.04,12169.4,9.45,0.208,False,False
BGW-010,3,2019-11-23,2,162.32,51.8,100.0,5.48,5.3,83.8,0.894,0.812,202.28,0.158,170.37,12099.1,8.54,0.031,False,False
BGW-010,3,2019-11-24,3,158.93,55.5,99.3,5.28,5.29,91.0,0.9,0.817,194.49,0.151,165.08,12288.9,8.31,0.0,False,False
BGW-010,3,2019-11-25,4,155.64,59.3,98.5,6.02,5.28,79.4,0.875,0.793,213.63,0.167,177.95,11977.4,8.87,0.129,False,False
BGW-010,3,2019-11-26,5,152.45,63.4,99.3,5.11,5.26,92.9,0.9,0.815,187.83,0.181,153.83,12208.9,8.24,0.0,False,False
BGW-010,3,2019-11-27,6,149.35,67.7,100.0,5.39,5.25,83.9,0.895,0.809,198.31,0.18,162.57,11794.3,8.29,0.025,False,False
BGW-010,3,2019-11-28,7,146.34,72.2,100.0,5.47,5.24,87.2,0.892,0.805,200.04,0.169,166.31,12153.4,8.5,0.04,False,False
BGW-010,3,2019-11-29,8,143.42,77.0,100.0,6.5,5.22,87.4,0.857,0.773,228.21,0.172,189.0,12240.7,9.7,0.224,False,False
BGW-010,3,2019-11-30,9,140.58,81.9,100.0,5.0,5.21,94.1,0.9,0.81,183.9,0.231,141.39,12105.0,7.58,0.0,False,False
BGW-010,3,2019-12-01,10,137.83,87.1,100.0,6.37,5.19,82.2,0.861,0.773,223.66,0.217,175.05,12197.3,9.39,0.206,False,False
BGW-010,3,2019-12-02,11,135.16,92.6,95.9,5.48,5.17,87.1,0.89,0.797,190.36,0.222,148.19,11682.9,8.43,0.053,False,False
BGW-010,3,2019-12-03,12,132.56,98.3,95.7,6.5,5.16,89.4,0.855,0.765,216.08,0.191,174.79,11660.7,9.12,0.235,False,False
BGW-010,3,2019-12-04,13,130.04,104.2,100.0,5.32,5.14,93.1,0.894,0.797,192.96,0.231,148.37,12078.2,8.24,0.032,False,False
BGW-010,3,2019-12-05,14,127.59,110.3,100.0,5.28,5.12,83.5,0.895,0.797,190.99,0.225,148.02,12298.2,8.41,0.027,False,False
BGW-010,3,2019-12-06,15,125.22,116.8,100.0,4.88,5.1,90.8,0.9,0.799,177.12,0.241,134.36,12329.6,7.91,0.0,False,False
BGW-010,3,2019-12-07,16,122.91,123.4,99.1,5.89,5.09,82.8,0.873,0.773,205.25,0.227,158.65,12081.5,9.08,0.142,False,False
BGW-010,3,2019-12-08,17,120.68,130.3,100.0,5.24,5.07,90.0,0.894,0.79,188.17,0.233,144.24,11966.0,8.08,0.031,False,False
BGW-010,3,2019-12-09,18,118.5,137.5,100.0,5.9,5.05,80.9,0.871,0.767,205.89,0.265,151.4,12423.5,9.1,0.15,False,False
BGW-010,3,2019-12-10,19,116.39,144.9,98.9,4.78,5.03,84.7,0.9,0.79,169.74,0.254,126.57,12159.3,7.46,0.0,False,False
BGW-010,3,2019-12-11,20,114.35,152.6,97.3,5.16,5.01,91.8,0.895,0.783,178.76,0.242,135.58,12159.7,8.29,0.027,False,False
BGW-010,3,2019-12-12,21,112.36,160.5,100.0,6.07,4.99,82.4,0.864,0.753,207.94,0.221,162.07,12240.8,9.13,0.19,False,False
BGW-010,3,2019-12-13,22,110.43,168.7,98.3,4.99,4.96,85.6,0.899,0.782,174.28,0.275,126.44,12382.3,8.34,0.005,False,False
BGW-010,3,2019-12-14,23,108.55,177.1,100.0,4.87,4.94,85.9,0.9,0.78,172.44,0.252,128.96,12348.4,7.96,0.0,False,False
BGW-010,3,2019-12-15,24,106.73,185.7,100.0,6.5,4.92,76.5,0.847,0.731,216.0,0.291,153.2,12058.4,9.35,0.276,False,False
BGW-010,3,2019-12-16,25,104.97,194.6,98.3,4.86,4.9,90.8,0.9,0.774,168.05,0.258,124.66,12231.5,7.73,0.0,False,False
BGW-010,3,2019-12-17,26,103.25,203.7,100.0,6.5,4.88,77.2,0.846,0.724,213.92,0.273,155.53,12056.8,9.7,0.285,False,False
BGW-010,3,2019-12-18,27,101.59,213.1,100.0,5.94,4.85,89.7,0.864,0.736,198.86,0.27,145.17,12170.2,8.91,0.194,False,False
BGW-010,3,2019-12-19,28,99.97,222.6,100.0,5.81,4.83,88.2,0.867,0.736,194.41,0.295,137.04,12390.5,9.04,0.177,False,False
BGW-010,3,2019-12-20,29,98.4,232.4,100.0,5.06,4.81,92.7,0.891,0.753,173.41,0.276,125.52,12053.5,7.93,0.052,False,False
BGW-010,3,2019-12-21,30,96.88,242.4,98.5,4.66,4.78,81.6,0.9,0.757,157.9,0.339,104.39,12259.9,7.68,0.01,False,False
BGW-010,3,2019-12-22,31,95.4,252.6,100.0,5.0,4.76,93.0,0.892,0.747,169.6,0.321,115.12,12230.4,8.18,0.053,False,False
BGW-010,3,2019-12-23,32,93.97,263.0,99.0,5.51,4.74,85.6,0.874,0.729,180.64,0.323,122.37,12309.3,8.67,0.149,False,False
BGW-010,3,2019-12-24,33,92.57,273.6,100.0,4.74,4.71,88.8,0.899,0.746,160.56,0.333,107.09,12331.3,7.76,0.021,False,False
BGW-010,3,2019-12-25,34,91.22,284.4,100.0,4.66,4.69,89.1,0.9,0.743,157.28,0.334,104.75,12496.1,7.6,0.019,False,False
BGW-010,3,2019-12-26,35,89.91,295.3,100.0,6.04,4.67,82.1,0.854,0.701,192.56,0.324,130.12,12018.1,8.84,0.263,False,False
BGW-010,3,2019-12-27,36,88.63,306.4,100.0,4.57,4.64,94.0,0.9,0.735,152.48,0.312,104.95,12086.3,7.47,0.024,False,False
BGW-010,3,2019-12-28,37,87.39,317.6,100.0,4.75,4.62,90.1,0.895,0.727,157.11,0.343,103.16,12201.8,7.89,0.05,False,False
BGW-010,3,2019-12-29,38,86.19,329.0,100.0,4.39,4.59,90.3,0.9,0.727,145.03,0.336,96.23,12347.5,7.42,0.029,False,False
BGW-010,3,2019-12-30,39,85.03,340.6,99.3,5.68,4.57,80.9,0.863,0.693,177.78,0.317,121.45,12102.4,8.88,0.227,False,False
BGW-010,3,2019-12-31,40,83.89,352.2,100.0,4.85,4.55,85.4,0.89,0.711,156.71,0.36,100.27,12286.3,7.89,0.088,False,False
BGW-010,3,2020-01-01,41,82.79,364.0,100.0,6.16,4.52,84.5,0.846,0.671,187.86,0.359,120.34,12257.4,9.24,0.323,False,False
BGW-010,3,2020-01-02,42,81.73,375.9,100.0,6.34,4.5,80.4,0.839,0.662,190.69,0.406,113.36,12381.5,9.54,0.361,False,False
BGW-010,3,2020-01-03,43,80.69,387.9,100.0,5.8,4.48,86.3,0.856,0.672,177.15,0.392,107.79,12392.4,9.3,0.275,False,False
BGW-010,3,2020-01-04,44,79.68,399.9,97.4,4.47,4.45,92.0,0.899,0.702,138.87,0.388,85.05,11905.1,7.09,0.048,False,False
BGW-010,3,2020-01-05,45,78.71,412.1,99.6,4.57,4.43,83.8,0.894,0.693,143.42,0.411,84.51,12162.4,7.46,0.073,False,False
BGW-010,3,2020-01-06,46,77.76,424.3,98.9,4.41,4.41,83.0,0.897,0.691,137.11,0.39,83.68,12221.2,7.28,0.051,False,False
BGW-010,3,2020-01-07,47,76.84,436.5,100.0,4.57,4.39,82.3,0.89,0.681,141.59,0.397,85.41,12213.7,7.49,0.086,False,False
BGW-010,3,2020-01-08,48,75.94,448.8,100.0,4.33,4.36,88.3,0.894,0.681,133.85,0.402,80.01,11929.1,7.3,0.057,False,False
BGW-010,3,2020-01-09,49,75.08,461.2,100.0,4.14,4.34,89.5,0.893,0.676,127.11,0.421,73.58,12410.6,7.07,0.059,False,False
BGW-010,3,2020-01-10,50,74.23,473.5,100.0,6.05,4.32,85.0,0.834,0.627,172.39,0.42,100.04,12275.4,9.46,0.365,False,False
BGW-010,3,2020-01-11,51,73.41,485.9,98.5,5.3,4.3,84.8,0.857,0.64,151.84,0.458,82.23,12185.3,7.97,0.24,False,False
BGW-010,3,2020-01-12,52,72.62,498.3,98.2,4.19,4.28,84.4,0.889,0.66,123.56,0.431,70.35,12367.5,7.21,0.068,False,False
BGW-010,3,2020-01-13,53,71.85,510.7,100.0,4.39,4.25,88.4,0.882,0.651,130.07,0.424,74.98,12229.8,7.48,0.095,False,False
BGW-010,3,2020-01-14,54,71.1,523.1,100.0,4.37,4.23,89.0,0.881,0.646,128.38,0.427,73.58,12341.1,7.33,0.097,False,False
BGW-010,3,2020-01-15,55,70.38,535.4,96.9,4.29,4.21,87.7,0.882,0.643,121.48,0.451,66.74,11887.5,7.01,0.09,False,False
BGW-010,3,2020-01-16,56,69.67,547.7,97.1,4.36,4.19,87.2,0.877,0.636,122.2,0.452,66.93,12329.8,7.57,0.108,False,False
BGW-010,3,2020-01-17,57,68.99,560.0,100.0,5.45,4.17,77.6,0.839,0.604,149.63,0.486,76.92,12138.3,8.46,0.306,False,False
BGW-010,3,2020-01-18,58,68.32,572.3,98.5,4.01,4.15,91.8,0.88,0.63,113.12,0.488,57.87,12081.9,6.81,0.085,False,False
BGW-010,3,2020-01-19,59,67.68,584.5,100.0,5.65,4.13,84.0,0.828,0.589,151.15,0.461,81.5,12314.6,8.63,0.352,False,False
BGW-010,3,2020-01-20,60,67.05,596.6,98.1,5.53,4.11,78.3,0.83,0.587,144.53,0.436,81.5,12090.5,8.42,0.338,False,False
BGW-010,3,2020-01-21,61,66.44,608.6,99.8,4.15,4.1,87.3,0.874,0.614,115.67,0.498,58.04,12266.4,6.76,0.103,False,False
BGW-010,3,2020-01-22,62,65.85,620.6,94.6,5.59,4.08,80.4,0.824,0.575,138.23,0.466,73.84,12216.5,8.58,0.36,False,False
BGW-010,3,2020-01-23,63,65.28,632.5,100.0,5.75,4.06,79.1,0.816,0.567,148.14,0.466,79.18,12130.1,8.69,0.394,False,False
BGW-010,3,2020-01-24,64,64.72,644.3,100.0,4.4,4.04,84.5,0.859,0.593,118.7,0.483,61.41,12559.8,7.29,0.164,False,False
BGW-010,3,2020-01-25,65,64.18,656.0,100.0,5.0,4.02,77.7,0.838,0.575,130.55,0.474,68.69,12108.9,7.78,0.274,False,False
BGW-010,3,2020-01-26,66,63.66,667.7,100.0,4.09,4.01,89.6,0.866,0.591,109.8,0.486,56.45,12442.8,6.94,0.121,False,False
BGW-010,3,2020-01-27,67,63.15,679.2,98.3,4.73,3.99,79.9,0.843,0.571,120.7,0.528,56.94,12294.4,7.5,0.238,False,False
BGW-010,3,2020-01-28,68,62.65,690.5,100.0,4.05,3.97,80.1,0.864,0.582,107.11,0.504,53.14,12321.4,6.69,0.125,False,False
BGW-010,3,2020-01-29,69,62.17,701.8,96.0,4.67,3.96,81.7,0.841,0.564,114.85,0.491,58.41,11988.1,7.88,0.239,False,False
BGW-010,3,2020-01-30,70,61.71,713.0,95.6,5.6,3.94,78.5,0.808,0.539,131.03,0.529,61.74,11982.1,8.63,0.406,False,False
BGW-010,3,2020-01-31,71,61.25,724.0,100.0,5.18,3.93,76.8,0.82,0.544,128.02,0.57,55.0,12202.0,8.17,0.338,False,False
BGW-010,3,2020-02-01,72,60.81,734.9,96.5,4.04,3.91,85.0,0.857,0.565,100.06,0.544,45.65,12168.9,6.84,0.144,False,False
BGW-010,3,2020-02-02,73,60.39,745.7,99.7,3.84,3.9,82.1,0.86,0.564,98.19,0.49,50.12,12315.0,6.74,0.124,False,False
BGW-010,3,2020-02-03,74,59.97,756.3,98.5,3.96,3.88,81.6,0.856,0.558,98.93,0.515,47.96,12281.9,6.94,0.139,False,False
BGW-010,3,2020-02-04,75,59.57,766.8,98.2,3.91,3.87,82.7,0.856,0.555,96.98,0.573,41.45,12489.0,6.66,0.137,False,False
BGW-010,3,2020-02-05,76,59.18,777.2,100.0,4.54,3.85,80.7,0.833,0.538,110.94,0.569,47.83,12211.2,7.56,0.251,False,False
BGW-010,3,2020-02-06,77,58.8,787.4,97.4,5.0,3.84,83.9,0.816,0.524,115.87,0.534,54.02,12097.0,7.69,0.336,False,False
BGW-010,3,2020-02-07,78,58.44,797.4,100.0,3.76,3.83,79.1,0.854,0.545,93.28,0.555,41.52,12453.9,6.97,0.136,False,False
BGW-010,3,2020-02-08,79,58.08,807.3,99.8,3.91,3.81,83.3,0.849,0.54,95.85,0.563,41.85,12309.4,6.82,0.156,False,False
BGW-010,3,2020-02-09,80,57.73,817.1,100.0,5.49,3.8,83.0,0.795,0.503,125.51,0.591,51.38,12269.0,8.44,0.436,False,False
BGW-010,3,2020-02-10,81,57.4,826.7,100.0,3.7,3.79,84.7,0.85,0.535,89.92,0.571,38.55,12519.0,6.67,0.142,False,False
BGW-010,3,2020-02-11,82,57.07,836.1,100.0,4.14,3.78,80.4,0.837,0.525,98.75,0.578,41.63,12363.9,7.01,0.208,False,False
BGW-010,3,2020-02-12,83,56.75,845.4,98.5,3.86,3.77,77.8,0.845,0.527,91.12,0.586,37.73,12300.0,6.63,0.164,False,False
BGW-010,3,2020-02-13,84,56.44,854.6,97.1,3.86,3.75,82.3,0.844,0.524,89.17,0.618,34.06,12368.8,6.81,0.167,False,False
BGW-010,3,2020-02-14,85,56.14,863.6,96.5,3.86,3.74,81.7,0.842,0.521,88.22,0.528,41.62,12318.2,6.85,0.172,False,False
BGW-010,3,2020-02-15,86,55.85,872.4,94.9,4.48,3.73,74.3,0.82,0.505,97.61,0.59,40.06,12115.5,7.43,0.284,False,False
BGW-010,3,2020-02-16,87,55.57,881.1,100.0,3.74,3.72,86.1,0.843,0.517,87.83,0.646,31.13,12316.4,6.67,0.158,False,False
BGW-010,3,2020-02-17,88,55.3,889.6,100.0,4.24,3.71,79.0,0.825,0.504,97.14,0.597,39.17,12412.7,7.01,0.25,False,False
BGW-010,3,2020-02-18,89,55.03,898.0,93.7,4.85,3.7,83.3,0.804,0.489,100.84,0.621,38.2,11925.0,7.55,0.359,False,False
BGW-010,3,2020-02-19,90,54.78,906.2,96.8,3.6,3.69,79.3,0.841,0.509,80.68,0.624,30.33,12301.1,6.61,0.16,False,False
BGW-010,3,2020-02-20,91,54.53,914.2,95.7,3.64,3.68,87.7,0.84,0.507,80.14,0.626,30.0,12077.0,6.56,0.162,False,False
BGW-010,3,2020-02-21,92,54.28,922.1,97.4,4.31,3.67,83.3,0.818,0.491,93.7,0.631,34.6,12010.9,7.46,0.275,False,False
BGW-010,3,2020-02-22,93,54.05,929.9,100.0,4.96,3.66,72.6,0.795,0.476,107.22,0.628,39.9,12351.1,8.01,0.393,False,False
BGW-010,3,2020-02-23,94,53.82,937.5,95.6,3.64,3.65,85.8,0.837,0.499,78.98,0.655,27.25,12225.1,6.5,0.168,False,False
BGW-010,3,2020-02-24,95,53.6,944.9,100.0,4.78,3.64,75.9,0.799,0.475,102.99,0.674,33.6,12289.4,7.64,0.367,False,False
BGW-010,3,2020-02-25,96,53.38,952.2,97.2,3.81,3.64,86.7,0.83,0.491,82.73,0.613,32.05,12124.0,6.84,0.202,False,False
BGW-010,3,2020-02-26,97,53.17,959.3,97.4,3.61,3.63,80.0,0.835,0.493,78.62,0.64,28.31,12269.5,6.64,0.173,False,False
BGW-010,3,2020-02-27,98,52.97,966.3,94.6,3.67,3.62,76.7,0.832,0.489,77.13,0.699,23.21,12258.9,6.58,0.182,False,False
BGW-010,3,2020-02-28,99,52.77,973.2,100.0,5.12,3.61,72.6,0.783,0.459,106.71,0.661,36.15,12233.8,8.22,0.439,False,False
BGW-010,3,2020-02-29,100,52.58,979.9,94.9,4.57,3.6,79.4,0.8,0.467,92.11,0.684,29.1,12382.5,7.58,0.346,False,False
BGW-010,3,2020-03-01,101,52.39,986.4,93.3,4.16,3.6,85.0,0.813,0.473,83.47,0.694,25.55,12192.5,7.03,0.277,False,False
BGW-010,3,2020-03-02,102,52.21,992.9,98.3,3.67,3.59,84.5,0.828,0.481,78.86,0.691,24.4,12266.2,6.57,0.195,False,False
BGW-010,3,2020-03-03,103,52.04,999.1,97.2,3.41,3.58,76.7,0.83,0.48,72.4,0.705,21.37,12138.3,6.32,0.182,False,False
BGW-010,4,2020-03-19,1,169.84,44.7,100.0,6.5,5.33,83.2,0.861,0.784,231.56,0.141,198.84,12151.0,9.57,0.205,False,False
BGW-010,4,2020-03-20,2,166.47,47.7,100.0,5.5,5.32,82.3,0.894,0.813,203.25,0.156,171.45,12090.0,8.49,0.032,False,False
BGW-010,4,2020-03-21,3,163.19,50.9,100.0,6.06,5.31,89.9,0.875,0.795,219.1,0.135,189.51,12184.4,8.91,0.133,False,False
BGW-010,4,2020-03-22,4,160.0,54.3,98.6,6.21,5.29,81.0,0.869,0.789,219.68,0.178,180.5,11635.9,8.89,0.161,False,False
BGW-010,4,2020-03-23,5,156.9,57.8,99.2,5.04,5.28,91.9,0.9,0.816,185.52,0.186,151.1,12124.3,8.08,0.0,False,False
BGW-010,4,2020-03-24,6,153.89,61.5,98.7,6.39,5.27,79.1,0.863,0.781,223.95,0.155,189.27,12142.2,9.33,0.197,False,False
BGW-010,4,2020-03-25,7,150.96,65.5,95.3,5.85,5.26,80.5,0.88,0.796,201.75,0.21,159.3,11573.9,8.39,0.103,False,False
BGW-010,4,2020-03-26,8,148.1,69.5,98.1,6.28,5.24,80.8,0.866,0.782,218.79,0.19,177.21,11903.7,9.13,0.181,False,False
BGW-010,4,2020-03-27,9,145.33,73.8,97.1,5.38,5.23,86.3,0.895,0.807,191.83,0.202,153.02,11914.0,8.36,0.027,False,False
BGW-010,4,2020-03-28,10,142.63,78.3,100.0,5.21,5.22,87.6,0.9,0.811,191.79,0.222,149.17,12237.1,8.04,0.0,False,False
BGW-010,4,2020-03-29,11,140.0,83.0,100.0,5.2,5.2,91.9,0.9,0.809,191.36,0.225,148.37,12130.0,8.16,0.0,False,False
BGW-010,4,2020-03-30,12,137.44,87.9,100.0,6.5,5.19,86.2,0.856,0.769,227.04,0.231,174.56,12341.7,9.67,0.23,False,False
BGW-010,4,2020-03-31,13,134.96,93.0,98.0,4.94,5.17,87.4,0.9,0.806,177.46,0.224,137.77,11916.3,7.81,0.0,False,False
BGW-010,4,2020-04-01,14,132.54,98.3,100.0,6.42,5.16,82.9,0.858,0.767,223.78,0.249,168.13,12157.3,9.52,0.221,False,False
BGW-010,4,2020-04-02,15,130.19,103.8,100.0,5.07,5.14,90.9,0.9,0.803,185.17,0.212,145.95,11850.3,7.73,0.0,False,False
BGW-010,4,2020-04-03,16,127.9,109.5,100.0,5.3,5.12,93.3,0.894,0.796,191.78,0.239,146.0,12427.2,8.52,0.031,False,False
BGW-010,4,2020-04-04,17,125.68,115.5,98.7,6.18,5.11,87.6,0.864,0.768,212.74,0.259,157.64,11828.8,8.98,0.187,False,False
BGW-010,4,2020-04-05,18,123.51,121.7,100.0,5.2,5.09,86.2,0.896,0.794,187.66,0.241,142.5,11961.2,8.07,0.019,False,False
BGW-010,4,2020-04-06,19,121.41,128.0,100.0,4.98,5.07,81.5,0.9,0.796,180.23,0.248,135.45,12148.3,8.22,0.0,False,False
BGW-010,4,2020-04-07,20,119.36,134.6,100.0,5.02,5.05,92.7,0.9,0.793,181.15,0.275,131.32,12021.7,7.8,0.0,False,False
BGW-010,4,2020-04-08,21,117.36,141.5,100.0,6.5,5.04,79.8,0.851,0.748,221.07,0.264,162.61,12036.6,9.51,0.256,False,False
BGW-010,4,2020-04-09,22,115.43,148.5,97.1,4.96,5.02,82.2,0.9,0.789,172.68,0.3,120.86,11961.6,7.65,0.0,False,False
BGW-010,4,2020-04-10,23,113.54,155.8,100.0,5.25,5.0,81.0,0.891,0.779,186.05,0.272,135.38,11706.6,8.05,0.045,False,False
BGW-010,4,2020-04-11,24,111.71,163.2,100.0,5.57,4.98,79.5,0.88,0.767,194.17,0.284,139.02,12257.9,8.51,0.104,False,False
BGW-010,4,2020-04-12,25,109.92,170.9,100.0,4.79,4.96,94.2,0.9,0.782,170.19,0.335,113.17,12108.3,7.76,0.0,False,False
BGW-010,4,2020-04-13,26,108.19,178.8,97.8,5.05,4.94,92.1,0.896,0.776,174.07,0.319,118.59,11954.0,7.99,0.019,False,False
BGW-010,4,2020-04-14,27,106.5,186.9,100.0,4.84,4.92,88.9,0.9,0.776,170.75,0.305,118.74,12280.8,7.98,0.0,False,False
BGW-010,4,2020-04-15,28,104.85,195.2,97.4,4.76,4.9,88.1,0.9,0.773,162.89,0.34,107.47,11918.0,7.64,0.0,False,False
BGW-010,4,2020-04-16,29,103.26,203.7,100.0,5.18,4.88,83.5,0.89,0.762,179.34,0.313,123.25,12263.4,8.0,0.054,False,False
BGW-010,4,2020-04-17,30,101.7,212.4,97.9,4.74,4.85,82.1,0.9,0.768,161.93,0.341,106.68,11996.1,7.69,0.003,False,False
BGW-010,4,2020-04-18,31,100.19,221.3,100.0,6.5,4.83,79.3,0.844,0.717,211.89,0.326,142.92,12064.8,9.68,0.297,False,False
BGW-010,4,2020-04-19,32,98.72,230.4,97.7,6.5,4.81,77.0,0.844,0.714,205.9,0.349,134.02,12226.4,9.8,0.302,False,False
BGW-010,4,2020-04-20,33,97.29,239.7,100.0,4.99,4.79,87.2,0.893,0.753,170.59,0.36,109.12,11979.2,8.23,0.044,False,False
BGW-010,4,2020-04-21,34,95.9,249.2,100.0,6.16,4.77,82.5,0.854,0.716,200.39,0.37,126.16,12120.2,9.17,0.254,False,False
BGW-010,4,2020-04-22,35,94.54,258.8,100.0,4.63,4.75,93.0,0.9,0.751,158.19,0.35,102.76,12273.8,7.51,0.013,False,False
BGW-010,4,2020-04-23,36,93.23,268.6,100.0,4.77,4.72,88.2,0.899,0.747,161.78,0.389,98.88,12185.8,7.66,0.023,False,False
BGW-010,4,2020-04-24,37,91.95,278.5,100.0,6.21,4.7,85.8,0.85,0.703,198.38,0.358,127.3,12275.4,9.34,0.281,False,False
BGW-010,4,2020-04-25,38,90.7,288.6,97.3,4.77,4.68,83.5,0.897,0.738,155.89,0.416,91.12,11942.8,7.71,0.037,False,False
BGW-010,4,2020-04-26,39,89.49,298.9,97.2,4.53,4.66,82.2,0.9,0.737,147.46,0.395,89.14,12182.5,7.47,0.022,False,False
BGW-010,4,2020-04-27,40,88.31,309.3,100.0,4.42,4.64,86.4,0.9,0.734,147.24,0.375,92.09,12026.3,7.24,0.025,False,False
BGW-010,4,2020-04-28,41,87.16,319.8,100.0,6.5,4.61,79.2,0.837,0.679,200.61,0.416,117.17,12395.4,9.43,0.357,False,False
BGW-010,4,2020-04-29,42,86.05,330.5,97.2,4.45,4.59,92.5,0.9,0.726,142.74,0.401,85.52,12232.0,7.42,0.03,False,False
BGW-010,4,2020-04-30,43,84.96,341.2,100.0,4.77,4.57,88.9,0.893,0.717,155.58,0.441,87.01,11981.0,7.69,0.068,False,False
BGW-010,4,2020-05-01,44,83.9,352.1,99.6,5.78,4.55,80.1,0.859,0.686,179.38,0.423,103.57,12100.8,8.92,0.25,False,False
BGW-010,4,2020-05-02,45,82.88,363.1,100.0,6.15,4.53,87.9,0.846,0.672,187.87,0.414,110.12,12232.6,9.28,0.322,False,False
BGW-010,4,2020-05-03,46,81.88,374.1,100.0,5.73,4.5,86.7,0.859,0.679,176.84,0.496,89.13,12232.2,8.9,0.255,False,False
BGW-010,4,2020-05-04,47,80.91,385.3,98.9,4.7,4.48,88.7,0.893,0.701,148.33,0.439,83.2,12348.5,7.8,0.081,False,False
BGW-010,4,2020-05-05,48,79.96,396.5,100.0,4.45,4.46,91.5,0.9,0.703,142.17,0.491,72.32,12324.6,7.32,0.045,False,False
BGW-010,4,2020-05-06,49,79.04,407.8,100.0,6.31,4.44,78.9,0.837,0.65,186.47,0.462,100.27,12341.1,9.77,0.375,False,False
BGW-010,4,2020-05-07,50,78.15,419.2,99.7,4.73,4.42,90.3,0.887,0.686,146.97,0.465,78.68,12376.1,7.95,0.105,False,False
BGW-010,4,2020-05-08,51,77.28,430.6,100.0,4.18,4.4,88.9,0.896,0.689,130.86,0.461,70.6,12406.0,7.27,0.052,False,False
BGW-010,4,2020-05-09,52,76.43,442.1,97.7,5.83,4.38,81.6,0.846,0.647,167.5,0.485,86.26,12075.8,8.88,0.31,False,False
BGW-010,4,2020-05-10,53,75.61,453.6,100.0,4.39,4.35,84.7,0.893,0.678,135.2,0.471,71.5,12248.2,7.44,0.063,False,False
BGW-010,4,2020-05-11,54,74.81,465.1,100.0,5.42,4.33,85.2,0.856,0.647,159.28,0.492,80.95,12582.8,8.57,0.25,False,False
BGW-010,4,2020-05-12,55,74.03,476.6,100.0,4.62,4.31,82.0,0.881,0.661,138.92,0.52,66.63,12285.5,7.77,0.117,False,False
BGW-010,4,2020-05-13,56,73.27,488.2,100.0,4.29,4.29,81.7,0.89,0.664,129.43,0.518,62.37,12295.0,7.12,0.065,False,False
BGW-010,4,2020-05-14,57,72.53,499.7,100.0,4.41,4.27,90.9,0.884,0.656,131.49,0.493,66.71,12341.8,7.34,0.092,False,False
BGW-010,4,2020-05-15,58,71.81,511.3,100.0,4.05,4.25,92.1,0.887,0.655,120.37,0.505,59.57,12432.9,7.04,0.071,False,False
BGW-010,4,2020-05-16,59,71.12,522.8,100.0,5.43,4.23,81.1,0.846,0.621,153.11,0.555,68.18,12154.2,8.58,0.283,False,False
BGW-010,4,2020-05-17,60,70.44,534.4,100.0,5.09,4.21,81.2,0.855,0.624,144.27,0.534,67.29,12415.8,8.41,0.229,False,False
BGW-010,4,2020-05-18,61,69.78,545.9,100.0,5.7,4.2,87.1,0.833,0.604,156.35,0.558,69.1,12293.4,8.76,0.341,False,False
BGW-010,4,2020-05-19,62,69.13,557.3,97.8,4.36,4.18,83.8,0.875,0.631,122.42,0.545,55.68,12285.0,7.43,0.114,False,False
BGW-010,4,2020-05-20,63,68.51,568.8,100.0,5.84,4.16,79.1,0.824,0.591,156.83,0.563,68.57,12154.8,9.0,0.378,False,False
BGW-010,4,2020-05-21,64,67.9,580.1,98.9,4.17,4.14,89.8,0.878,0.626,117.35,0.568,50.73,12237.5,7.19,0.092,False,False
BGW-010,4,2020-05-22,65,67.31,591.5,100.0,3.95,4.12,84.3,0.878,0.622,111.78,0.544,50.96,12233.7,6.78,0.089,False,False
BGW-010,4,2020-05-23,66,66.74,602.7,94.7,5.12,4.11,86.7,0.843,0.594,130.81,0.602,52.03,12185.7,8.08,0.269,False,False
BGW-010,4,2020-05-24,67,66.18,614.0,100.0,5.79,4.09,81.6,0.818,0.573,150.8,0.574,64.23,12040.2,8.67,0.391,False,False
BGW-010,4,2020-05-25,68,65.63,625.1,97.9,3.96,4.07,80.2,0.874,0.609,107.38,0.588,44.24,12294.8,6.83,0.097,False,False
BGW-010,4,2020-05-26,69,65.1,636.2,97.2,4.13,4.05,84.7,0.87,0.603,110.02,0.608,43.1,12205.4,6.91,0.113,False,False
BGW-010,4,2020-05-27,70,64.59,647.2,97.9,4.01,4.04,84.6,0.871,0.6,107.01,0.627,39.88,12365.7,6.77,0.102,False,False
BGW-010,4,2020-05-28,71,64.09,658.1,100.0,4.96,4.02,83.3,0.839,0.575,129.46,0.591,52.91,12299.5,7.87,0.268,False,False
BGW-010,4,2020-05-29,72,63.6,668.9,100.0,4.06,4.01,87.5,0.867,0.591,109.09,0.606,42.99,12202.7,6.85,0.117,False,False
BGW-010,4,2020-05-30,73,63.13,679.6,97.9,3.81,3.99,79.8,0.867,0.588,99.55,0.642,35.6,12407.9,6.39,0.109,False,False
BGW-010,4,2020-05-31,74,62.66,690.2,99.2,3.85,3.97,88.1,0.866,0.584,101.24,0.624,38.04,12158.8,6.95,0.111,False,False
BGW-010,4,2020-06-01,75,62.22,700.8,99.1,4.24,3.96,84.2,0.856,0.574,109.54,0.604,43.35,12213.4,7.15,0.163,False,False
BGW-010,4,2020-06-02,76,61.78,711.2,100.0,4.56,3.94,80.0,0.843,0.563,116.49,0.657,39.92,12611.7,7.69,0.223,False,False
BGW-010,4,2020-06-03,77,61.36,721.5,98.5,4.07,3.93,82.6,0.858,0.569,103.7,0.664,34.8,12166.8,6.88,0.143,False,False
BGW-010,4,2020-06-04,78,60.94,731.7,95.6,5.07,3.92,75.3,0.823,0.543,119.65,0.679,38.35,11984.4,7.97,0.322,False,False
BGW-010,4,2020-06-05,79,60.54,741.8,100.0,3.89,3.9,89.5,0.86,0.565,99.95,0.664,33.54,12419.7,7.21,0.123,False,False
BGW-010,4,2020-06-06,80,60.15,751.7,98.1,3.78,3.89,79.6,0.859,0.562,94.71,0.69,29.34,12229.8,6.79,0.125,False,False
BGW-010,4,2020-06-07,81,59.77,761.6,100.0,4.34,3.87,82.1,0.842,0.548,108.07,0.666,36.1,12118.1,7.35,0.209,False,False
BGW-010,4,2020-06-08,82,59.4,771.3,96.9,3.84,3.86,87.1,0.857,0.555,93.88,0.699,28.24,12174.0,6.85,0.13,False,False
BGW-010,4,2020-06-09,83,59.04,780.9,96.9,3.67,3.85,89.6,0.856,0.551,89.01,0.691,27.51,12081.0,6.69,0.132,False,False
BGW-010,5,2020-06-20,1,186.27,32.9,97.6,5.53,5.37,93.0,0.895,0.817,200.34,0.173,165.67,12147.4,8.71,0.028,False,False
BGW-010,5,2020-06-21,2,183.03,34.9,98.4,6.5,5.36,87.7,0.862,0.787,228.71,0.144,195.66,12076.0,9.57,0.2,False,False
BGW-010,5,2020-06-22,3,179.86,37.0,95.8,5.89,5.35,86.9,0.882,0.805,206.41,0.165,172.32,11887.0,8.58,0.094,False,False
BGW-010,5,2020-06-23,4,176.77,39.1,98.8,5.26,5.34,90.8,0.9,0.821,193.81,0.2,155.0,11964.5,8.04,0.0,False,False
BGW-010,5,2020-06-24,5,173.74,41.4,100.0,5.28,5.34,93.9,0.9,0.82,196.89,0.208,156.02,12108.6,8.27,0.0,False,False
BGW-010,5,2020-06-25,6,170.79,43.9,100.0,6.5,5.33,90.2,0.861,0.784,231.64,0.207,183.76,12227.9,9.34,0.205,False,False
BGW-010,5,2020-06-26,7,167.9,46.4,100.0,5.57,5.32,87.2,0.892,0.811,205.54,0.26,152.17,12150.1,8.72,0.044,False,False
BGW-010,5,2020-06-27,8,165.09,49.0,98.8,5.34,5.31,89.2,0.899,0.817,196.19,0.235,150.1,12004.1,8.48,0.006,False,False
BGW-010,5,2020-06-28,9,162.33,51.8,100.0,5.49,5.3,85.2,0.894,0.812,202.6,0.212,159.67,11886.1,8.36,0.033,False,False
BGW-010,5,2020-06-29,10,159.64,54.7,100.0,5.55,5.29,88.4,0.891,0.809,204.07,0.246,153.8,12070.0,8.53,0.045,False,False
BGW-010,5,2020-06-30,11,157.02,57.7,100.0,6.5,5.28,86.1,0.859,0.779,230.24,0.248,173.03,11910.5,9.5,0.213,False,False
BGW-010,5,2020-07-01,12,154.45,60.8,100.0,5.14,5.27,91.2,0.9,0.815,190.41,0.275,138.12,11863.1,7.91,0.0,False,False
BGW-010,5,2020-07-02,13,151.94,64.1,98.5,5.38,5.26,85.1,0.896,0.811,195.46,0.284,139.89,12056.1,8.0,0.021,False,False
BGW-010,5,2020-07-03,14,149.5,67.5,100.0,5.15,5.25,88.0,0.9,0.814,190.27,0.321,129.12,12015.1,8.07,0.0,False,False
BGW-010,5,2020-07-04,15,147.1,71.1,98.4,5.16,5.24,93.0,0.9,0.813,187.4,0.319,127.65,12178.7,8.13,0.0,False,False
BGW-010,5,2020-07-05,16,144.77,74.7,98.7,5.05,5.23,93.3,0.9,0.812,183.89,0.336,122.04,11883.3,7.94,0.0,False,False
BGW-010,5,2020-07-06,17,142.49,78.6,97.3,5.14,5.22,93.3,0.9,0.81,184.18,0.341,121.36,11839.3,7.97,0.0,False,False
BGW-010,5,2020-07-07,18,140.26,82.5,98.4,5.45,5.2,91.5,0.892,0.802,195.49,0.3,136.77,12005.0,8.46,0.044,False,False
BGW-010,5,2020-07-08,19,138.08,86.7,100.0,5.15,5.19,83.9,0.9,0.808,189.23,0.388,115.76,11918.1,8.0,0.0,False,False
BGW-010,5,2020-07-09,20,135.95,90.9,96.5,5.84,5.18,79.7,0.878,0.787,201.58,0.367,127.69,12019.9,8.72,0.115,False,False
BGW-010,5,2020-07-10,21,133.87,95.3,100.0,4.91,5.17,91.4,0.9,0.806,179.87,0.393,109.17,12255.9,8.09,0.0,False,False
BGW-010,5,2020-07-11,22,131.84,99.9,100.0,6.5,5.15,80.1,0.855,0.764,225.72,0.398,135.95,12403.1,9.79,0.236,False,False
BGW-010,5,2020-07-12,23,129.86,104.6,100.0,5.24,5.14,83.1,0.896,0.8,190.61,0.409,112.72,12436.8,8.54,0.019,False,False
BGW-010,5,2020-07-13,24,127.92,109.5,100.0,6.29,5.12,84.1,0.861,0.767,219.17,0.413,128.7,12093.5,9.17,0.204,False,False
BGW-010,5,2020-07-14,25,126.03,114.5,97.1,5.26,5.11,87.5,0.895,0.795,184.55,0.449,101.77,11883.6,8.02,0.026,False,False
BGW-010,5,2020-07-15,26,124.18,119.7,96.6,6.5,5.1,83.0,0.853,0.757,215.88,0.434,122.17,11887.9,9.19,0.246,False,False
BGW-010,5,2020-07-16,27,122.38,125.1,100.0,5.82,5.08,85.6,0.875,0.775,204.82,0.472,108.12,12026.6,8.82,0.129,False,False
BGW-010,5,2020-07-17,28,120.61,130.6,99.6,5.06,5.07,82.0,0.9,0.795,182.06,0.485,93.7,12021.8,7.98,0.0,False,False
BGW-010,5,2020-07-18,29,118.89,136.2,100.0,5.05,5.05,83.6,0.9,0.793,182.03,0.509,89.32,12074.7,8.16,0.0,False,False
BGW-010,5,2020-07-19,30,117.2,142.0,97.9,5.1,5.03,91.6,0.898,0.789,179.11,0.469,95.19,11896.8,7.88,0.012,False,False
BGW-010,5,2020-07-20,31,115.56,148.0,100.0,6.18,5.02,82.9,0.861,0.755,212.08,0.482,109.9,12111.2,9.18,0.203,False,False
BGW-010,5,2020-07-21,32,113.95,154.1,95.6,5.39,5.0,89.4,0.887,0.776,181.58,0.516,87.87,11873.1,8.18,0.068,False,False
BGW-010,5,2020-07-22,33,112.39,160.4,100.0,5.0,4.99,93.6,0.899,0.785,178.31,0.551,79.99,12227.7,8.02,0.003,False,False
BGW-010,5,2020-07-23,34,110.85,166.8,100.0,6.37,4.97,87.5,0.853,0.742,214.89,0.507,105.98,12224.2,9.34,0.245,False,False
BGW-010,5,2020-07-24,35,109.36,173.4,100.0,4.84,4.95,83.0,0.9,0.781,171.77,0.548,77.57,12169.0,7.68,0.0,False,False
BGW-010,5,2020-07-25,36,107.89,180.2,100.0,5.98,4.93,82.6,0.865,0.748,203.44,0.536,94.39,12040.2,8.87,0.183,False,False
BGW-010,5,2020-07-26,37,106.47,187.1,100.0,5.8,4.92,81.1,0.871,0.751,197.91,0.57,85.08,12143.9,9.14,0.155,False,False
BGW-010,5,2020-07-27,38,105.07,194.1,99.3,4.83,4.9,92.4,0.9,0.774,168.82,0.594,68.54,12161.6,7.91,0.0,False,False
BGW-010,5,2020-07-28,39,103.71,201.3,98.5,4.86,4.88,84.2,0.9,0.771,167.68,0.606,66.07,12088.8,8.02,0.0,False,False
BGW-010,5,2020-07-29,40,102.37,208.6,100.0,6.5,4.86,85.1,0.845,0.722,213.36,0.612,82.72,11777.1,9.48,0.288,False,False
BGW-010,5,2020-07-30,41,101.07,216.1,100.0,6.5,4.85,79.9,0.845,0.719,212.5,0.64,76.42,11948.4,9.53,0.293,False,False
BGW-010,5,2020-07-31,42,99.8,223.7,100.0,6.5,4.83,84.3,0.844,0.716,211.62,0.605,83.52,12076.6,9.42,0.298,False,False
BGW-010,5,2020-08-01,43,98.56,231.4,100.0,4.62,4.81,91.0,0.9,0.761,159.78,0.621,60.55,12024.8,7.34,0.007,False,False
BGW-010,5,2020-08-02,44,97.35,239.3,100.0,4.57,4.79,88.1,0.9,0.758,157.41,0.653,54.65,12194.6,7.41,0.009,False,False
BGW-010,5,2020-08-03,45,96.17,247.3,97.6,5.11,4.77,86.2,0.889,0.746,169.06,0.651,59.08,12180.7,8.15,0.07,False,False
BGW-010,5,2020-08-04,46,95.01,255.4,100.0,6.12,4.75,82.8,0.854,0.714,198.83,0.664,66.76,12283.1,9.45,0.252,False,False
BGW-010,5,2020-08-05,47,93.88,263.7,99.1,4.83,4.74,81.1,0.897,0.747,162.57,0.688,50.79,12156.2,7.75,0.031,False,False
BGW-010,6,2020-08-15,1,150.22,66.5,95.3,6.5,5.25,85.0,0.858,0.776,218.44,0.146,186.55,11803.2,9.29,0.218,False,False
BGW-010,6,2020-08-16,2,146.77,71.6,99.1,5.5,5.24,92.9,0.891,0.805,199.25,0.166,166.26,11963.0,8.37,0.046,False,False
BGW-010,6,2020-08-17,3,143.44,76.9,100.0,5.06,5.22,94.5,0.9,0.811,186.43,0.145,159.35,12179.5,8.34,0.0,False,False
BGW-010,6,2020-08-18,4,140.22,82.6,100.0,6.3,5.2,88.1,0.864,0.777,222.26,0.137,191.87,12032.0,9.4,0.191,False,False
BGW-010,6,2020-08-19,5,137.1,88.6,97.3,5.14,5.19,81.6,0.9,0.808,183.46,0.157,154.72,12131.3,7.92,0.0,False,False
BGW-010,6,2020-08-20,6,134.09,94.9,100.0,6.5,5.17,79.6,0.856,0.766,226.28,0.149,192.49,12128.7,9.36,0.233,False,False
BGW-010,6,2020-08-21,7,131.18,101.4,97.9,5.39,5.15,81.9,0.892,0.797,191.05,0.148,162.71,12085.6,8.4,0.042,False,False
BGW-010,6,2020-08-22,8,128.36,108.4,97.2,5.09,5.13,88.6,0.9,0.802,180.29,0.218,140.9,11981.8,8.05,0.0,False,False
BGW-010,6,2020-08-23,9,125.64,115.6,98.6,6.5,5.11,84.2,0.854,0.758,220.86,0.218,172.61,12233.0,9.66,0.244,False,False
BGW-010,6,2020-08-24,10,123.01,123.1,100.0,5.82,5.09,90.4,0.876,0.775,205.1,0.161,172.05,12223.3,8.88,0.128,False,False
BGW-010,6,2020-08-25,11,120.47,131.0,97.9,5.12,5.06,81.7,0.898,0.793,180.45,0.176,148.63,11883.9,7.86,0.009,False,False
BGW-010,6,2020-08-26,12,118.01,139.2,100.0,4.92,5.04,82.3,0.9,0.792,177.23,0.23,136.54,12080.3,8.12,0.0,False,False
BGW-010,6,2020-08-27,13,115.63,147.8,97.9,4.83,5.02,91.4,0.9,0.789,169.65,0.186,138.01,12218.6,7.73,0.0,False,False
BGW-010,6,2020-08-28,14,113.33,156.6,97.2,4.92,5.0,87.2,0.9,0.786,171.04,0.218,133.73,12073.6,7.77,0.0,False,False
BGW-010,6,2020-08-29,15,111.1,165.8,99.5,5.03,4.97,85.7,0.898,0.782,177.72,0.206,141.17,12000.7,7.95,0.01,False,False
BGW-010,6,2020-08-30,16,108.95,175.3,98.7,5.03,4.95,90.7,0.897,0.778,175.58,0.191,141.97,12073.8,7.57,0.015,False,False
BGW-010,6,2020-08-31,17,106.87,185.1,100.0,5.06,4.92,85.6,0.895,0.773,177.87,0.231,136.81,12053.0,7.96,0.025,False,False
BGW-010,6,2020-09-01,18,104.86,195.2,97.9,5.76,4.9,85.5,0.871,0.749,191.89,0.204,152.69,11983.5,8.71,0.151,False,False
BGW-010,6,2020-09-02,19,102.92,205.6,100.0,5.4,4.87,85.6,0.882,0.755,185.27,0.206,147.07,12251.1,8.63,0.094,False,False
BGW-010,6,2020-09-03,20,101.04,216.3,100.0,5.29,4.85,84.7,0.885,0.754,181.05,0.18,148.55,12167.1,8.38,0.081,False,False
BGW-010,6,2020-09-04,21,99.22,227.3,100.0,4.65,4.82,83.2,0.9,0.762,161.06,0.248,121.18,12026.3,7.51,0.006,False,False
BGW-010,6,2020-09-05,22,97.47,238.5,100.0,5.73,4.79,89.3,0.869,0.732,190.55,0.24,144.86,12160.9,8.8,0.172,False,False
BGW-010,6,2020-09-06,23,95.77,250.0,98.6,4.78,4.77,83.2,0.9,0.754,161.37,0.235,123.45,11962.2,7.58,0.013,False,False
BGW-010,6,2020-09-07,24,94.13,261.8,95.0,5.28,4.74,92.0,0.882,0.735,167.72,0.232,128.83,11958.0,8.19,0.109,False,False
BGW-010,6,2020-09-08,25,92.54,273.9,100.0,6.06,4.71,89.4,0.855,0.709,195.38,0.218,152.8,12313.2,9.5,0.253,False,False
BGW-010,6,2020-09-09,26,91.0,286.1,98.9,4.94,4.69,90.7,0.892,0.735,163.1,0.269,119.26,12458.8,7.82,0.064,False,False
BGW-010,6,2020-09-10,27,89.52,298.6,98.1,6.09,4.66,79.4,0.852,0.699,189.53,0.252,141.84,12192.7,9.31,0.272,False,False
BGW-010,6,2020-09-11,28,88.08,311.3,98.5,5.46,4.63,86.3,0.872,0.711,173.74,0.286,124.02,11997.6,8.32,0.17,False,False
BGW-010,6,2020-09-12,29,86.7,324.2,100.0,5.62,4.6,89.8,0.866,0.701,179.06,0.266,131.47,12299.6,8.66,0.206,False,False
BGW-010,6,2020-09-13,30,85.36,337.3,95.5,5.09,4.58,82.2,0.883,0.71,157.04,0.257,116.73,11965.9,7.91,0.121,False,False
BGW-010,6,2020-09-14,31,84.06,350.5,98.5,4.56,4.55,86.2,0.9,0.719,146.78,0.256,109.13,12026.7,7.35,0.036,False,False
BGW-010,6,2020-09-15,32,82.8,363.9,99.8,4.46,4.52,93.6,0.9,0.715,144.52,0.256,107.49,12302.9,7.37,0.037,False,False
BGW-010,6,2020-09-16,33,81.59,377.4,99.1,4.53,4.5,90.7,0.899,0.709,144.6,0.267,105.93,12264.0,7.53,0.045,False,False
BGW-010,6,2020-09-17,34,80.42,391.0,97.5,4.75,4.47,89.3,0.891,0.698,146.9,0.277,106.27,11942.6,7.63,0.092,False,False
BGW-010,6,2020-09-18,35,79.29,404.8,100.0,4.66,4.44,87.7,0.892,0.694,147.15,0.302,102.7,12204.0,7.68,0.085,False,False
BGW-010,6,2020-09-19,36,78.19,418.6,98.1,4.39,4.42,81.1,0.898,0.694,135.8,0.264,99.91,12075.7,7.09,0.05,False,False
BGW-010,6,2020-09-20,37,77.13,432.6,100.0,4.45,4.39,93.6,0.894,0.686,138.82,0.282,99.67,12057.6,7.32,0.063,False,False
BGW-010,6,2020-09-21,38,76.11,446.6,99.5,4.89,4.37,79.0,0.877,0.669,147.8,0.301,103.27,12056.2,7.5,0.147,False,False
BGW-010,6,2020-09-22,39,75.11,460.6,98.4,4.15,4.34,91.7,0.893,0.676,125.44,0.313,86.13,11959.4,6.92,0.059,False,False
BGW-010,6,2020-09-23,40,74.16,474.7,100.0,5.46,4.32,85.6,0.853,0.641,159.04,0.263,117.27,12105.9,8.43,0.262,False,False
BGW-010,6,2020-09-24,41,73.23,488.8,98.3,4.08,4.29,84.7,0.89,0.664,121.02,0.31,83.48,12274.0,7.07,0.066,False,False
BGW-010,6,2020-09-25,42,72.33,502.9,96.3,5.04,4.27,87.3,0.862,0.639,140.94,0.268,103.15,12116.8,7.68,0.204,False,False
BGW-010,6,2020-09-26,43,71.47,516.9,100.0,4.16,4.24,91.0,0.886,0.652,123.29,0.303,85.89,11981.6,7.17,0.072,False,False
BGW-010,6,2020-09-27,44,70.63,531.0,100.0,4.37,4.22,84.5,0.88,0.643,127.74,0.284,91.5,12140.1,7.21,0.102,False,False
BGW-010,6,2020-09-28,45,69.82,545.1,95.9,4.45,4.2,83.2,0.875,0.635,123.04,0.295,86.75,11892.1,7.31,0.122,False,False
BGW-010,6,2020-09-29,46,69.04,559.0,96.8,4.53,4.17,81.6,0.869,0.626,124.97,0.312,86.02,12343.0,7.61,0.144,False,False
BGW-010,6,2020-09-30,47,68.28,573.0,98.7,4.14,4.15,92.3,0.88,0.629,116.9,0.316,79.97,12315.1,7.07,0.085,False,False
BGW-010,6,2020-10-01,48,67.55,586.8,98.9,4.26,4.13,86.1,0.874,0.621,118.92,0.324,80.39,12419.7,7.18,0.111,False,False
BGW-010,6,2020-10-02,49,66.84,600.6,98.4,4.4,4.11,81.8,0.867,0.612,120.27,0.333,80.28,12202.1,7.46,0.141,False,False
BGW-010,6,2020-10-03,50,66.16,614.3,98.0,4.28,4.09,79.9,0.869,0.608,116.0,0.359,74.4,12199.3,7.07,0.128,False,False
BGW-010,6,2020-10-04,51,65.5,627.9,100.0,4.31,4.07,82.1,0.865,0.602,117.81,0.31,81.34,12403.1,7.24,0.139,False,False
BGW-010,6,2020-10-05,52,64.86,641.3,99.1,4.22,4.05,82.2,0.866,0.599,113.73,0.372,71.47,12315.2,6.91,0.13,False,False
BGW-010,6,2020-10-06,53,64.24,654.7,98.3,4.1,4.03,88.6,0.868,0.596,109.16,0.379,67.77,12079.7,7.08,0.116,False,False
BGW-010,6,2020-10-07,54,63.64,667.9,100.0,5.53,4.01,82.8,0.818,0.558,140.11,0.334,93.31,12400.3,8.8,0.372,False,False
BGW-010,6,2020-10-08,55,63.07,681.0,100.0,5.78,3.99,82.1,0.808,0.547,143.63,0.351,93.23,12583.8,8.88,0.423,False,False
BGW-010,6,2020-10-09,56,62.51,693.9,99.5,5.03,3.97,77.5,0.831,0.559,126.99,0.37,80.02,11911.2,8.31,0.297,False,False
BGW-010,6,2020-10-10,57,61.97,706.7,96.4,3.92,3.95,79.7,0.864,0.578,99.36,0.334,66.12,11982.1,6.71,0.115,False,False
BGW-010,6,2020-10-11,58,61.44,719.3,100.0,4.93,3.93,80.7,0.83,0.551,123.46,0.349,80.42,12410.5,7.97,0.292,False,False
BGW-010,6,2020-10-12,59,60.94,731.8,100.0,5.53,3.92,82.9,0.807,0.533,134.06,0.391,81.59,12447.3,8.62,0.404,False,False
BGW-010,6,2020-10-13,60,60.45,744.1,98.0,3.93,3.9,84.5,0.859,0.564,98.65,0.358,63.33,12231.6,7.0,0.129,False,False
BGW-010,6,2020-10-14,61,59.98,756.2,97.9,3.74,3.88,81.4,0.858,0.56,93.19,0.387,57.09,12091.9,6.58,0.126,False,False
BGW-010,6,2020-10-15,62,59.52,768.1,94.2,5.35,3.87,73.8,0.808,0.524,119.88,0.359,76.89,12122.8,8.53,0.389,False,False
BGW-010,6,2020-10-16,63,59.08,779.8,97.6,3.72,3.85,80.4,0.856,0.552,90.99,0.397,54.84,12145.2,6.76,0.132,False,False
BGW-010,6,2020-10-17,64,58.65,791.4,95.0,4.34,3.84,78.6,0.837,0.537,100.66,0.418,58.58,12123.6,7.45,0.223,False,False
BGW-010,6,2020-10-18,65,58.24,802.8,95.9,3.78,3.82,86.9,0.853,0.544,89.69,0.372,56.36,12321.0,6.91,0.137,False,False
BGW-010,6,2020-10-19,66,57.84,813.9,100.0,3.65,3.81,85.2,0.852,0.54,89.66,0.388,54.91,12324.2,6.87,0.14,False,False
BGW-010,6,2020-10-20,67,57.46,824.9,100.0,3.93,3.79,80.2,0.846,0.533,95.21,0.401,57.04,12131.0,6.69,0.166,False,False
BGW-010,6,2020-10-21,68,57.08,835.7,96.9,5.31,3.78,73.3,0.798,0.5,116.91,0.421,67.75,12447.3,8.45,0.412,False,False
BGW-010,6,2020-10-22,69,56.72,846.3,96.5,3.78,3.76,78.2,0.847,0.529,87.57,0.42,50.76,12104.6,6.75,0.149,False,False
BGW-010,6,2020-10-23,70,56.38,856.6,93.7,5.32,3.75,81.0,0.795,0.493,111.6,0.421,64.56,12127.8,8.6,0.423,False,False
BGW-010,6,2020-10-24,71,56.04,866.8,96.3,3.88,3.74,76.5,0.841,0.519,88.26,0.402,52.74,12088.8,6.62,0.177,False,False
BGW-010,6,2020-10-25,72,55.71,876.8,96.8,3.74,3.73,77.0,0.844,0.519,85.2,0.406,50.6,12041.0,6.35,0.156,False,False
BGW-010,6,2020-10-26,73,55.4,886.6,94.6,3.75,3.71,83.0,0.842,0.515,83.1,0.442,46.4,12241.3,6.64,0.163,False,False
BGW-010,6,2020-10-27,74,55.09,896.1,96.7,3.56,3.7,85.6,0.842,0.512,80.15,0.416,46.78,12186.9,6.49,0.158,False,False
BGW-010,6,2020-10-28,75,54.8,905.5,96.6,3.61,3.69,82.7,0.841,0.509,80.76,0.42,46.83,12148.0,6.43,0.16,False,False
BGW-010,6,2020-10-29,76,54.51,914.7,99.0,4.27,3.68,82.7,0.82,0.495,95.1,0.451,52.22,12295.6,7.17,0.266,False,False
BGW-010,6,2020-10-30,77,54.24,923.6,95.5,3.78,3.67,75.8,0.835,0.501,82.28,0.471,43.52,12310.8,6.63,0.184,False,False
BGW-010,6,2020-10-31,78,53.97,932.4,97.8,4.56,3.66,79.2,0.808,0.483,97.82,0.47,51.87,12442.2,7.89,0.323,False,False
BGW-010,6,2020-11-01,79,53.71,941.0,94.4,4.38,3.65,74.5,0.812,0.484,90.89,0.441,50.85,12228.5,7.28,0.296,False,False
BGW-010,6,2020-11-02,80,53.46,949.3,99.1,3.65,3.64,85.1,0.836,0.495,81.43,0.469,43.24,12507.4,6.51,0.172,False,False
BGW-010,6,2020-11-03,81,53.22,957.5,95.7,5.21,3.63,72.0,0.782,0.462,104.66,0.454,57.09,11998.6,8.25,0.449,False,False
BGW-010,6,2020-11-04,82,52.99,965.5,98.3,3.69,3.62,80.1,0.832,0.489,80.66,0.44,45.2,12518.5,6.83,0.186,False,False
BGW-010,6,2020-11-05,83,52.77,973.3,94.3,3.75,3.61,74.7,0.829,0.486,78.0,0.454,42.62,12159.2,6.6,0.199,False,False
BGW-010,6,2020-11-06,84,52.55,980.9,98.6,3.95,3.6,84.5,0.821,0.479,84.92,0.471,44.93,12397.4,6.87,0.239,False,False
BGW-010,6,2020-11-07,85,52.34,988.3,100.0,4.0,3.59,76.2,0.818,0.476,86.4,0.415,50.53,12342.0,7.0,0.249,False,False
BGW-010,6,2020-11-08,86,52.14,995.6,97.2,3.59,3.59,85.7,0.83,0.481,76.41,0.476,40.08,12097.4,6.16,0.182,False,False
BGW-010,6,2020-11-09,87,51.94,1002.6,100.0,3.98,3.58,84.9,0.816,0.472,85.37,0.456,46.46,12416.3,6.85,0.253,False,False
BGW-010,6,2020-11-10,88,51.75,1009.5,97.0,3.55,3.57,77.8,0.829,0.477,74.62,0.452,40.88,12536.3,6.38,0.184,False,False
BGW-010,6,2020-11-11,89,51.56,1016.2,100.0,3.84,3.56,85.8,0.819,0.47,82.04,0.501,40.91,12292.9,7.0,0.234,False,False
BGW-010,6,2020-11-12,90,51.39,1022.8,98.9,3.48,3.56,82.6,0.827,0.473,74.15,0.481,38.45,12421.7,6.46,0.187,False,False
BGW-010,6,2020-11-13,91,51.22,1029.1,98.9,4.34,3.55,74.2,0.8,0.457,88.96,0.453,48.68,12327.1,7.23,0.326,False,False
BGW-010,6,2020-11-14,92,51.05,1035.3,100.0,4.93,3.54,77.1,0.78,0.443,99.28,0.496,50.03,12140.8,7.85,0.432,False,False
BGW-010,6,2020-11-15,93,50.89,1041.4,97.0,4.43,3.54,73.6,0.795,0.451,88.13,0.468,46.92,12135.8,7.51,0.348,False,False
BGW-010,6,2020-11-16,94,50.73,1047.2,97.9,4.45,3.53,72.9,0.794,0.449,88.91,0.516,43.0,12236.3,7.21,0.354,False,False
BGW-010,6,2020-11-17,95,50.58,1052.9,95.0,3.35,3.52,83.0,0.824,0.465,67.2,0.514,32.63,12109.4,6.07,0.194,False,False
BGW-010,6,2020-11-18,96,50.44,1058.5,100.0,4.41,3.52,72.4,0.793,0.446,89.5,0.525,42.51,12548.7,7.54,0.352,False,False
BGW-010,6,2020-11-19,97,50.3,1063.9,100.0,4.27,3.51,71.9,0.797,0.447,86.81,0.511,42.41,11934.6,7.24,0.329,False,False
BGW-010,6,2020-11-20,98,50.16,1069.2,95.3,3.62,3.51,80.1,0.818,0.458,71.83,0.526,34.06,12398.5,6.83,0.218,False,False
BGW-010,6,2020-11-21,99,50.03,1074.3,97.6,3.64,3.5,83.6,0.817,0.456,73.63,0.504,36.49,12290.5,6.22,0.224,False,False
BGW-010,6,2020-11-22,100,49.9,1079.3,96.5,5.01,3.49,76.3,0.77,0.429,94.26,0.501,47.02,12223.4,8.01,0.465,True,False
BGW-010,6,2020-11-23,101,49.78,1084.1,98.4,3.8,3.49,79.9,0.81,0.45,76.56,0.501,38.21,12049.2,6.64,0.256,False,False
BGW-010,6,2020-11-24,102,49.66,1088.8,97.5,3.64,3.48,80.6,0.814,0.452,72.84,0.535,33.85,12258.1,6.35,0.229,False,False
BGW-010,6,2020-11-25,103,49.55,1093.4,95.3,5.01,3.48,70.7,0.768,0.425,92.29,0.525,43.82,12132.2,7.95,0.472,True,False
BGW-010,6,2020-11-26,104,49.44,1097.8,96.0,4.11,3.47,79.1,0.797,0.44,78.98,0.503,39.25,12125.9,6.92,0.315,False,False
BGW-010,6,2020-11-27,105,49.33,1102.1,100.0,4.35,3.47,76.8,0.789,0.435,85.87,0.541,39.45,12447.7,7.18,0.358,False,False
BGW-010,6,2020-11-28,106,49.23,1106.3,93.8,3.47,3.47,77.6,0.818,0.45,66.41,0.542,30.41,12210.3,5.8,0.206,False,False
BGW-010,6,2020-11-29,107,49.13,1110.3,94.2,3.63,3.46,74.1,0.812,0.445,69.22,0.56,30.43,12201.7,6.66,0.236,False,False
BGW-010,6,2020-11-30,108,49.03,1114.3,100.0,4.75,3.46,72.4,0.774,0.424,91.45,0.539,42.2,12268.3,8.02,0.434,False,False
BGW-010,6,2020-12-01,109,48.93,1118.1,93.7,3.95,3.45,76.0,0.8,0.437,73.61,0.554,32.79,12005.9,6.56,0.296,False,False
BGW-010,6,2020-12-02,110,48.84,1121.8,97.8,3.35,3.45,74.1,0.816,0.445,66.32,0.557,29.37,12391.1,6.03,0.21,False,False
BGW-010,6,2020-12-03,111,48.76,1125.5,99.5,3.66,3.45,75.9,0.808,0.44,72.87,0.553,32.59,12473.9,6.43,0.247,False,False
BGW-010,6,2020-12-04,112,48.67,1129.0,100.0,4.91,3.44,74.5,0.766,0.417,92.99,0.543,42.51,12136.5,7.72,0.468,True,False
BGW-010,6,2020-12-05,113,48.59,1132.4,97.6,3.36,3.44,76.8,0.815,0.442,65.9,0.595,26.7,12272.0,6.17,0.212,False,False
BGW-010,6,2020-12-06,114,48.51,1135.6,94.9,3.28,3.44,80.4,0.814,0.442,62.38,0.579,26.24,12165.2,5.88,0.213,False,False
BGW-010,6,2020-12-07,115,48.43,1138.8,93.3,3.56,3.43,79.3,0.81,0.438,66.2,0.58,27.78,12044.3,6.15,0.236,False,False
BGW-010,6,2020-12-08,116,48.36,1141.9,100.0,4.87,3.43,71.2,0.765,0.414,91.56,0.57,39.4,12747.2,8.12,0.466,True,False
BGW-010,6,2020-12-09,117,48.29,1145.0,100.0,4.23,3.43,76.4,0.786,0.424,81.66,0.566,35.47,12351.8,7.21,0.356,False,False
BGW-010,6,2020-12-10,118,48.22,1147.9,96.6,3.29,3.42,83.6,0.813,0.438,63.35,0.608,24.81,12277.7,5.99,0.215,False,False
BGW-010,6,2020-12-11,119,48.15,1150.7,91.8,3.66,3.42,73.0,0.804,0.433,66.17,0.558,29.26,11978.4,6.51,0.259,False,False
BGW-010,6,2020-12-12,120,48.09,1153.4,96.2,3.26,3.42,80.3,0.812,0.437,62.2,0.582,25.99,12164.2,5.86,0.217,False,False
BGW-010,6,2020-12-13,121,48.03,1156.1,100.0,4.31,3.41,77.2,0.782,0.42,82.21,0.551,36.92,12539.8,7.39,0.373,False,False
BGW-010,6,2020-12-14,122,47.96,1158.7,100.0,4.31,3.41,79.3,0.782,0.419,82.09,0.561,36.06,12665.3,7.51,0.375,False,False
BGW-010,6,2020-12-15,123,47.91,1161.2,96.1,3.53,3.41,74.8,0.807,0.433,66.68,0.617,25.52,12321.7,6.26,0.24,False,False
BGW-010,6,2020-12-16,124,47.85,1163.6,100.0,4.39,3.41,72.1,0.778,0.416,83.11,0.602,33.06,12467.0,7.52,0.391,False,False
BGW-010,6,2020-12-17,125,47.8,1166.0,94.5,3.83,3.4,80.4,0.796,0.426,70.11,0.62,26.62,12142.1,6.7,0.294,False,False
BGW-010,6,2020-12-18,126,47.74,1168.2,93.1,3.37,3.4,81.1,0.81,0.433,61.69,0.618,23.57,12415.6,6.36,0.22,False,False
BGW-010,6,2020-12-19,127,47.69,1170.4,93.0,3.54,3.4,75.2,0.805,0.43,64.36,0.619,24.54,12287.0,6.5,0.245,False,False
BGW-010,6,2020-12-20,128,47.64,1172.6,100.0,4.44,3.4,73.1,0.775,0.413,83.34,0.619,31.78,12520.5,7.57,0.403,False,False
BGW-010,6,2020-12-21,129,47.59,1174.6,97.9,3.54,3.4,73.6,0.805,0.429,67.52,0.632,24.83,12397.3,6.41,0.247,False,False
BGW-010,6,2020-12-22,130,47.55,1176.7,94.0,3.5,3.39,84.2,0.806,0.429,64.05,0.622,24.21,12292.6,6.33,0.24,False,False
BGW-010,6,2020-12-23,131,47.5,1178.6,96.0,3.37,3.39,79.0,0.809,0.43,63.22,0.614,24.43,12475.4,6.25,0.222,False,False
BGW-010,6,2020-12-24,132,47.46,1180.5,94.7,4.85,3.39,72.6,0.76,0.404,84.26,0.611,32.77,12391.5,7.97,0.478,True,False
BGW-010,6,2020-12-25,133,47.42,1182.3,94.8,3.42,3.39,79.5,0.808,0.429,63.22,0.657,21.69,11985.7,6.35,0.229,False,False
BGW-010,6,2020-12-26,134,47.38,1184.1,95.2,3.73,3.39,77.0,0.797,0.423,68.2,0.598,27.44,12271.2,6.59,0.284,False,False
BGW-010,6,2020-12-27,135,47.34,1185.8,92.9,3.6,3.39,77.4,0.801,0.424,64.51,0.631,23.83,12164.5,6.53,0.262,False,False
BGW-010,6,2020-12-28,136,47.3,1187.4,91.1,3.9,3.38,72.3,0.791,0.419,67.69,0.629,25.1,12192.6,6.72,0.316,False,False
BGW-010,6,2020-12-29,137,47.26,1189.0,98.1,3.24,3.38,74.8,0.808,0.427,61.67,0.656,21.23,12125.7,6.13,0.225,False,False
BGW-010,6,2020-12-30,138,47.23,1190.6,98.9,4.05,3.38,71.8,0.785,0.415,75.64,0.657,25.92,12591.0,7.09,0.343,False,False
BGW-010,6,2020-12-31,139,47.2,1192.1,93.3,3.52,3.38,76.3,0.803,0.424,63.25,0.654,21.91,12263.7,6.45,0.249,False,False
BGW-010,6,2021-01-01,140,47.16,1193.6,97.3,4.03,3.38,77.2,0.786,0.415,73.94,0.669,24.48,12184.1,6.7,0.34,False,False
BGW-010,6,2021-01-02,141,47.13,1195.0,96.4,3.36,3.38,77.5,0.807,0.426,62.65,0.679,20.11,12297.0,6.39,0.226,False,False
BGW-010,6,2021-01-03,142,47.1,1196.3,100.0,3.66,3.37,72.8,0.798,0.42,69.92,0.688,21.79,12632.4,6.69,0.276,False,False
BGW-010,6,2021-01-04,143,47.07,1197.7,95.5,3.21,3.37,79.1,0.807,0.425,59.27,0.697,17.97,12067.7,5.81,0.227,False,False
BGW-010,6,2021-01-05,144,47.04,1198.9,100.0,4.28,3.37,73.0,0.777,0.409,79.46,0.66,27.0,12510.0,7.52,0.385,False,False
BGW-010,6,2021-01-06,145,47.01,1200.2,98.8,3.73,3.37,75.9,0.795,0.418,70.08,0.676,22.68,12375.7,6.48,0.291,False,False
BGW-010,6,2021-01-07,146,46.99,1201.4,93.9,3.25,3.37,82.7,0.807,0.424,58.81,0.642,21.05,12186.5,6.34,0.228,False,False
BGW-010,6,2021-01-08,147,46.96,1202.5,92.7,3.52,3.37,74.0,0.801,0.421,62.42,0.703,18.53,11961.3,6.3,0.254,False,False
BGW-010,6,2021-01-09,148,46.94,1203.7,100.0,4.69,3.37,70.4,0.762,0.4,85.3,0.707,25.02,12411.8,7.41,0.459,True,False
BGW-010,6,2021-01-10,149,46.91,1204.7,100.0,3.68,3.37,79.7,0.796,0.418,69.95,0.713,20.08,12581.1,6.82,0.284,False,False
BGW-011,1,2019-07-14,1,174.0,39.0,99.2,5.16,5.35,90.2,0.9,0.821,190.8,0.149,162.43,12034.8,8.17,0.0,False,False
BGW-011,1,2019-07-15,2,170.59,41.6,100.0,5.39,5.34,84.5,0.898,0.819,200.44,0.178,164.74,11981.3,8.2,0.009,False,False
BGW-011,1,2019-07-16,3,167.28,44.4,100.0,5.72,5.33,82.3,0.887,0.808,210.02,0.131,182.54,12100.5,8.92,0.069,False,False
BGW-011,1,2019-07-17,4,164.05,47.3,100.0,5.54,5.32,93.2,0.892,0.812,204.55,0.166,170.56,11942.0,8.69,0.04,False,False
BGW-011,1,2019-07-18,5,160.91,50.4,97.5,6.18,5.31,86.8,0.871,0.792,216.75,0.165,180.96,12036.6,9.33,0.152,False,False
BGW-011,1,2019-07-19,6,157.85,53.6,99.2,6.31,5.3,80.7,0.866,0.786,223.84,0.184,182.62,11991.5,9.4,0.178,False,False
BGW-011,1,2019-07-20,7,154.88,57.0,100.0,5.43,5.28,87.6,0.895,0.812,200.32,0.154,169.53,12192.4,8.31,0.025,False,False
BGW-011,1,2019-07-21,8,151.98,60.6,100.0,5.01,5.27,92.0,0.9,0.815,185.72,0.191,150.32,12280.7,7.73,0.0,False,False
BGW-011,1,2019-07-22,9,149.16,64.3,95.2,6.5,5.26,83.3,0.859,0.777,218.58,0.17,181.42,12062.3,9.71,0.217,False,False
BGW-011,1,2019-07-23,10,146.42,68.2,99.8,6.5,5.25,84.2,0.858,0.776,228.66,0.176,188.32,11919.9,9.4,0.219,False,False
BGW-011,1,2019-07-24,11,143.75,72.3,100.0,6.31,5.24,83.3,0.864,0.78,223.75,0.197,179.68,12220.7,9.37,0.188,False,False
BGW-011,1,2019-07-25,12,141.15,76.5,100.0,6.5,5.22,84.6,0.857,0.773,228.26,0.192,184.38,12390.1,9.74,0.223,False,False
BGW-011,1,2019-07-26,13,138.62,81.0,100.0,6.5,5.21,82.1,0.857,0.771,227.79,0.196,183.08,12235.5,9.54,0.226,False,False
BGW-011,1,2019-07-27,14,136.16,85.6,100.0,5.32,5.2,84.8,0.896,0.805,194.61,0.191,157.37,12161.1,8.32,0.022,False,False
BGW-011,1,2019-07-28,15,133.77,90.4,98.7,5.17,5.18,94.4,0.9,0.807,187.14,0.244,141.4,12292.8,8.18,0.0,False,False
BGW-011,1,2019-07-29,16,131.43,95.4,98.4,5.03,5.17,86.1,0.9,0.806,181.37,0.239,138.03,12229.8,7.75,0.0,False,False
BGW-011,1,2019-07-30,17,129.17,100.6,100.0,5.81,5.15,81.6,0.878,0.784,207.12,0.196,166.59,12102.4,8.78,0.115,False,False
BGW-011,1,2019-07-31,18,126.96,106.0,100.0,4.94,5.14,88.7,0.9,0.802,179.97,0.19,145.87,12300.6,8.08,0.0,False,False
BGW-011,1,2019-08-01,19,124.81,111.5,97.6,4.93,5.12,85.1,0.9,0.801,175.07,0.221,136.44,12075.5,7.91,0.0,False,False
BGW-011,1,2019-08-02,20,122.71,117.3,100.0,6.09,5.1,87.0,0.867,0.77,213.1,0.2,170.59,12340.6,9.39,0.173,False,False
BGW-011,1,2019-08-03,21,120.68,123.3,100.0,5.26,5.09,93.6,0.894,0.792,189.24,0.23,145.74,12225.2,8.07,0.03,False,False
BGW-011,1,2019-08-04,22,118.7,129.4,100.0,6.5,5.07,86.7,0.852,0.753,222.43,0.238,169.58,11715.4,9.3,0.25,False,False
BGW-011,1,2019-08-05,23,116.77,135.8,97.0,5.45,5.05,84.8,0.887,0.781,187.73,0.229,144.81,12032.8,8.51,0.07,False,False
BGW-011,1,2019-08-06,24,114.89,142.4,100.0,5.27,5.03,86.9,0.892,0.784,187.78,0.239,142.81,12152.8,8.4,0.041,False,False
BGW-011,1,2019-08-07,25,113.06,149.1,98.4,6.5,5.02,88.3,0.851,0.745,216.58,0.27,158.08,12311.3,9.59,0.26,False,False
BGW-011,1,2019-08-08,26,111.28,156.1,100.0,4.83,5.0,91.4,0.9,0.786,172.53,0.254,128.67,11981.1,7.54,0.0,False,False
BGW-011,1,2019-08-09,27,109.55,163.2,95.4,6.5,4.98,78.0,0.849,0.74,208.52,0.255,155.4,11875.2,9.41,0.266,False,False
BGW-011,1,2019-08-10,28,107.87,170.5,100.0,4.76,4.96,87.5,0.9,0.782,169.08,0.267,123.87,12130.2,7.56,0.0,False,False
BGW-011,1,2019-08-11,29,106.23,178.0,97.8,4.83,4.94,90.6,0.9,0.779,167.54,0.282,120.29,12212.3,8.0,0.0,False,False
BGW-011,1,2019-08-12,30,104.63,185.7,97.7,6.5,4.92,87.5,0.847,0.731,211.1,0.268,154.42,12310.5,9.67,0.276,False,False
BGW-011,1,2019-08-13,31,103.08,193.6,100.0,4.79,4.9,93.7,0.9,0.774,168.33,0.246,126.92,12231.9,7.52,0.0,False,False
BGW-011,1,2019-08-14,32,101.57,201.7,100.0,4.67,4.88,82.2,0.9,0.771,163.82,0.265,120.4,12132.4,7.73,0.0,False,False
BGW-011,1,2019-08-15,33,100.1,209.9,98.0,5.0,4.86,85.4,0.895,0.765,170.27,0.24,129.48,11915.5,8.04,0.026,False,False
BGW-011,1,2019-08-16,34,98.66,218.3,100.0,5.07,4.84,86.4,0.892,0.759,174.8,0.267,128.11,12191.7,7.9,0.044,False,False
BGW-011,1,2019-08-17,35,97.27,226.8,100.0,5.0,4.82,91.4,0.894,0.758,172.04,0.275,124.69,12272.9,8.02,0.037,False,False
BGW-011,1,2019-08-18,36,95.91,235.5,99.9,4.61,4.8,87.7,0.9,0.76,158.99,0.221,123.78,12275.9,7.5,0.008,False,False
BGW-011,1,2019-08-19,37,94.59,244.4,100.0,4.69,4.78,87.9,0.9,0.756,161.2,0.3,112.87,12213.8,7.68,0.01,False,False
BGW-011,1,2019-08-20,38,93.31,253.4,99.3,5.25,4.76,90.8,0.884,0.74,175.2,0.276,126.9,12052.8,8.15,0.097,False,False
BGW-011,1,2019-08-21,39,92.06,262.6,100.0,4.82,4.74,82.0,0.897,0.748,163.91,0.309,113.21,12389.6,7.73,0.029,False,False
BGW-011,1,2019-08-22,40,90.84,271.9,97.3,6.18,4.72,80.4,0.851,0.707,192.99,0.276,139.77,11845.3,9.55,0.272,False,False
BGW-011,1,2019-08-23,41,89.66,281.3,100.0,4.75,4.7,87.2,0.898,0.742,160.23,0.278,115.69,12156.8,7.42,0.028,False,False
BGW-011,1,2019-08-24,42,88.5,290.9,100.0,6.5,4.68,82.8,0.839,0.69,203.9,0.311,140.55,12375.0,9.78,0.34,False,False
BGW-011,1,2019-08-25,43,87.38,300.5,100.0,4.87,4.65,89.6,0.893,0.731,161.9,0.343,106.44,12323.6,7.99,0.061,False,False
BGW-011,1,2019-08-26,44,86.29,310.3,100.0,4.49,4.63,82.3,0.9,0.733,149.63,0.317,102.13,12044.2,7.44,0.025,False,False
BGW-011,1,2019-08-27,45,85.23,320.2,100.0,4.82,4.61,84.6,0.893,0.724,158.8,0.326,107.08,12225.5,7.69,0.064,False,False
BGW-011,1,2019-08-28,46,84.19,330.2,100.0,6.18,4.59,88.3,0.847,0.684,192.14,0.285,137.36,12414.4,9.15,0.308,False,False
BGW-011,1,2019-08-29,47,83.18,340.3,100.0,4.38,4.57,91.5,0.9,0.723,143.77,0.334,95.73,12339.9,7.26,0.032,False,False
BGW-011,1,2019-08-30,48,82.2,350.4,100.0,4.74,4.55,85.9,0.894,0.714,153.78,0.331,102.94,12394.1,7.7,0.067,False,False
BGW-011,1,2019-08-31,49,81.25,360.7,99.4,4.59,4.53,87.6,0.898,0.714,148.24,0.322,100.5,12305.9,7.58,0.047,False,False
BGW-011,1,2019-09-01,50,80.32,371.0,100.0,4.76,4.51,85.3,0.892,0.706,152.54,0.31,105.32,12245.2,7.79,0.082,False,False
BGW-011,1,2019-09-02,51,79.42,381.3,96.9,4.9,4.49,82.8,0.886,0.698,150.52,0.335,100.12,12132.8,7.79,0.112,False,False
BGW-011,1,2019-09-03,52,78.54,391.7,98.6,4.48,4.47,85.9,0.9,0.705,141.49,0.345,92.61,12192.3,7.44,0.045,False,False
BGW-011,1,2019-09-04,53,77.68,402.2,98.4,4.57,4.45,90.8,0.896,0.698,142.55,0.363,90.8,12021.0,7.4,0.067,False,False
BGW-011,1,2019-09-05,54,76.85,412.7,98.8,4.52,4.43,81.7,0.895,0.694,141.0,0.361,90.06,12248.1,7.53,0.065,False,False
BGW-011,1,2019-09-06,55,76.04,423.2,97.6,4.47,4.41,89.7,0.895,0.69,136.79,0.349,89.02,11991.9,7.14,0.061,False,False
BGW-011,1,2019-09-07,56,75.25,433.8,100.0,4.52,4.39,87.0,0.892,0.684,140.64,0.409,83.08,12102.6,7.49,0.077,False,False
BGW-011,1,2019-09-08,57,74.48,444.4,100.0,4.79,4.37,87.0,0.881,0.672,146.4,0.379,90.9,12358.1,7.62,0.129,False,False
BGW-011,1,2019-09-09,58,73.73,455.0,100.0,4.16,4.35,90.5,0.894,0.678,128.24,0.378,79.72,12403.2,7.28,0.058,False,False
BGW-011,1,2019-09-10,59,73.01,465.6,100.0,4.88,4.33,81.9,0.874,0.66,146.25,0.387,89.68,12141.9,7.76,0.155,False,False
BGW-011,1,2019-09-11,60,72.3,476.2,100.0,6.06,4.31,85.7,0.833,0.626,172.3,0.337,114.26,12418.3,9.06,0.368,False,False
BGW-011,1,2019-09-12,61,71.61,486.8,99.5,4.16,4.3,86.7,0.89,0.665,125.22,0.364,79.64,12095.4,7.05,0.065,False,False
BGW-011,1,2019-09-13,62,70.94,497.3,100.0,4.5,4.28,90.2,0.881,0.655,133.85,0.388,81.89,12208.7,7.64,0.106,False,False
BGW-011,1,2019-09-14,63,70.28,507.9,98.0,4.4,4.26,85.4,0.883,0.653,127.84,0.367,80.94,12122.9,7.35,0.094,False,False
BGW-011,1,2019-09-15,64,69.65,518.4,99.3,4.22,4.24,90.8,0.886,0.652,124.26,0.37,78.27,12488.5,7.45,0.072,False,False
BGW-011,1,2019-09-16,65,69.03,528.9,99.8,4.52,4.22,83.2,0.875,0.64,131.27,0.367,83.08,12310.4,7.45,0.127,False,False
BGW-011,1,2019-09-17,66,68.43,539.4,97.6,4.21,4.21,87.3,0.884,0.643,119.97,0.438,67.41,12223.0,6.86,0.077,False,False
BGW-011,1,2019-09-18,67,67.84,549.8,98.2,4.33,4.19,81.7,0.878,0.635,122.79,0.403,73.35,12355.4,7.41,0.104,False,False
BGW-011,1,2019-09-19,68,67.27,560.1,100.0,4.01,4.17,87.9,0.881,0.634,115.53,0.411,68.06,12332.6,6.99,0.082,False,False
BGW-011,1,2019-09-20,69,66.72,570.4,100.0,4.32,4.16,88.3,0.875,0.627,122.87,0.411,72.35,12209.8,7.17,0.112,False,False
BGW-011,1,2019-09-21,70,66.18,580.7,96.0,5.07,4.14,83.6,0.848,0.604,133.72,0.438,75.11,12331.6,8.16,0.25,False,False
BGW-011,1,2019-09-22,71,65.65,590.9,98.8,4.01,4.12,84.0,0.878,0.622,112.08,0.438,63.03,12164.0,6.78,0.089,False,False
BGW-011,1,2019-09-23,72,65.14,601.0,100.0,4.1,4.11,78.9,0.877,0.618,115.18,0.394,69.79,12106.1,6.99,0.091,False,False
BGW-011,1,2019-09-24,73,64.64,611.0,100.0,4.66,4.09,82.4,0.857,0.601,127.22,0.434,72.06,12352.2,7.92,0.192,False,False
BGW-011,1,2019-09-25,74,64.16,621.0,100.0,4.72,4.08,78.6,0.853,0.595,127.77,0.415,74.75,12283.2,7.74,0.209,False,False
BGW-011,1,2019-09-26,75,63.69,630.8,100.0,5.21,4.06,83.2,0.835,0.58,137.31,0.486,70.59,12358.8,8.38,0.299,False,False
BGW-011,1,2019-09-27,76,63.23,640.6,100.0,4.51,4.05,84.1,0.857,0.592,121.32,0.439,68.09,12250.9,7.53,0.181,False,False
BGW-011,1,2019-09-28,77,62.78,650.3,98.2,4.12,4.03,80.9,0.868,0.597,109.68,0.434,62.04,12071.7,6.9,0.117,False,False
BGW-011,1,2019-09-29,78,62.34,659.9,97.6,3.98,4.02,78.9,0.87,0.595,105.08,0.428,60.1,12392.5,7.0,0.105,False,False
BGW-011,1,2019-09-30,79,61.92,669.5,96.6,3.93,4.0,85.9,0.869,0.592,102.11,0.469,54.24,12088.0,6.98,0.107,False,False
BGW-011,1,2019-10-01,80,61.51,678.9,96.8,5.47,3.99,75.3,0.818,0.555,133.5,0.449,73.55,12167.8,8.25,0.368,False,False
BGW-011,1,2019-10-02,81,61.11,688.2,100.0,3.85,3.98,80.2,0.866,0.585,102.41,0.463,55.03,12360.5,6.76,0.111,False,False
BGW-011,1,2019-10-03,82,60.72,697.4,100.0,4.0,3.96,84.1,0.864,0.58,105.62,0.45,58.09,12543.3,7.19,0.12,False,False
BGW-011,1,2019-10-04,83,60.34,706.5,100.0,5.47,3.95,73.9,0.814,0.544,135.25,0.486,69.49,12333.8,8.48,0.381,False,False
BGW-011,1,2019-10-05,84,59.97,715.5,100.0,4.3,3.94,81.9,0.851,0.567,110.8,0.44,62.08,12231.8,7.22,0.181,False,False
BGW-011,1,2019-10-06,85,59.61,724.4,100.0,5.19,3.93,86.1,0.82,0.543,128.19,0.504,63.52,12450.3,8.47,0.34,False,False
BGW-011,1,2019-10-07,86,59.26,733.1,99.6,4.09,3.91,78.4,0.855,0.564,104.61,0.451,57.4,12289.9,6.86,0.153,False,False
BGW-011,1,2019-10-08,87,58.92,741.8,99.1,3.75,3.9,79.1,0.86,0.565,95.43,0.456,51.94,12207.2,6.76,0.123,False,False
BGW-011,1,2019-10-09,88,58.59,750.3,95.7,3.87,3.89,81.0,0.859,0.562,94.52,0.51,46.33,12091.3,6.78,0.125,False,False
BGW-011,1,2019-10-10,89,58.26,758.7,95.6,4.26,3.88,85.6,0.846,0.551,101.85,0.48,52.98,12065.1,7.02,0.193,False,False
BGW-011,1,2019-10-11,90,57.95,767.0,100.0,3.71,3.87,88.2,0.857,0.556,93.87,0.525,44.57,12429.7,6.52,0.129,False,False
BGW-011,1,2019-10-12,91,57.64,775.2,100.0,4.03,3.86,78.5,0.85,0.549,100.7,0.513,49.01,12400.8,6.89,0.162,False,False
BGW-011,1,2019-10-13,92,57.34,783.3,95.9,4.76,3.85,77.5,0.825,0.531,110.16,0.495,55.65,12231.1,7.8,0.293,False,False
BGW-011,1,2019-10-14,93,57.05,791.2,100.0,4.5,3.84,78.1,0.832,0.533,109.16,0.502,54.41,12483.1,7.56,0.251,False,False
BGW-011,1,2019-10-15,94,56.77,799.1,98.9,3.84,3.82,77.8,0.853,0.545,93.94,0.503,46.65,12155.6,6.66,0.138,False,False
BGW-011,1,2019-10-16,95,56.5,806.8,100.0,5.46,3.81,81.3,0.798,0.507,125.9,0.493,63.88,12662.5,8.95,0.426,False,False
BGW-011,1,2019-10-17,96,56.23,814.3,100.0,4.39,3.81,87.2,0.832,0.527,105.17,0.532,49.22,12184.6,7.37,0.242,False,False
BGW-011,1,2019-10-18,97,55.97,821.8,96.6,3.8,3.8,82.7,0.851,0.537,89.63,0.52,43.05,12174.1,6.18,0.143,False,False
BGW-011,1,2019-10-19,98,55.72,829.1,100.0,5.12,3.79,76.5,0.805,0.507,117.96,0.524,56.21,12420.1,8.39,0.377,False,False
BGW-011,1,2019-10-20,99,55.47,836.3,95.4,3.7,3.78,81.5,0.849,0.532,85.29,0.525,40.51,12212.7,6.43,0.145,False,False
BGW-011,1,2019-10-21,100,55.23,843.4,97.4,5.03,3.77,82.0,0.806,0.504,112.15,0.537,51.93,12006.1,7.98,0.367,False,False
BGW-011,1,2019-10-22,101,55.0,850.4,97.2,3.61,3.76,88.0,0.847,0.527,84.19,0.553,37.63,12147.3,6.46,0.148,False,False
BGW-011,1,2019-10-23,102,54.77,857.2,98.0,3.93,3.75,83.3,0.841,0.521,91.3,0.558,40.39,12474.8,6.86,0.181,False,False
BGW-011,1,2019-10-24,103,54.55,864.0,97.3,3.93,3.74,78.0,0.839,0.519,90.33,0.552,40.5,11997.2,6.63,0.185,False,False
BGW-011,1,2019-10-25,104,54.34,870.6,95.0,3.92,3.73,86.1,0.839,0.517,87.42,0.624,32.91,12151.0,6.53,0.184,False,False
BGW-011,1,2019-10-26,105,54.13,877.1,93.0,5.32,3.73,77.1,0.791,0.486,109.27,0.57,47.02,12199.3,8.27,0.432,False,False
BGW-011,1,2019-10-27,106,53.92,883.4,100.0,4.01,3.72,81.5,0.834,0.511,92.97,0.541,42.64,12339.6,7.15,0.206,False,False
BGW-011,1,2019-10-28,107,53.72,889.7,100.0,4.5,3.71,77.9,0.817,0.499,101.87,0.581,42.68,12500.5,7.85,0.294,False,False
BGW-011,1,2019-10-29,108,53.53,895.8,99.7,3.95,3.7,76.6,0.834,0.508,90.86,0.582,38.02,12545.5,7.22,0.201,False,False
BGW-011,1,2019-10-30,109,53.34,901.8,97.5,3.63,3.7,86.8,0.841,0.511,82.19,0.563,35.9,12532.7,6.4,0.16,False,True
BGW-011,1,2019-10-31,110,53.16,907.7,94.5,3.59,3.69,82.4,0.841,0.509,78.49,0.524,37.35,12314.5,6.26,0.161,False,False
BGW-011,1,2019-11-01,111,52.98,913.5,98.2,3.52,3.68,75.9,0.84,0.507,79.73,0.595,32.33,12209.1,6.46,0.162,False,False
BGW-011,1,2019-11-02,112,52.81,919.2,95.6,3.75,3.67,78.4,0.837,0.503,82.13,0.571,35.23,12428.4,6.84,0.177,False,False
BGW-011,1,2019-11-03,113,52.64,924.7,97.7,3.53,3.67,79.0,0.839,0.503,78.96,0.592,32.24,12348.3,6.26,0.165,False,False
BGW-011,1,2019-11-04,114,52.48,930.2,98.7,3.62,3.66,85.0,0.838,0.502,81.45,0.57,35.01,12515.3,6.58,0.166,False,False
BGW-011,1,2019-11-05,115,52.32,935.5,93.1,4.68,3.66,83.4,0.804,0.48,94.9,0.595,38.46,12200.7,7.66,0.346,False,False
BGW-011,1,2019-11-06,116,52.16,940.8,99.4,3.67,3.65,81.6,0.836,0.498,82.66,0.591,33.81,12446.3,6.85,0.173,False,False
BGW-011,1,2019-11-07,117,52.01,945.9,94.5,3.54,3.64,78.6,0.836,0.497,75.5,0.617,28.94,12198.3,6.75,0.17,False,False
BGW-011,1,2019-11-08,118,51.86,950.9,100.0,4.99,3.64,82.4,0.791,0.468,106.23,0.593,43.25,12444.5,7.96,0.407,False,False
BGW-011,1,2019-11-09,119,51.72,955.8,99.5,4.28,3.63,84.0,0.814,0.481,93.03,0.583,38.82,12606.3,7.52,0.285,False,False
BGW-011,1,2019-11-10,120,51.58,960.6,100.0,3.86,3.63,81.2,0.827,0.487,85.59,0.614,33.03,12449.8,6.72,0.214,False,False
BGW-011,1,2019-11-11,121,51.44,965.4,99.5,4.56,3.62,75.9,0.803,0.472,97.46,0.591,39.86,12353.8,7.78,0.339,False,False
BGW-011,1,2019-11-12,122,51.31,970.0,95.6,3.45,3.62,79.5,0.834,0.489,73.3,0.623,27.67,12222.4,6.4,0.175,False,False
BGW-011,1,2019-11-13,123,51.18,974.5,100.0,4.16,3.61,82.4,0.815,0.477,90.15,0.617,34.52,12483.8,7.12,0.272,False,False
BGW-011,1,2019-11-14,124,51.06,978.9,94.1,3.57,3.6,85.6,0.832,0.487,74.39,0.613,28.75,12311.9,6.4,0.177,False,False
BGW-011,1,2019-11-15,125,50.94,983.2,100.0,4.63,3.6,80.8,0.797,0.465,97.95,0.616,37.62,12261.5,7.91,0.359,False,False
BGW-011,1,2019-11-16,126,50.82,987.4,97.1,3.58,3.6,83.7,0.831,0.484,76.54,0.63,28.32,12053.1,6.31,0.179,False,False
BGW-011,1,2019-11-17,127,50.7,991.6,96.3,3.7,3.59,85.6,0.827,0.48,77.88,0.635,28.39,12410.4,6.81,0.2,False,False
BGW-011,1,2019-11-18,128,50.59,995.6,96.1,4.07,3.59,78.9,0.814,0.472,83.91,0.658,28.73,12176.8,6.91,0.265,False,False
BGW-011,1,2019-11-19,129,50.48,999.6,97.2,3.54,3.58,80.7,0.83,0.48,75.18,0.633,27.59,12430.4,6.54,0.182,False,False
BGW-011,1,2019-11-20,130,50.37,1003.4,94.4,4.65,3.58,75.5,0.794,0.458,91.47,0.662,30.88,12053.1,7.37,0.37,False,False
BGW-011,1,2019-11-21,131,50.27,1007.2,98.8,3.66,3.57,85.7,0.826,0.476,78.3,0.674,25.49,12315.8,6.5,0.199,False,False
BGW-011,1,2019-11-22,132,50.17,1010.9,95.4,3.5,3.57,76.7,0.829,0.477,72.31,0.647,25.51,12148.5,6.54,0.184,False,False
BGW-011,1,2019-11-23,133,50.07,1014.5,97.5,3.6,3.56,75.1,0.827,0.475,75.69,0.65,26.47,12152.9,6.46,0.191,False,False
BGW-011,1,2019-11-24,134,49.98,1018.1,100.0,4.67,3.56,73.1,0.791,0.454,96.34,0.664,32.41,12509.8,8.0,0.381,False,False
BGW-011,1,2019-11-25,135,49.88,1021.5,96.4,3.46,3.56,85.7,0.827,0.474,71.84,0.655,24.79,12155.9,6.18,0.187,False,False
BGW-011,1,2019-11-26,136,49.79,1024.9,100.0,4.57,3.55,80.1,0.793,0.453,94.25,0.621,35.68,12456.9,7.68,0.366,False,False
BGW-011,1,2019-11-27,137,49.71,1028.2,97.8,3.4,3.55,86.7,0.827,0.472,71.35,0.631,26.35,12204.8,6.32,0.188,False,False
BGW-011,1,2019-11-28,138,49.62,1031.4,95.3,3.65,3.55,82.2,0.823,0.469,74.11,0.686,23.29,11966.3,5.95,0.207,False,False
BGW-011,1,2019-11-29,139,49.54,1034.5,94.6,3.54,3.54,82.4,0.826,0.47,71.46,0.675,23.26,12049.3,6.29,0.19,False,False
BGW-011,1,2019-11-30,140,49.46,1037.6,97.9,3.39,3.54,80.5,0.826,0.469,70.78,0.708,20.68,12463.0,6.33,0.19,False,False
BGW-011,1,2019-12-01,141,49.38,1040.6,98.1,3.45,3.54,83.0,0.825,0.468,72.1,0.683,22.84,12464.8,6.5,0.191,False,False
BGW-011,1,2019-12-02,142,49.3,1043.5,100.0,4.27,3.53,78.3,0.8,0.453,87.92,0.691,27.19,12489.0,7.37,0.32,False,False
BGW-011,1,2019-12-03,143,49.23,1046.4,93.5,3.79,3.53,83.4,0.816,0.462,74.26,0.738,19.45,11979.9,6.48,0.237,False,False
BGW-011,2,2019-12-16,1,148.44,65.3,100.0,6.5,5.26,87.8,0.859,0.777,229.45,0.17,190.52,12317.6,9.47,0.217,False,False
BGW-011,2,2019-12-17,2,144.76,70.7,100.0,5.37,5.24,93.5,0.896,0.809,197.53,0.182,161.62,12078.1,8.27,0.023,False,False
BGW-011,2,2019-12-18,3,141.21,76.4,98.3,5.3,5.22,83.9,0.897,0.809,191.57,0.146,163.62,11956.7,7.94,0.014,False,False
BGW-011,2,2019-12-19,4,137.79,82.5,100.0,4.95,5.2,92.4,0.9,0.809,181.99,0.181,148.96,11961.4,7.93,0.0,False,False
BGW-011,2,2019-12-20,5,134.49,88.9,98.2,5.04,5.19,85.5,0.9,0.807,181.84,0.188,147.65,12265.0,8.2,0.0,False,False
BGW-011,2,2019-12-21,6,131.31,95.7,100.0,5.25,5.17,93.6,0.897,0.803,191.73,0.188,155.73,12156.6,8.19,0.016,False,False
BGW-011,2,2019-12-22,7,128.25,102.8,97.3,5.25,5.14,91.9,0.896,0.8,185.85,0.195,149.6,12063.7,8.33,0.019,False,False
BGW-011,2,2019-12-23,8,125.29,110.2,98.1,5.06,5.12,83.4,0.9,0.801,180.86,0.214,142.21,12187.6,8.06,0.0,False,False
BGW-011,2,2019-12-24,9,122.45,118.1,95.7,6.03,5.1,78.6,0.869,0.771,202.31,0.176,166.66,11927.5,9.06,0.162,False,False
BGW-011,2,2019-12-25,10,119.7,126.3,100.0,5.76,5.08,90.3,0.877,0.776,203.21,0.247,152.93,12099.3,9.03,0.12,False,False
BGW-011,2,2019-12-26,11,117.06,134.8,97.7,5.84,5.05,85.2,0.874,0.77,199.75,0.178,164.11,12492.1,8.81,0.137,False,False
BGW-011,2,2019-12-27,12,114.51,143.7,98.5,5.43,5.03,88.0,0.887,0.779,189.29,0.24,143.88,11922.6,8.42,0.07,False,False
BGW-011,2,2019-12-28,13,112.05,153.0,100.0,5.21,5.0,88.6,0.893,0.781,185.14,0.226,143.36,11984.2,8.35,0.036,False,False
BGW-011,2,2019-12-29,14,109.68,162.6,97.4,5.12,4.98,85.8,0.895,0.78,176.91,0.244,133.76,12273.7,8.1,0.025,False,False
BGW-011,2,2019-12-30,15,107.4,172.6,100.0,6.5,4.95,80.2,0.848,0.736,217.51,0.233,166.88,11977.0,9.63,0.271,False,False
BGW-011,2,2019-12-31,16,105.2,182.9,100.0,6.5,4.93,86.2,0.848,0.732,216.32,0.293,152.99,12491.8,9.72,0.275,False,False
BGW-011,2,2020-01-01,17,103.08,193.6,98.6,4.68,4.9,92.4,0.9,0.774,162.24,0.27,118.41,12219.9,7.68,0.0,False,False
BGW-011,2,2020-01-02,18,101.04,204.6,100.0,4.99,4.87,84.2,0.896,0.767,173.88,0.28,125.22,12043.6,7.76,0.021,False,False
BGW-011,2,2020-01-03,19,99.07,215.9,98.8,4.74,4.85,88.8,0.9,0.766,162.96,0.28,117.38,11951.0,7.61,0.004,False,False
BGW-011,2,2020-01-04,20,97.17,227.5,100.0,5.96,4.82,90.1,0.862,0.73,197.73,0.275,143.34,11995.6,8.71,0.206,False,False
BGW-011,2,2020-01-05,21,95.34,239.4,97.1,6.32,4.79,82.1,0.849,0.715,199.34,0.319,135.84,11947.4,9.25,0.276,False,False
BGW-011,2,2020-01-06,22,93.57,251.5,100.0,5.16,4.76,85.7,0.887,0.743,174.19,0.306,120.8,12111.7,8.02,0.081,False,False
BGW-011,2,2020-01-07,23,91.87,264.0,98.9,6.37,4.73,85.2,0.845,0.704,201.84,0.286,144.04,12337.5,9.55,0.302,False,False
BGW-011,2,2020-01-08,24,90.23,276.7,100.0,5.58,4.71,83.1,0.871,0.721,182.85,0.342,120.35,12010.2,8.73,0.17,False,False
BGW-011,2,2020-01-09,25,88.65,289.6,98.4,4.81,4.68,94.0,0.896,0.737,158.63,0.323,107.42,12106.8,7.52,0.044,False,False
BGW-011,2,2020-01-10,26,87.13,302.8,97.9,4.87,4.65,90.4,0.893,0.73,158.11,0.338,104.69,11936.0,7.81,0.062,False,False
BGW-011,2,2020-01-11,27,85.66,316.1,100.0,4.78,4.62,89.3,0.895,0.727,157.85,0.355,101.8,12125.9,7.86,0.053,False,False
BGW-011,2,2020-01-12,28,84.25,329.6,97.6,4.65,4.59,82.1,0.898,0.725,149.51,0.335,99.37,12395.1,7.59,0.039,False,False
BGW-011,2,2020-01-13,29,82.88,343.3,100.0,5.89,4.57,87.8,0.856,0.687,183.67,0.345,120.34,12183.2,9.0,0.264,False,False
BGW-011,2,2020-01-14,30,81.57,357.2,100.0,4.38,4.54,92.7,0.9,0.717,142.86,0.362,91.17,12211.0,7.42,0.036,False,False
BGW-011,2,2020-01-15,31,80.3,371.2,98.5,4.43,4.51,83.4,0.9,0.712,141.37,0.383,87.22,12093.9,7.28,0.039,False,False
BGW-011,2,2020-01-16,32,79.08,385.3,100.0,4.36,4.48,85.7,0.9,0.707,140.04,0.403,83.62,12108.4,7.27,0.042,False,False
BGW-011,2,2020-01-17,33,77.91,399.5,100.0,4.65,4.45,83.4,0.894,0.697,147.26,0.387,90.21,12322.6,7.76,0.079,False,False
BGW-011,2,2020-01-18,34,76.77,413.7,100.0,5.96,4.43,78.6,0.847,0.656,177.92,0.396,107.38,12444.8,9.34,0.317,False,False
BGW-011,2,2020-01-19,35,75.68,428.0,100.0,4.44,4.4,90.2,0.895,0.689,139.04,0.345,91.01,12125.6,7.37,0.059,False,False
BGW-011,2,2020-01-20,36,74.62,442.4,100.0,4.59,4.37,91.5,0.888,0.678,141.5,0.421,81.88,12434.8,7.65,0.093,False,False
BGW-011,2,2020-01-21,37,73.61,456.8,95.7,4.66,4.35,88.2,0.883,0.67,135.88,0.434,76.97,12094.3,7.65,0.114,False,False
BGW-011,2,2020-01-22,38,72.63,471.2,100.0,4.47,4.32,85.4,0.887,0.668,135.53,0.416,79.14,12269.9,7.54,0.087,False,False
BGW-011,2,2020-01-23,39,71.68,485.6,100.0,4.18,4.3,85.9,0.89,0.665,126.46,0.446,70.06,12230.7,7.02,0.065,False,False
BGW-011,2,2020-01-24,40,70.77,500.0,100.0,4.2,4.27,89.9,0.888,0.659,125.94,0.465,67.36,12315.6,7.09,0.068,False,False
BGW-011,2,2020-01-25,41,69.9,514.3,97.9,4.25,4.25,90.6,0.887,0.653,123.6,0.484,63.79,11913.0,7.18,0.072,False,False
BGW-011,2,2020-01-26,42,69.05,528.5,100.0,6.03,4.22,84.5,0.825,0.603,165.39,0.452,90.71,12202.4,8.95,0.391,False,False
BGW-011,2,2020-01-27,43,68.24,542.7,96.7,4.21,4.2,82.6,0.883,0.641,118.81,0.503,59.01,12038.2,7.1,0.08,False,False
BGW-011,2,2020-01-28,44,67.45,556.9,98.2,3.98,4.18,86.2,0.882,0.636,112.78,0.483,58.33,12425.1,6.83,0.081,False,False
BGW-011,2,2020-01-29,45,66.7,570.9,100.0,5.87,4.16,77.6,0.823,0.589,157.12,0.48,81.73,12329.4,9.26,0.384,False,False
BGW-011,2,2020-01-30,46,65.97,584.8,100.0,4.31,4.13,91.2,0.873,0.62,121.49,0.535,56.47,12454.3,7.49,0.118,False,False
BGW-011,2,2020-01-31,47,65.26,598.5,98.2,3.91,4.11,84.7,0.877,0.619,108.04,0.444,60.02,12314.3,6.81,0.091,False,False
BGW-011,2,2020-02-01,48,64.58,612.2,100.0,4.21,4.09,83.8,0.871,0.611,116.98,0.517,56.54,12270.8,7.51,0.115,False,False
BGW-011,2,2020-02-02,49,63.93,625.7,97.1,4.21,4.07,89.2,0.869,0.605,112.41,0.51,55.08,12023.6,7.17,0.121,False,False
BGW-011,2,2020-02-03,50,63.3,639.0,97.1,4.22,4.05,84.3,0.866,0.599,111.64,0.515,54.18,12081.3,7.16,0.13,False,False
BGW-011,2,2020-02-04,51,62.69,652.2,100.0,4.48,4.03,77.5,0.856,0.588,119.77,0.517,57.84,12432.3,7.75,0.182,False,False
BGW-011,2,2020-02-05,52,62.11,665.2,100.0,4.24,4.01,85.6,0.861,0.588,113.41,0.514,55.14,12429.4,7.27,0.146,False,False
BGW-011,2,2020-02-06,53,61.55,678.0,97.8,4.07,3.99,90.1,0.865,0.587,106.23,0.541,48.77,11996.3,6.77,0.123,False,False
BGW-011,2,2020-02-07,54,61.0,690.7,97.7,4.11,3.97,79.8,0.862,0.581,105.91,0.526,50.15,12232.2,6.71,0.135,False,False
BGW-011,2,2020-02-08,55,60.48,703.1,100.0,5.47,3.96,77.4,0.814,0.545,135.64,0.549,61.21,12247.9,8.63,0.38,False,False
BGW-011,2,2020-02-09,56,59.97,715.3,100.0,4.25,3.94,80.3,0.853,0.568,109.61,0.57,47.12,12120.7,6.97,0.171,False,False
BGW-011,2,2020-02-10,57,59.49,727.4,98.7,3.8,3.92,90.3,0.862,0.57,97.16,0.544,44.26,12093.7,6.36,0.12,False,False
BGW-011,2,2020-02-11,58,59.02,739.2,96.8,3.8,3.91,81.3,0.86,0.566,94.67,0.594,38.41,12104.0,6.82,0.123,False,False
BGW-011,2,2020-02-12,59,58.57,750.8,94.9,4.93,3.89,77.2,0.824,0.539,114.66,0.635,41.88,11999.6,7.84,0.308,False,False
BGW-011,2,2020-02-13,60,58.13,762.2,95.5,3.78,3.87,86.8,0.858,0.558,91.66,0.586,37.91,12224.9,6.51,0.128,False,False
BGW-011,2,2020-02-14,61,57.71,773.4,99.5,3.9,3.86,87.4,0.855,0.553,97.5,0.603,38.72,12420.2,6.91,0.137,False,False
BGW-011,2,2020-02-15,62,57.3,784.4,95.4,4.05,3.84,83.7,0.848,0.546,95.67,0.609,37.4,12260.2,6.95,0.168,False,False
BGW-011,2,2020-02-16,63,56.91,795.1,96.7,3.87,3.83,79.8,0.853,0.545,92.83,0.633,34.07,12249.8,7.1,0.142,False,False
BGW-011,2,2020-02-17,64,56.54,805.6,99.1,3.75,3.82,80.8,0.853,0.543,91.64,0.64,32.98,12456.2,6.77,0.138,False,False
BGW-011,2,2020-02-18,65,56.18,815.9,95.5,4.77,3.8,75.5,0.819,0.519,107.32,0.633,39.43,12135.4,7.71,0.309,False,False
BGW-011,2,2020-02-19,66,55.83,826.0,100.0,3.69,3.79,81.7,0.85,0.536,89.79,0.636,32.65,12268.7,6.63,0.142,False,False
BGW-011,2,2020-02-20,67,55.49,835.8,100.0,5.2,3.78,83.8,0.802,0.503,118.7,0.662,40.09,12490.9,8.4,0.393,False,False
BGW-011,2,2020-02-21,68,55.16,845.4,100.0,3.9,3.77,81.2,0.844,0.526,93.29,0.714,26.65,12201.4,6.84,0.17,False,False
BGW-011,2,2020-02-22,69,54.85,854.8,96.6,3.65,3.75,81.3,0.847,0.526,84.22,0.667,28.02,12139.4,6.55,0.149,False,False
BGW-011,2,2020-02-23,70,54.55,864.0,96.1,3.9,3.74,86.2,0.84,0.52,88.62,0.676,28.68,12035.6,6.73,0.179,False,False
BGW-011,2,2020-02-24,71,54.26,872.9,95.0,3.81,3.73,81.4,0.842,0.518,85.25,0.693,26.15,12083.2,6.55,0.167,False,False
BGW-011,2,2020-02-25,72,53.98,881.7,98.5,3.58,3.72,81.5,0.844,0.517,82.83,0.697,25.14,12480.8,6.67,0.155,False,False
BGW-011,3,2020-03-05,1,140.76,77.2,97.0,6.5,5.22,80.7,0.857,0.772,221.3,0.149,188.34,11881.8,9.44,0.224,False,False
BGW-011,3,2020-03-06,2,136.97,84.0,99.1,5.24,5.2,93.3,0.899,0.808,190.77,0.137,164.63,11947.2,8.02,0.008,False,False
BGW-011,3,2020-03-07,3,133.32,91.3,99.3,5.21,5.18,91.7,0.899,0.806,189.42,0.165,158.26,11903.3,8.08,0.006,False,False
BGW-011,3,2020-03-08,4,129.82,99.0,100.0,5.14,5.16,92.0,0.9,0.804,187.93,0.161,157.71,12084.3,8.13,0.0,False,False
BGW-011,3,2020-03-09,5,126.47,107.2,100.0,6.19,5.13,89.4,0.865,0.771,216.8,0.159,182.33,11964.7,9.44,0.185,False,False
BGW-011,3,2020-03-10,6,123.25,115.8,100.0,5.92,5.11,87.0,0.873,0.775,208.67,0.2,166.91,12134.1,8.99,0.143,False,False
BGW-011,3,2020-03-11,7,120.16,124.9,98.8,6.07,5.08,84.2,0.867,0.767,209.09,0.201,167.12,12297.5,9.28,0.173,False,False
BGW-011,3,2020-03-12,8,117.19,134.4,97.0,4.8,5.06,84.2,0.9,0.794,168.1,0.211,132.65,11998.4,8.05,0.0,False,False
BGW-011,3,2020-03-13,9,114.34,144.3,97.6,5.08,5.03,87.2,0.898,0.789,177.82,0.214,139.8,12158.2,7.93,0.01,False,False
BGW-011,3,2020-03-14,10,111.61,154.8,99.1,5.18,5.0,85.1,0.894,0.782,182.55,0.215,143.26,12294.7,7.93,0.032,False,False
BGW-011,3,2020-03-15,11,108.99,165.6,100.0,4.79,4.97,87.6,0.9,0.783,170.38,0.219,133.14,12115.8,7.8,0.0,False,False
BGW-011,3,2020-03-16,12,106.47,176.9,97.1,5.17,4.94,84.7,0.892,0.773,176.37,0.215,138.37,12065.4,8.39,0.04,False,False
BGW-011,3,2020-03-17,13,104.06,188.6,96.4,6.5,4.91,78.1,0.847,0.73,207.9,0.222,161.7,11900.1,9.38,0.278,False,False
BGW-011,3,2020-03-18,14,101.74,200.7,100.0,5.76,4.88,80.7,0.871,0.747,195.28,0.253,145.78,12499.6,8.82,0.153,False,False
BGW-011,3,2020-03-19,15,99.51,213.2,100.0,5.93,4.85,78.0,0.864,0.737,198.42,0.248,149.25,12272.2,8.8,0.191,False,False
BGW-011,3,2020-03-20,16,97.38,226.2,100.0,5.73,4.82,84.0,0.87,0.737,192.0,0.233,147.2,12127.5,9.09,0.165,False,False
BGW-011,3,2020-03-21,17,95.33,239.4,100.0,5.65,4.79,81.2,0.871,0.734,188.52,0.22,146.97,12295.5,8.93,0.159,False,False
BGW-011,3,2020-03-22,18,93.36,253.0,98.0,6.21,4.76,77.4,0.852,0.713,197.21,0.238,150.19,12136.3,9.46,0.266,False,False
BGW-011,3,2020-03-23,19,91.48,267.0,99.1,4.72,4.73,93.9,0.9,0.749,159.06,0.248,119.56,12324.1,7.8,0.015,False,False
BGW-011,3,2020-03-24,20,89.66,281.3,100.0,4.71,4.7,87.5,0.899,0.743,159.14,0.279,114.67,12168.6,7.33,0.021,False,False
BGW-011,3,2020-03-25,21,87.93,295.8,97.6,4.45,4.66,91.5,0.9,0.739,145.82,0.302,101.83,11824.5,7.14,0.022,False,False
BGW-011,3,2020-03-26,22,86.26,310.6,100.0,6.37,4.63,88.1,0.842,0.686,198.6,0.27,144.95,12210.8,9.36,0.329,False,False
BGW-011,3,2020-03-27,23,84.66,325.7,100.0,5.65,4.6,86.2,0.865,0.7,179.65,0.298,126.07,12260.3,8.84,0.212,False,False
BGW-011,3,2020-03-28,24,83.12,340.9,97.8,6.23,4.57,80.9,0.845,0.678,187.83,0.29,133.38,12136.3,9.27,0.323,False,False
BGW-011,3,2020-03-29,25,81.64,356.4,100.0,4.7,4.54,84.1,0.894,0.713,152.43,0.265,112.01,12263.6,8.0,0.065,False,False
BGW-011,3,2020-03-30,26,80.23,372.0,100.0,4.4,4.51,86.4,0.9,0.712,142.42,0.3,99.66,12281.8,7.39,0.039,False,False
BGW-011,3,2020-03-31,27,78.87,387.8,100.0,5.34,4.48,88.0,0.871,0.684,166.02,0.298,116.57,12096.6,8.52,0.194,False,False
BGW-011,3,2020-04-01,28,77.57,403.6,97.4,4.31,4.45,94.4,0.9,0.7,133.65,0.312,91.97,12063.2,7.03,0.046,False,False
BGW-011,3,2020-04-02,29,76.32,419.6,97.9,4.45,4.42,82.2,0.897,0.693,137.12,0.298,96.2,12134.6,7.43,0.055,False,False
BGW-011,3,2020-04-03,30,75.11,435.6,100.0,4.3,4.39,81.3,0.896,0.687,134.07,0.253,100.15,12196.6,7.13,0.054,False,False
BGW-011,3,2020-04-04,31,73.96,451.7,97.7,4.28,4.36,88.2,0.894,0.68,129.25,0.286,92.33,12196.7,7.01,0.057,False,False
BGW-011,3,2020-04-05,32,72.86,467.8,97.7,4.43,4.33,90.1,0.889,0.67,131.83,0.296,92.85,11944.9,7.29,0.078,False,False
BGW-011,3,2020-04-06,33,71.79,483.9,100.0,4.33,4.3,86.0,0.889,0.665,130.97,0.322,88.86,12312.8,7.24,0.07,False,False
BGW-011,3,2020-04-07,34,70.78,499.9,100.0,4.55,4.27,84.6,0.879,0.652,134.9,0.345,88.39,12054.3,7.41,0.117,False,False
BGW-011,3,2020-04-08,35,69.8,515.9,100.0,4.34,4.25,89.8,0.883,0.65,128.2,0.322,86.92,12365.5,7.32,0.088,False,False
BGW-011,3,2020-04-09,36,68.86,531.9,100.0,4.06,4.22,92.5,0.885,0.646,119.21,0.326,80.3,12264.9,7.05,0.075,False,False
BGW-011,3,2020-04-10,37,67.96,547.7,100.0,4.08,4.19,84.4,0.883,0.64,118.51,0.344,77.74,12256.9,6.91,0.079,False,False
BGW-011,3,2020-04-11,38,67.09,563.4,99.0,4.06,4.17,80.7,0.881,0.633,115.57,0.359,74.04,12305.4,6.75,0.083,False,False
BGW-011,3,2020-04-12,39,66.27,579.0,100.0,4.37,4.14,87.7,0.871,0.621,123.46,0.336,81.96,12113.2,7.39,0.126,False,False
BGW-011,3,2020-04-13,40,65.47,594.4,100.0,5.87,4.12,84.7,0.819,0.58,154.51,0.339,102.11,12485.1,9.02,0.396,False,False
BGW-011,3,2020-04-14,41,64.71,609.7,98.8,4.13,4.09,83.6,0.874,0.614,113.71,0.354,73.43,12223.9,6.96,0.099,False,False
BGW-011,3,2020-04-15,42,63.97,624.8,100.0,4.1,4.07,90.4,0.873,0.608,113.38,0.388,69.34,12069.3,6.95,0.102,False,False
BGW-011,3,2020-04-16,43,63.27,639.7,96.2,4.16,4.05,86.3,0.868,0.601,109.21,0.381,67.55,12177.6,7.15,0.12,False,False
BGW-011,3,2020-04-17,44,62.59,654.4,99.6,4.17,4.03,84.1,0.865,0.594,112.23,0.365,71.23,12225.0,6.81,0.129,False,False
BGW-011,3,2020-04-18,45,61.94,668.9,100.0,3.86,4.01,89.9,0.869,0.592,103.96,0.397,62.69,12346.1,6.81,0.107,False,False
BGW-011,3,2020-04-19,46,61.32,683.2,100.0,4.11,3.98,78.8,0.863,0.584,109.14,0.41,64.43,12067.8,7.03,0.133,False,False
BGW-011,3,2020-04-20,47,60.73,697.2,100.0,5.24,3.96,81.6,0.823,0.553,131.72,0.401,78.9,12284.2,8.45,0.337,False,False
BGW-011,3,2020-04-21,48,60.15,711.0,100.0,4.05,3.94,83.3,0.86,0.574,105.75,0.444,58.75,12288.4,6.87,0.135,False,False
BGW-011,3,2020-04-22,49,59.6,724.5,96.0,3.77,3.93,84.9,0.862,0.571,93.94,0.394,56.91,12632.3,6.58,0.119,False,False
BGW-011,3,2020-04-23,50,59.08,737.8,100.0,5.27,3.91,82.7,0.815,0.537,128.56,0.381,79.62,12638.3,8.4,0.361,False,False
BGW-011,3,2020-04-24,51,58.57,750.7,100.0,4.15,3.89,86.3,0.85,0.556,104.85,0.417,61.14,12376.6,7.44,0.17,False,False
BGW-011,3,2020-04-25,52,58.08,763.5,95.8,3.73,3.87,87.3,0.858,0.557,90.62,0.413,53.19,12155.8,6.51,0.128,False,False
BGW-011,3,2020-04-26,53,57.62,775.9,97.0,3.81,3.86,79.4,0.856,0.553,92.98,0.424,53.59,12085.9,6.47,0.131,False,False
BGW-011,3,2020-04-27,54,57.17,788.1,100.0,3.81,3.84,78.7,0.855,0.549,95.02,0.44,53.18,12394.6,6.62,0.134,False,False
BGW-011,3,2020-04-28,55,56.74,800.0,100.0,4.21,3.82,83.8,0.84,0.536,102.6,0.462,55.21,12422.7,7.36,0.204,False,False
BGW-011,3,2020-04-29,56,56.33,811.6,98.2,3.74,3.81,78.4,0.852,0.541,90.38,0.467,48.21,12189.3,6.71,0.139,False,False
BGW-011,3,2020-04-30,57,55.93,823.0,96.6,3.63,3.79,86.3,0.851,0.537,85.57,0.462,46.06,12085.9,6.26,0.142,False,False
BGW-011,3,2020-05-01,58,55.55,834.0,100.0,3.89,3.78,79.6,0.846,0.531,93.75,0.453,51.3,12529.1,6.85,0.163,False,False
BGW-011,3,2020-05-02,59,55.19,844.8,98.9,3.88,3.77,88.3,0.844,0.527,91.9,0.44,51.42,12474.2,6.71,0.167,False,False
BGW-011,3,2020-05-03,60,54.84,855.3,98.1,3.9,3.75,80.0,0.842,0.523,91.01,0.461,49.02,12182.4,6.99,0.175,False,False
BGW-011,3,2020-05-04,61,54.5,865.5,94.1,4.52,3.74,77.8,0.82,0.506,97.84,0.475,51.37,11880.4,7.45,0.288,False,False
BGW-011,3,2020-05-05,62,54.18,875.4,97.5,5.06,3.73,81.1,0.8,0.492,110.23,0.469,58.57,12394.3,8.07,0.386,False,False
BGW-011,3,2020-05-06,63,53.87,885.1,100.0,5.27,3.72,73.9,0.792,0.484,115.95,0.466,61.96,12517.0,8.66,0.427,False,False
BGW-011,3,2020-05-07,64,53.57,894.5,97.3,3.82,3.7,84.2,0.839,0.511,86.2,0.486,44.33,12195.3,6.4,0.178,False,False
BGW-011,3,2020-05-08,65,53.29,903.6,95.6,3.76,3.69,84.0,0.839,0.509,83.05,0.493,42.1,12186.0,6.67,0.171,False,False
BGW-011,3,2020-05-09,66,53.01,912.5,100.0,4.98,3.68,80.2,0.797,0.481,108.89,0.522,52.01,12624.6,8.27,0.389,False,False
BGW-011,3,2020-05-10,67,52.75,921.1,100.0,4.55,3.67,83.8,0.81,0.487,100.63,0.515,48.78,12344.2,7.68,0.317,False,False
BGW-011,3,2020-05-11,68,52.5,929.4,99.1,5.08,3.66,74.1,0.791,0.474,108.34,0.529,51.04,12507.9,8.35,0.413,False,False
BGW-011,3,2020-05-12,69,52.26,937.5,93.9,4.61,3.65,73.1,0.805,0.48,94.53,0.519,45.5,11939.2,7.31,0.335,False,False
BGW-011,3,2020-05-13,70,52.03,945.3,98.9,3.56,3.64,76.9,0.836,0.497,79.46,0.554,35.45,12261.7,6.29,0.169,False,False
BGW-011,3,2020-05-14,71,51.8,952.9,100.0,5.13,3.63,76.2,0.786,0.465,108.38,0.514,52.63,12202.1,8.19,0.432,False,False
BGW-011,3,2020-05-15,72,51.59,960.3,92.4,4.65,3.63,77.4,0.801,0.472,92.14,0.552,41.31,12099.7,7.64,0.352,False,False
BGW-011,3,2020-05-16,73,51.39,967.4,96.4,3.64,3.62,86.5,0.833,0.49,78.1,0.569,33.65,12246.8,6.67,0.179,False,False
BGW-011,3,2020-05-17,74,51.19,974.3,97.2,3.51,3.61,79.2,0.833,0.488,75.64,0.536,35.06,12556.4,6.57,0.176,False,False
BGW-011,3,2020-05-18,75,51.0,981.0,98.6,4.59,3.6,83.3,0.799,0.467,96.0,0.543,43.88,12199.6,7.4,0.35,False,False
BGW-011,3,2020-05-19,76,50.82,987.4,94.0,4.13,3.6,82.1,0.814,0.474,83.56,0.524,39.8,12166.6,7.1,0.273,False,False
BGW-011,3,2020-05-20,77,50.64,993.7,95.0,3.48,3.59,85.9,0.831,0.482,72.36,0.526,34.3,12146.6,6.31,0.18,False,False
BGW-011,3,2020-05-21,78,50.48,999.7,94.9,3.52,3.58,79.8,0.83,0.48,72.92,0.55,32.85,11991.2,6.39,0.182,False,False
BGW-011,3,2020-05-22,79,50.32,1005.5,95.2,3.51,3.57,80.8,0.829,0.479,72.66,0.546,32.98,12279.3,6.14,0.183,False,False
BGW-011,3,2020-05-23,80,50.16,1011.2,91.9,5.04,3.57,71.6,0.78,0.449,94.48,0.564,41.2,12073.5,8.05,0.442,False,False
BGW-011,3,2020-05-24,81,50.02,1016.6,97.0,3.4,3.56,83.3,0.828,0.475,71.17,0.584,29.6,12338.0,6.42,0.186,False,False
BGW-011,3,2020-05-25,82,49.87,1021.9,98.7,3.64,3.56,78.9,0.825,0.472,77.14,0.602,30.7,12658.4,6.78,0.202,False,False
BGW-011,3,2020-05-26,83,49.74,1027.0,100.0,4.94,3.55,80.3,0.781,0.446,100.07,0.578,42.25,12480.9,8.07,0.431,False,False
BGW-011,3,2020-05-27,84,49.61,1031.8,99.3,3.71,3.55,77.3,0.821,0.468,78.17,0.6,31.23,12194.1,6.6,0.217,False,False
BGW-011,3,2020-05-28,85,49.48,1036.6,96.3,3.59,3.54,75.7,0.824,0.468,73.67,0.602,29.32,12383.3,6.51,0.199,False,False
BGW-011,3,2020-05-29,86,49.36,1041.1,96.3,3.43,3.54,77.9,0.825,0.468,70.33,0.603,27.94,12206.0,6.24,0.191,False,False
BGW-011,3,2020-05-30,87,49.25,1045.5,92.3,4.27,3.53,73.2,0.8,0.453,81.18,0.627,30.3,11985.7,7.13,0.322,False,False
BGW-011,3,2020-05-31,88,49.14,1049.8,100.0,4.02,3.53,75.3,0.808,0.456,83.39,0.63,30.86,12377.6,6.83,0.28,False,False
BGW-011,3,2020-06-01,89,49.03,1053.9,100.0,4.62,3.52,76.9,0.787,0.444,93.12,0.63,34.48,12104.8,7.41,0.386,False,False
BGW-011,3,2020-06-02,90,48.93,1057.8,98.2,3.46,3.52,79.7,0.823,0.463,71.49,0.663,24.12,12282.5,6.22,0.195,False,False
BGW-011,3,2020-06-03,91,48.83,1061.6,93.5,4.67,3.51,72.0,0.784,0.441,87.37,0.628,32.53,11996.0,7.42,0.398,False,False
BGW-011,3,2020-06-04,92,48.74,1065.3,94.8,3.47,3.51,75.3,0.822,0.461,69.0,0.66,23.45,12294.6,6.1,0.197,False,False
BGW-011,3,2020-06-05,93,48.65,1068.8,95.7,3.6,3.51,79.7,0.819,0.458,71.74,0.664,24.13,12264.8,6.56,0.214,False,False
BGW-011,3,2020-06-06,94,48.56,1072.2,96.3,4.43,3.5,71.6,0.791,0.442,85.61,0.66,29.12,12225.0,7.1,0.36,False,False
BGW-011,3,2020-06-07,95,48.48,1075.4,94.1,4.69,3.5,72.5,0.782,0.436,87.37,0.642,31.24,11962.8,7.41,0.407,False,False
BGW-011,3,2020-06-08,96,48.4,1078.6,93.6,3.88,3.5,73.2,0.808,0.45,74.24,0.675,24.12,11857.0,6.52,0.267,False,False
BGW-011,3,2020-06-09,97,48.32,1081.6,97.4,3.63,3.49,77.9,0.816,0.454,72.91,0.681,23.25,12599.4,6.62,0.224,False,False
BGW-011,3,2020-06-10,98,48.25,1084.6,93.8,4.97,3.49,69.4,0.771,0.428,90.73,0.645,32.2,12208.1,8.04,0.46,True,False
BGW-011,3,2020-06-11,99,48.18,1087.4,97.4,3.46,3.49,77.7,0.82,0.455,69.67,0.7,20.87,12473.9,6.33,0.202,False,False
BGW-011,3,2020-06-12,100,48.11,1090.1,96.9,3.5,3.48,75.3,0.819,0.454,69.96,0.685,22.03,12262.5,6.37,0.206,False,False
BGW-011,3,2020-06-13,101,48.05,1092.7,97.4,3.56,3.48,76.1,0.816,0.452,71.28,0.702,21.26,12121.2,6.37,0.218,False,False
BGW-011,4,2020-06-25,1,155.29,56.5,98.8,5.18,5.29,91.8,0.9,0.816,189.9,0.142,162.98,12150.4,7.88,0.0,False,False
BGW-011,4,2020-06-26,2,151.85,60.7,96.2,6.1,5.27,88.2,0.872,0.79,210.7,0.166,175.7,11860.9,8.87,0.145,False,False
BGW-011,4,2020-06-27,3,148.52,65.2,100.0,6.5,5.26,87.8,0.859,0.777,229.46,0.164,191.72,12225.1,9.62,0.217,False,False
BGW-011,4,2020-06-28,4,145.29,69.9,100.0,6.45,5.24,81.7,0.86,0.777,227.72,0.197,182.94,12144.8,9.56,0.212,False,False
BGW-011,4,2020-06-29,5,142.17,74.8,100.0,5.64,5.23,84.1,0.886,0.799,204.7,0.205,162.67,12057.4,8.47,0.071,False,False
BGW-011,4,2020-06-30,6,139.14,80.0,97.7,5.87,5.21,80.8,0.878,0.79,206.04,0.191,166.76,12233.2,8.76,0.116,False,False
BGW-011,4,2020-07-01,7,136.21,85.5,100.0,6.11,5.2,87.9,0.87,0.781,216.88,0.235,165.84,12094.4,9.18,0.16,False,False
BGW-011,4,2020-07-02,8,133.37,91.2,99.8,5.29,5.18,90.9,0.896,0.803,192.85,0.204,153.46,12171.2,8.35,0.02,False,False
BGW-011,4,2020-07-03,9,130.63,97.2,100.0,6.5,5.16,85.1,0.855,0.765,226.02,0.253,168.79,12293.4,9.89,0.234,False,False
BGW-011,4,2020-07-04,10,127.97,103.5,99.0,5.23,5.14,86.3,0.897,0.8,188.42,0.241,142.94,12156.9,8.13,0.016,False,False
BGW-011,4,2020-07-05,11,125.39,110.0,95.7,6.14,5.12,85.7,0.866,0.771,206.04,0.267,151.01,11796.1,8.92,0.178,False,False
BGW-011,4,2020-07-06,12,122.89,116.8,100.0,4.96,5.1,84.1,0.9,0.799,180.25,0.24,136.97,12000.6,7.76,0.0,False,False
BGW-011,4,2020-07-07,13,120.48,123.9,100.0,5.88,5.08,79.2,0.874,0.773,206.63,0.269,151.11,12062.9,9.04,0.139,False,False
BGW-011,4,2020-07-08,14,118.14,131.3,100.0,4.82,5.06,94.4,0.9,0.795,174.02,0.254,129.9,11887.5,7.59,0.0,False,False
BGW-011,4,2020-07-09,15,115.87,138.9,100.0,4.8,5.04,83.0,0.9,0.792,172.73,0.315,118.4,11846.7,7.61,0.0,False,False
BGW-011,4,2020-07-10,16,113.68,146.8,100.0,5.11,5.02,85.5,0.897,0.787,182.68,0.329,122.6,12086.6,8.01,0.015,False,False
BGW-011,4,2020-07-11,17,111.55,155.0,100.0,5.15,5.0,91.5,0.895,0.782,183.16,0.303,127.7,12226.1,8.33,0.026,False,False
BGW-011,4,2020-07-12,18,109.5,163.4,100.0,5.49,4.98,84.0,0.883,0.769,191.89,0.335,127.55,12197.8,8.67,0.09,False,False
BGW-011,4,2020-07-13,19,107.5,172.2,100.0,4.8,4.95,85.0,0.9,0.781,170.42,0.359,109.24,12018.4,7.83,0.0,False,False
BGW-011,4,2020-07-14,20,105.57,181.1,100.0,6.32,4.93,80.7,0.854,0.738,211.9,0.356,136.54,12180.8,9.38,0.242,False,False
BGW-011,4,2020-07-15,21,103.71,190.4,97.5,4.99,4.91,91.3,0.897,0.773,170.91,0.35,111.08,12001.9,8.07,0.015,False,False
BGW-011,4,2020-07-16,22,101.9,199.9,97.5,5.05,4.89,93.8,0.894,0.767,171.78,0.401,102.86,12091.4,7.91,0.029,False,False
BGW-011,4,2020-07-17,23,100.14,209.6,100.0,6.48,4.86,88.4,0.846,0.723,212.66,0.376,132.64,12163.0,9.61,0.285,False,False
BGW-011,4,2020-07-18,24,98.45,219.6,98.6,4.96,4.84,88.1,0.896,0.762,169.26,0.447,93.64,12011.9,7.87,0.026,False,False
BGW-011,4,2020-07-19,25,96.8,229.8,100.0,4.67,4.81,87.3,0.9,0.762,161.54,0.411,95.15,12195.8,7.49,0.007,False,False
BGW-011,4,2020-07-20,26,95.21,240.2,99.1,5.99,4.79,89.4,0.86,0.724,195.49,0.399,117.44,12078.0,9.13,0.219,False,False
BGW-011,4,2020-07-21,27,93.67,250.8,98.7,4.92,4.76,87.6,0.895,0.75,165.59,0.458,89.76,12142.7,7.94,0.039,False,False
BGW-011,4,2020-07-22,28,92.18,261.7,100.0,5.72,4.74,85.2,0.867,0.723,188.08,0.454,102.69,12385.3,8.94,0.186,False,False
BGW-011,4,2020-07-23,29,90.74,272.7,99.0,4.83,4.72,88.6,0.896,0.743,161.6,0.458,87.52,11845.7,7.53,0.037,False,False
BGW-011,4,2020-07-24,30,89.34,283.9,100.0,4.64,4.69,83.3,0.9,0.743,156.7,0.438,88.01,12077.9,7.41,0.019,False,False
BGW-011,4,2020-07-25,31,87.98,295.3,95.4,5.23,4.67,84.3,0.881,0.723,164.05,0.501,81.89,11800.1,8.15,0.121,False,False
BGW-011,4,2020-07-26,32,86.67,306.9,100.0,5.8,4.64,82.6,0.861,0.703,185.45,0.465,99.19,12103.3,9.1,0.228,False,False
BGW-011,4,2020-07-27,33,85.4,318.6,98.6,4.77,4.62,85.9,0.895,0.726,155.17,0.479,80.92,12234.3,7.62,0.053,False,False
BGW-011,4,2020-07-28,34,84.17,330.4,97.9,4.41,4.59,93.0,0.9,0.726,142.36,0.473,75.09,12335.0,7.35,0.03,False,False
BGW-011,4,2020-07-29,35,82.98,342.4,100.0,4.38,4.57,91.4,0.9,0.722,143.82,0.452,78.82,12425.0,7.3,0.032,False,False
BGW-011,4,2020-07-30,36,81.82,354.5,100.0,5.84,4.54,81.3,0.857,0.683,181.35,0.516,87.76,12101.2,8.91,0.262,False,False
BGW-011,4,2020-07-31,37,80.71,366.6,100.0,4.46,4.52,83.0,0.9,0.714,144.73,0.53,68.07,12041.8,7.04,0.038,False,False
BGW-011,4,2020-08-01,38,79.63,378.9,100.0,5.44,4.49,85.5,0.869,0.685,169.22,0.543,77.41,12333.0,8.51,0.206,False,False
BGW-011,4,2020-08-02,39,78.58,391.3,100.0,4.56,4.47,93.0,0.897,0.703,145.76,0.552,65.3,12140.9,7.64,0.06,False,False
BGW-011,4,2020-08-03,40,77.56,403.7,100.0,4.36,4.45,85.4,0.9,0.7,138.64,0.564,60.4,12080.5,7.26,0.046,False,False
BGW-011,4,2020-08-04,41,76.58,416.2,98.4,4.37,4.42,86.3,0.898,0.695,135.83,0.577,57.49,12247.2,7.14,0.049,False,False
BGW-011,4,2020-08-05,42,75.63,428.7,100.0,6.05,4.4,80.1,0.842,0.647,177.94,0.561,78.03,12092.6,9.07,0.34,False,False
BGW-011,4,2020-08-06,43,74.71,441.2,97.8,4.18,4.38,83.9,0.895,0.684,127.22,0.607,49.95,12385.2,7.08,0.055,False,False
BGW-011,4,2020-08-07,44,73.82,453.8,100.0,5.23,4.35,90.4,0.865,0.657,156.0,0.646,55.3,12096.5,8.13,0.211,False,False
BGW-011,4,2020-08-08,45,72.95,466.4,99.2,4.42,4.33,83.2,0.889,0.671,133.77,0.651,46.68,12344.0,7.46,0.076,False,False
BGW-011,4,2020-08-09,46,72.12,479.0,100.0,4.43,4.31,92.4,0.887,0.665,134.02,0.633,49.12,12351.1,7.35,0.085,False,False
BGW-011,4,2020-08-10,47,71.3,491.5,98.3,4.43,4.29,88.4,0.885,0.659,130.42,0.641,46.87,12179.1,7.47,0.09,False,False
BGW-011,4,2020-08-11,48,70.52,504.1,100.0,4.25,4.27,80.4,0.888,0.658,126.97,0.656,43.67,12261.6,7.29,0.069,False,False
BGW-011,4,2020-08-12,49,69.76,516.6,99.7,4.23,4.24,83.4,0.886,0.652,125.03,0.647,44.13,12315.3,7.25,0.072,False,False
BGW-011,4,2020-08-13,50,69.02,529.0,100.0,4.66,4.22,81.6,0.871,0.637,134.71,0.697,40.76,12095.7,7.62,0.15,False,False
BGW-011,4,2020-08-14,51,68.31,541.4,100.0,4.64,4.2,89.8,0.869,0.632,133.09,0.65,46.63,12184.2,7.68,0.153,False,False
BGW-011,4,2020-08-15,52,67.62,553.7,100.0,5.25,4.18,87.8,0.846,0.611,145.89,0.734,38.75,12191.8,8.49,0.267,False,False
BGW-011,5,2020-08-25,1,168.92,43.0,95.5,5.94,5.33,90.7,0.88,0.801,206.57,0.108,184.31,11870.7,8.69,0.107,False,False
BGW-011,5,2020-08-26,2,165.5,46.0,97.4,5.47,5.32,81.7,0.895,0.815,197.31,0.194,159.09,12173.8,8.2,0.027,False,False
BGW-011,5,2020-08-27,3,162.17,49.1,99.9,5.07,5.31,81.9,0.9,0.818,188.48,0.159,158.59,12366.4,8.0,0.0,False,False
BGW-011,5,2020-08-28,4,158.94,52.5,100.0,6.5,5.3,88.6,0.86,0.781,230.78,0.2,184.55,11914.9,9.58,0.21,False,False
BGW-011,5,2020-08-29,5,155.8,56.0,97.4,5.22,5.29,87.2,0.9,0.817,188.51,0.18,154.55,11900.6,8.09,0.0,False,False
BGW-011,5,2020-08-30,6,152.74,59.6,98.0,5.01,5.28,93.3,0.9,0.816,182.2,0.201,145.52,11840.9,7.88,0.0,False,False
BGW-011,5,2020-08-31,7,149.77,63.5,100.0,5.05,5.26,88.4,0.9,0.815,187.04,0.215,146.81,11998.4,7.92,0.0,False,False
BGW-011,5,2020-09-01,8,146.89,67.5,100.0,6.5,5.25,84.7,0.858,0.776,229.22,0.173,189.56,11773.4,9.58,0.219,False,False
BGW-011,5,2020-09-02,9,144.08,71.8,100.0,6.5,5.24,86.1,0.858,0.774,228.77,0.182,187.03,12246.2,9.71,0.221,False,False
BGW-011,5,2020-09-03,10,141.35,76.2,96.2,6.5,5.22,80.5,0.857,0.773,219.55,0.193,177.09,11918.2,9.65,0.223,False,False
BGW-011,5,2020-09-04,11,138.7,80.8,100.0,5.34,5.21,87.9,0.896,0.806,195.61,0.198,156.79,12084.7,8.11,0.023,False,False
BGW-011,5,2020-09-05,12,136.12,85.7,99.2,5.07,5.2,88.8,0.9,0.808,185.0,0.184,151.04,12284.5,8.15,0.0,False,False
BGW-011,5,2020-09-06,13,133.62,90.7,100.0,6.08,5.18,83.8,0.87,0.78,215.61,0.202,172.13,12189.7,9.19,0.158,False,False
BGW-011,5,2020-09-07,14,131.18,95.9,95.9,5.82,5.16,87.2,0.878,0.786,199.46,0.248,149.96,12093.0,8.42,0.115,False,False
BGW-011,5,2020-09-08,15,128.82,101.4,100.0,5.37,5.15,87.8,0.893,0.797,194.64,0.223,151.18,12213.5,8.35,0.039,False,False
BGW-011,5,2020-09-09,16,126.52,107.1,100.0,6.5,5.13,78.4,0.854,0.761,224.93,0.224,174.61,11927.5,9.43,0.239,False,False
BGW-011,5,2020-09-10,17,124.28,113.0,100.0,5.12,5.11,92.5,0.9,0.8,186.23,0.214,146.41,12109.3,8.34,0.001,False,False
BGW-011,5,2020-09-11,18,122.11,119.1,100.0,5.3,5.1,81.1,0.893,0.792,190.97,0.228,147.49,12469.6,8.14,0.036,False,False
BGW-011,5,2020-09-12,19,119.99,125.4,98.6,6.14,5.08,84.6,0.865,0.765,210.72,0.245,159.05,12114.7,9.33,0.186,False,False
BGW-011,5,2020-09-13,20,117.94,131.9,100.0,5.13,5.06,83.6,0.898,0.792,184.82,0.225,143.27,12066.0,7.95,0.013,False,False
BGW-011,5,2020-09-14,21,115.94,138.6,95.6,6.43,5.04,77.0,0.854,0.751,209.96,0.227,162.37,11948.8,9.49,0.243,False,False
BGW-011,5,2020-09-15,22,114.0,145.6,96.8,5.98,5.02,88.7,0.868,0.762,200.43,0.222,155.92,11856.8,8.83,0.167,False,False
BGW-011,5,2020-09-16,23,112.11,152.8,100.0,5.02,5.01,91.0,0.9,0.787,179.57,0.267,131.54,12178.3,7.84,0.002,False,False
BGW-011,5,2020-09-17,24,110.28,160.2,99.6,6.27,4.99,89.3,0.857,0.748,212.16,0.265,156.01,12035.8,9.24,0.225,False,False
BGW-011,5,2020-09-18,25,108.5,167.7,97.5,5.0,4.97,93.5,0.899,0.782,173.18,0.269,126.58,12119.3,7.97,0.006,False,False
BGW-011,5,2020-09-19,26,106.76,175.5,98.2,5.05,4.95,82.8,0.896,0.777,175.28,0.259,129.82,12183.3,7.96,0.019,False,False
BGW-011,5,2020-09-20,27,105.08,183.5,98.5,4.83,4.93,87.4,0.9,0.777,168.2,0.264,123.8,11979.6,7.71,0.0,False,False
BGW-011,5,2020-09-21,28,103.44,191.7,100.0,4.76,4.91,94.3,0.9,0.775,167.62,0.245,126.57,12049.0,7.67,0.0,False,False
BGW-011,5,2020-09-22,29,101.85,200.1,100.0,6.5,4.88,82.8,0.846,0.726,214.34,0.272,156.03,12037.9,9.47,0.283,False,False
BGW-011,5,2020-09-23,30,100.3,208.7,99.4,4.63,4.86,82.7,0.9,0.769,160.96,0.313,110.55,12178.0,7.55,0.002,False,False
BGW-011,5,2020-09-24,31,98.8,217.5,100.0,5.03,4.84,81.1,0.894,0.76,173.98,0.277,125.79,12054.5,7.75,0.038,False,False
BGW-011,5,2020-09-25,32,97.34,226.4,97.4,4.61,4.82,90.9,0.9,0.763,155.45,0.27,113.49,12081.5,7.69,0.006,False,False
BGW-011,5,2020-09-26,33,95.92,235.5,99.3,4.65,4.8,84.2,0.9,0.76,159.48,0.293,112.73,12382.2,7.74,0.008,False,False
BGW-011,5,2020-09-27,34,94.53,244.8,100.0,5.37,4.78,92.2,0.88,0.74,180.67,0.325,121.95,12176.4,8.22,0.115,False,False
BGW-011,5,2020-09-28,35,93.19,254.3,100.0,4.84,4.76,85.9,0.897,0.751,165.14,0.304,114.96,12155.5,8.06,0.027,False,False
BGW-011,5,2020-09-29,36,91.89,263.9,100.0,4.57,4.74,87.1,0.9,0.75,155.65,0.332,103.96,12081.0,7.8,0.015,False,False
BGW-011,5,2020-09-30,37,90.62,273.6,100.0,6.27,4.71,77.0,0.848,0.703,200.36,0.332,133.77,12222.0,9.35,0.289,False,False
BGW-011,5,2020-10-01,38,89.38,283.5,97.9,4.81,4.69,87.3,0.896,0.739,158.43,0.316,108.32,12009.7,7.78,0.04,False,False
BGW-011,5,2020-10-02,39,88.19,293.6,100.0,5.21,4.67,86.3,0.882,0.724,171.64,0.32,116.68,12387.6,8.26,0.116,False,False
BGW-011,5,2020-10-03,40,87.02,303.7,97.6,4.66,4.65,90.8,0.9,0.735,152.03,0.36,97.22,12188.0,7.63,0.026,False,False
BGW-011,5,2020-10-04,41,85.89,314.0,97.9,4.56,4.63,88.4,0.9,0.732,148.72,0.314,102.09,12015.7,7.37,0.026,False,False
BGW-011,5,2020-10-05,42,84.79,324.4,99.7,4.47,4.6,86.6,0.9,0.728,147.49,0.315,101.09,12319.3,7.58,0.028,False,True
BGW-011,5,2020-10-06,43,83.72,334.9,98.1,4.98,4.58,87.2,0.887,0.714,158.43,0.355,102.26,12233.1,7.85,0.1,False,False
BGW-011,5,2020-10-07,44,82.68,345.5,99.1,4.59,4.56,87.0,0.899,0.72,148.85,0.35,96.79,12441.3,7.51,0.038,False,False
BGW-011,5,2020-10-08,45,81.67,356.2,100.0,4.62,4.54,84.7,0.897,0.715,150.17,0.367,95.11,12576.7,7.85,0.05,False,False
BGW-011,5,2020-10-09,46,80.68,366.9,98.8,4.59,4.52,88.6,0.898,0.712,146.54,0.321,99.53,12055.6,7.47,0.05,False,False
BGW-011,5,2020-10-10,47,79.73,377.7,100.0,6.33,4.5,85.6,0.839,0.662,190.22,0.319,129.51,12568.3,9.68,0.36,False,False
BGW-011,5,2020-10-11,48,78.8,388.6,98.0,4.52,4.48,87.6,0.899,0.705,141.88,0.413,83.3,11972.7,7.56,0.05,False,False
BGW-011,5,2020-10-12,49,77.9,399.6,100.0,5.3,4.45,85.6,0.872,0.68,163.82,0.364,104.26,12322.1,8.28,0.193,False,False
BGW-011,5,2020-10-13,50,77.02,410.6,100.0,4.61,4.43,86.6,0.893,0.693,145.11,0.364,92.36,12376.0,7.58,0.078,False,False
BGW-011,5,2020-10-14,51,76.16,421.6,100.0,5.02,4.41,83.0,0.877,0.677,154.41,0.391,93.96,12109.9,7.94,0.156,False,False
BGW-011,5,2020-10-15,52,75.34,432.6,100.0,4.32,4.39,92.9,0.896,0.688,134.9,0.416,78.75,11995.0,7.37,0.053,False,False
BGW-011,5,2020-10-16,53,74.53,443.7,98.2,4.34,4.37,88.6,0.895,0.683,132.33,0.397,79.78,12151.9,7.1,0.055,False,False
BGW-011,5,2020-10-17,54,73.75,454.8,100.0,4.23,4.35,82.2,0.894,0.678,130.53,0.388,79.83,12133.6,6.9,0.058,False,False
BGW-011,5,2020-10-18,55,72.98,465.9,98.7,5.72,4.33,81.3,0.846,0.639,163.8,0.405,97.41,12085.2,8.54,0.303,False,False
BGW-011,5,2020-10-19,56,72.24,477.0,100.0,4.87,4.31,91.2,0.872,0.655,144.93,0.407,85.95,12232.4,8.07,0.16,False,False
BGW-011,5,2020-10-20,57,71.52,488.1,100.0,4.44,4.29,83.5,0.885,0.66,133.39,0.409,78.82,12248.6,7.49,0.092,False,False
BGW-011,5,2020-10-21,58,70.83,499.1,100.0,5.47,4.27,85.7,0.849,0.63,156.66,0.41,92.49,12312.3,8.68,0.278,False,False
BGW-011,5,2020-10-22,59,70.15,510.2,100.0,4.15,4.26,83.9,0.887,0.655,123.45,0.4,74.1,12287.5,7.22,0.07,False,False
BGW-011,5,2020-10-23,60,69.48,521.2,100.0,4.11,4.24,85.1,0.886,0.65,121.48,0.434,68.77,12165.8,6.82,0.073,False,False
BGW-011,5,2020-10-24,61,68.84,532.2,100.0,6.03,4.22,77.5,0.824,0.602,165.02,0.417,96.28,12334.2,9.22,0.393,False,False
BGW-011,5,2020-10-25,62,68.22,543.1,96.8,4.02,4.2,81.9,0.883,0.641,113.46,0.418,66.02,12018.7,6.92,0.078,False,False
BGW-011,5,2020-10-26,63,67.61,554.0,99.8,4.75,4.18,83.8,0.863,0.623,134.18,0.464,71.89,12525.9,7.58,0.179,False,False
BGW-011,5,2020-10-27,64,67.02,564.8,99.0,4.98,4.17,84.3,0.854,0.613,137.43,0.44,76.91,12178.0,8.02,0.226,False,False
BGW-011,5,2020-10-28,65,66.45,575.6,96.7,4.08,4.15,84.6,0.88,0.628,112.81,0.427,64.66,12154.1,6.83,0.085,False,False
BGW-011,5,2020-10-29,66,65.89,586.2,99.5,4.64,4.13,85.1,0.861,0.612,128.36,0.469,68.15,12174.8,7.42,0.176,False,False
BGW-011,5,2020-10-30,67,65.35,596.9,98.0,4.19,4.11,79.0,0.874,0.618,115.38,0.471,61.06,12583.4,7.21,0.104,False,False
BGW-011,5,2020-10-31,68,64.82,607.4,100.0,5.31,4.1,79.9,0.835,0.587,141.67,0.472,74.78,12377.8,8.28,0.304,False,False
BGW-011,5,2020-11-01,69,64.31,617.8,100.0,4.94,4.08,83.0,0.846,0.592,132.81,0.513,64.68,12294.2,7.98,0.245,False,False
BGW-011,5,2020-11-02,70,63.81,628.2,100.0,4.82,4.07,80.2,0.848,0.59,129.35,0.472,68.24,12608.4,8.25,0.23,False,False
BGW-011,5,2020-11-03,71,63.33,638.5,98.0,4.03,4.05,91.5,0.872,0.604,108.35,0.463,58.19,12367.9,6.91,0.1,False,False
BGW-011,5,2020-11-04,72,62.86,648.7,100.0,5.19,4.04,75.4,0.832,0.573,135.25,0.488,69.26,12422.8,8.51,0.305,False,False
BGW-011,5,2020-11-05,73,62.4,658.7,100.0,3.89,4.02,89.3,0.87,0.596,105.32,0.455,57.37,12110.1,6.66,0.104,False,False
BGW-011,5,2020-11-06,74,61.95,668.7,100.0,5.16,4.01,85.8,0.83,0.566,132.75,0.53,62.37,12450.5,8.13,0.309,False,False
BGW-011,5,2020-11-07,75,61.52,678.6,100.0,4.47,3.99,79.6,0.852,0.578,117.28,0.475,61.6,12501.5,7.55,0.192,False,False
BGW-011,5,2020-11-08,76,61.1,688.3,100.0,4.16,3.98,79.4,0.86,0.581,109.78,0.523,52.36,12530.1,7.07,0.143,False,False
BGW-011,5,2020-11-09,77,60.69,697.9,100.0,4.11,3.96,79.5,0.86,0.578,107.93,0.497,54.27,12495.2,7.05,0.139,False,False
BGW-011,5,2020-11-10,78,60.3,707.5,99.8,3.91,3.95,83.9,0.864,0.578,102.58,0.505,50.8,12074.3,6.84,0.115,False,False
BGW-011,5,2020-11-11,79,59.91,716.9,96.2,3.86,3.94,87.7,0.863,0.574,96.94,0.521,46.47,12127.1,6.65,0.117,False,False
BGW-011,5,2020-11-12,80,59.54,726.1,96.5,3.76,3.92,77.9,0.862,0.571,94.09,0.534,43.85,12276.9,6.53,0.12,False,False
BGW-011,5,2020-11-13,81,59.17,735.3,97.0,4.4,3.91,88.4,0.844,0.557,108.08,0.506,53.41,12302.5,7.48,0.208,False,False
BGW-011,5,2020-11-14,82,58.82,744.3,98.6,5.15,3.9,74.0,0.818,0.537,123.86,0.533,57.87,12400.1,8.21,0.342,False,False
BGW-011,5,2020-11-15,83,58.47,753.2,100.0,5.25,3.89,76.1,0.813,0.531,126.85,0.555,56.39,12360.0,8.44,0.365,False,False
BGW-011,5,2020-11-16,84,58.14,762.0,96.2,4.94,3.87,80.2,0.822,0.535,115.51,0.536,53.54,12062.5,7.95,0.314,False,False
BGW-011,5,2020-11-17,85,57.81,770.6,100.0,4.35,3.86,79.4,0.841,0.544,107.55,0.55,48.39,12424.1,7.29,0.214,False,False
BGW-011,5,2020-11-18,86,57.5,779.1,99.3,4.03,3.85,85.3,0.85,0.548,99.67,0.529,46.99,12436.3,6.99,0.163,False,False
BGW-011,5,2020-11-19,87,57.19,787.5,100.0,5.54,3.84,79.0,0.798,0.513,128.96,0.555,57.42,12529.3,8.53,0.43,False,False
BGW-011,5,2020-11-20,88,56.89,795.7,94.5,5.11,3.83,80.4,0.811,0.519,113.81,0.562,49.84,12092.1,8.15,0.359,False,False
BGW-011,5,2020-11-21,89,56.6,803.9,96.8,4.86,3.82,83.0,0.818,0.521,111.44,0.606,43.93,12309.8,7.77,0.32,False,False
BGW-011,5,2020-11-22,90,56.32,811.8,100.0,5.03,3.81,80.2,0.811,0.515,117.56,0.573,50.21,12443.0,8.41,0.352,False,False
BGW-011,5,2020-11-23,91,56.04,819.7,95.4,3.69,3.8,77.1,0.851,0.538,86.14,0.546,39.07,12009.9,6.61,0.141,False,False
BGW-011,5,2020-11-24,92,55.78,827.4,96.0,3.84,3.79,88.8,0.849,0.534,89.38,0.565,38.9,12201.8,6.54,0.151,False,False
BGW-011,5,2020-11-25,93,55.52,835.0,97.8,3.91,3.78,77.2,0.845,0.53,91.97,0.616,35.31,12015.7,6.94,0.167,False,False
BGW-011,5,2020-11-26,94,55.27,842.4,96.9,3.74,3.77,88.8,0.848,0.53,87.37,0.582,36.49,12141.7,6.68,0.146,False,False
BGW-011,5,2020-11-27,95,55.02,849.7,95.5,5.16,3.76,83.6,0.801,0.499,111.77,0.552,50.04,12248.2,8.34,0.394,False,False
BGW-011,5,2020-11-28,96,54.78,856.9,96.0,3.91,3.75,84.8,0.841,0.522,89.02,0.61,34.72,12338.5,6.69,0.177,False,False
BGW-011,5,2020-11-29,97,54.55,863.9,93.3,4.79,3.74,84.8,0.811,0.501,101.88,0.619,38.77,12190.9,7.75,0.335,False,False
BGW-011,5,2020-11-30,98,54.33,870.9,95.8,3.92,3.73,81.8,0.839,0.517,88.18,0.598,35.43,12349.6,6.81,0.184,False,False
BGW-011,5,2020-12-01,99,54.11,877.6,100.0,5.15,3.73,80.4,0.797,0.489,114.43,0.616,43.94,12676.2,8.5,0.403,False,False
BGW-011,5,2020-12-02,100,53.89,884.3,100.0,4.84,3.72,82.9,0.806,0.493,108.48,0.602,43.17,12392.6,7.96,0.352,False,False
BGW-011,5,2020-12-03,101,53.69,890.8,94.7,4.33,3.71,83.6,0.822,0.502,93.49,0.615,35.99,12108.5,7.23,0.266,False,False
BGW-011,5,2020-12-04,102,53.49,897.2,96.0,4.06,3.7,87.1,0.83,0.505,89.49,0.613,34.68,12364.9,7.11,0.222,False,False
BGW-011,5,2020-12-05,103,53.29,903.5,96.0,3.62,3.69,76.6,0.841,0.51,80.52,0.63,29.78,12196.9,6.64,0.16,False,False
BGW-011,5,2020-12-06,104,53.1,909.6,98.3,3.84,3.69,76.7,0.835,0.505,86.64,0.662,29.26,12295.1,6.82,0.189,False,False
BGW-011,5,2020-12-07,105,52.92,915.6,93.8,5.26,3.68,71.9,0.787,0.474,106.33,0.65,37.21,12090.7,7.99,0.439,False,False
BGW-011,5,2020-12-08,106,52.74,921.5,99.8,3.71,3.67,83.0,0.838,0.503,84.82,0.629,31.5,12100.9,6.81,0.171,False,False
BGW-011,5,2020-12-09,107,52.56,927.3,100.0,3.9,3.66,80.6,0.831,0.498,88.18,0.678,28.38,12536.4,6.8,0.206,False,False
BGW-011,5,2020-12-10,108,52.39,932.9,100.0,4.45,3.66,82.2,0.811,0.485,98.04,0.647,34.62,12129.1,7.16,0.305,False,False
BGW-011,5,2020-12-11,109,52.23,938.5,97.4,3.78,3.65,87.2,0.833,0.496,83.15,0.652,28.93,12569.5,6.64,0.191,False,False
BGW-011,5,2020-12-12,110,52.07,943.9,94.6,4.43,3.65,73.4,0.811,0.482,91.65,0.66,31.12,11923.4,7.15,0.306,False,False
BGW-011,5,2020-12-13,111,51.91,949.2,95.4,3.8,3.64,83.3,0.831,0.492,81.19,0.68,25.95,12161.1,6.48,0.199,False,False
BGW-011,5,2020-12-14,112,51.76,954.4,97.3,3.93,3.63,74.4,0.825,0.488,84.95,0.694,25.96,12453.1,6.81,0.224,False,False
BGW-011,5,2020-12-15,113,51.62,959.4,95.3,4.23,3.63,79.4,0.815,0.481,88.12,0.692,27.13,12206.7,7.05,0.278,False,False
BGW-011,5,2020-12-16,114,51.47,964.4,100.0,4.23,3.62,77.9,0.814,0.479,92.13,0.689,28.62,12400.5,7.07,0.281,False,False
BGW-011,5,2020-12-17,115,51.33,969.2,96.8,3.56,3.62,83.3,0.834,0.489,76.76,0.674,25.06,12084.7,6.35,0.175,False,False
BGW-011,5,2020-12-18,116,51.2,974.0,100.0,5.0,3.61,79.3,0.787,0.461,104.69,0.712,30.14,12586.0,8.21,0.419,False,False
BGW-012,1,2019-07-04,1,151.03,169.2,100.0,6.5,4.96,81.6,0.849,0.738,217.89,0.158,183.41,12134.3,9.99,0.269,False,False
BGW-012,1,2019-07-05,2,147.59,182.1,97.3,4.99,4.93,89.5,0.898,0.776,171.32,0.155,144.8,12308.7,7.97,0.01,False,False
BGW-012,1,2019-07-06,3,144.27,195.6,99.3,4.78,4.9,82.8,0.9,0.773,166.86,0.134,144.46,12444.2,8.07,0.0,False,False
BGW-012,1,2019-07-07,4,141.06,209.9,97.5,4.96,4.86,87.5,0.897,0.765,168.42,0.189,136.62,12000.9,7.72,0.02,False,False
BGW-012,1,2019-07-08,5,137.96,225.0,100.0,6.5,4.82,86.6,0.844,0.716,211.47,0.142,181.4,12118.6,9.39,0.299,False,False
BGW-012,1,2019-07-09,6,134.96,240.8,98.0,4.66,4.79,91.5,0.9,0.758,157.12,0.167,130.89,11846.2,7.45,0.009,False,False
BGW-012,1,2019-07-10,7,132.06,257.4,100.0,5.81,4.75,89.0,0.865,0.722,190.7,0.157,160.73,12227.7,8.94,0.198,False,False
BGW-012,1,2019-07-11,8,129.25,274.8,95.9,5.05,4.71,89.9,0.889,0.736,162.1,0.149,137.99,11961.4,7.84,0.076,False,False
BGW-012,1,2019-07-12,9,126.53,293.0,100.0,4.68,4.67,92.7,0.9,0.739,157.15,0.174,129.77,12167.8,7.5,0.022,False,False
BGW-012,1,2019-07-13,10,123.91,312.0,100.0,6.29,4.63,76.9,0.845,0.688,196.6,0.199,157.45,11886.6,9.13,0.316,False,False
BGW-012,1,2019-07-14,11,121.37,331.9,100.0,5.7,4.59,83.1,0.863,0.696,180.19,0.228,139.16,12124.6,8.96,0.224,False,False
BGW-012,1,2019-07-15,12,118.91,352.5,98.5,4.68,4.55,84.1,0.896,0.715,149.67,0.195,120.45,11931.4,7.3,0.057,False,False
BGW-012,1,2019-07-16,13,116.54,373.9,100.0,4.28,4.5,92.0,0.9,0.711,138.41,0.193,111.7,12148.7,7.05,0.04,False,False
BGW-012,1,2019-07-17,14,114.24,396.2,100.0,4.67,4.46,90.7,0.893,0.698,148.1,0.229,114.15,12392.1,7.52,0.081,False,False
BGW-012,1,2019-07-18,15,112.02,419.2,97.1,6.27,4.42,84.0,0.836,0.646,178.84,0.202,142.8,11987.8,9.15,0.375,False,False
BGW-012,1,2019-07-19,16,109.88,443.1,100.0,4.17,4.37,81.2,0.895,0.683,129.38,0.244,97.76,12252.1,7.08,0.055,False,False
BGW-012,1,2019-07-20,17,107.8,467.7,100.0,5.2,4.33,88.2,0.863,0.651,153.88,0.246,116.04,12175.1,8.47,0.214,False,False
BGW-012,1,2019-07-21,18,105.79,493.1,100.0,4.1,4.28,91.2,0.889,0.662,123.29,0.227,95.35,12290.7,7.17,0.067,False,False
BGW-012,1,2019-07-22,19,103.85,519.2,100.0,4.17,4.24,87.8,0.886,0.651,123.49,0.246,93.13,12103.4,6.81,0.073,False,False
BGW-012,1,2019-07-23,20,101.98,546.0,100.0,5.07,4.2,84.2,0.854,0.619,142.63,0.217,111.72,12197.3,8.23,0.231,False,False
BGW-012,1,2019-07-24,21,100.16,573.6,99.1,4.01,4.15,86.2,0.88,0.629,113.5,0.244,85.79,12353.8,6.63,0.085,False,False
BGW-012,1,2019-07-25,22,98.4,601.9,100.0,4.18,4.11,84.9,0.874,0.616,117.12,0.225,90.75,12289.2,7.17,0.105,False,False
BGW-012,1,2019-07-26,23,96.71,630.8,99.2,4.13,4.06,91.0,0.871,0.605,112.73,0.245,85.08,11946.0,7.01,0.11,False,False
BGW-012,1,2019-07-27,24,95.06,660.4,100.0,5.41,4.02,85.7,0.823,0.563,138.59,0.25,103.96,12196.2,8.47,0.349,False,False
BGW-012,1,2019-07-28,25,93.48,690.6,100.0,4.0,3.97,80.9,0.865,0.583,106.07,0.281,76.24,12238.0,6.88,0.116,False,False
BGW-012,1,2019-07-29,26,91.94,721.3,98.4,4.02,3.93,82.4,0.859,0.57,102.66,0.257,76.3,12268.6,6.93,0.135,False,False
BGW-012,1,2019-07-30,27,90.46,752.7,100.0,4.47,3.89,78.8,0.839,0.548,111.52,0.289,79.25,12234.3,7.78,0.228,False,False
BGW-012,1,2019-07-31,28,89.02,784.5,98.1,3.78,3.84,78.1,0.855,0.55,92.76,0.277,67.05,12330.8,6.77,0.133,False,False
BGW-012,1,2019-08-01,29,87.63,816.8,95.9,3.63,3.8,80.5,0.851,0.539,85.19,0.293,60.19,12360.0,6.36,0.14,False,False
BGW-012,1,2019-08-02,30,86.29,849.6,100.0,3.81,3.76,84.9,0.846,0.527,91.11,0.275,66.04,12497.5,6.73,0.156,False,False
BGW-012,1,2019-08-03,31,84.99,882.8,95.7,3.83,3.72,79.9,0.84,0.515,85.6,0.255,63.74,12090.2,6.71,0.174,False,False
BGW-012,1,2019-08-04,32,83.74,916.4,95.3,3.65,3.68,81.5,0.84,0.506,80.04,0.293,56.56,12288.9,6.64,0.163,False,False
BGW-012,1,2019-08-05,33,82.52,950.3,99.5,3.56,3.64,79.5,0.836,0.495,79.85,0.272,58.1,12397.9,6.47,0.171,False,False
BGW-012,1,2019-08-06,34,81.35,984.6,98.0,3.57,3.6,81.2,0.832,0.485,77.05,0.308,53.34,12489.1,6.45,0.178,False,False
BGW-012,1,2019-08-07,35,80.21,1019.1,99.1,3.73,3.56,76.6,0.822,0.471,79.08,0.284,56.58,12203.5,6.54,0.215,False,False
BGW-012,1,2019-08-08,36,79.11,1053.8,96.6,3.39,3.52,75.5,0.824,0.464,69.17,0.303,48.18,12364.3,6.38,0.194,False,False
BGW-012,1,2019-08-09,37,78.05,1088.7,100.0,3.66,3.48,77.1,0.814,0.451,75.03,0.401,44.96,12511.1,6.67,0.233,False,False
BGW-012,1,2019-08-10,38,77.02,1123.8,100.0,4.06,3.45,83.1,0.795,0.434,79.93,0.321,54.23,12282.4,7.25,0.316,False,False
BGW-012,1,2019-08-11,39,76.03,1159.1,97.3,3.31,3.41,77.2,0.811,0.435,63.72,0.338,42.19,12109.2,6.23,0.218,False,False
BGW-012,1,2019-08-12,40,75.07,1194.4,100.0,4.57,3.38,76.7,0.768,0.405,84.08,0.34,55.53,12526.5,7.74,0.434,False,True
BGW-012,1,2019-08-13,41,74.14,1229.7,97.1,3.45,3.34,78.2,0.8,0.415,63.2,0.331,42.28,12280.9,6.51,0.253,False,False
BGW-012,1,2019-08-14,42,73.24,1265.1,96.2,3.32,3.31,80.3,0.799,0.408,59.18,0.344,38.84,12385.5,6.51,0.243,False,False
BGW-012,1,2019-08-15,43,72.38,1300.5,96.8,3.43,3.28,81.7,0.79,0.397,59.97,0.324,40.54,12469.2,6.38,0.278,False,False
BGW-012,1,2019-08-16,44,71.54,1335.8,97.1,3.38,3.24,76.6,0.786,0.389,58.06,0.362,37.03,12206.5,6.42,0.283,False,False
BGW-012,1,2019-08-17,45,70.72,1371.0,92.7,3.26,3.21,73.8,0.785,0.382,52.55,0.341,34.61,11947.1,5.84,0.275,False,False
BGW-012,1,2019-08-18,46,69.94,1406.2,91.5,3.27,3.18,78.8,0.78,0.374,50.83,0.368,32.13,12038.0,6.07,0.29,False,False
BGW-012,1,2019-08-19,47,69.18,1441.1,94.2,3.31,3.15,72.5,0.773,0.365,51.73,0.368,32.71,12421.7,6.22,0.31,False,False
BGW-012,1,2019-08-20,48,68.44,1476.0,99.6,4.29,3.12,74.5,0.736,0.342,66.39,0.381,41.09,12180.0,7.08,0.494,True,False
BGW-012,1,2019-08-21,49,67.73,1510.6,100.0,3.39,3.1,69.8,0.761,0.348,53.62,0.394,32.47,12644.3,6.41,0.349,False,False
BGW-012,1,2019-08-22,50,67.05,1544.9,93.6,2.93,3.07,73.3,0.766,0.346,43.08,0.403,25.73,12173.2,5.83,0.306,False,False
BGW-012,1,2019-08-23,51,66.38,1579.1,92.5,3.04,3.04,76.3,0.762,0.339,43.35,0.388,26.52,12309.4,6.02,0.313,False,False
BGW-012,1,2019-08-24,52,65.74,1612.9,88.2,3.37,3.02,69.7,0.747,0.327,44.24,0.423,25.54,11705.6,6.18,0.384,False,False
BGW-012,1,2019-08-25,53,65.12,1646.5,90.4,3.14,2.99,68.4,0.75,0.324,41.78,0.398,25.17,12185.9,5.87,0.355,False,False
BGW-012,1,2019-08-26,54,64.52,1679.7,91.9,3.2,2.97,72.4,0.743,0.317,42.34,0.42,24.56,12236.5,6.17,0.378,False,False
BGW-012,1,2019-08-27,55,63.94,1712.6,99.3,3.56,2.94,72.3,0.726,0.305,49.03,0.423,28.31,12527.5,6.42,0.452,True,False
BGW-012,1,2019-08-28,56,63.38,1745.1,93.8,3.24,2.92,75.5,0.732,0.304,42.01,0.416,24.54,12192.1,5.74,0.408,False,False
BGW-012,1,2019-08-29,57,62.83,1777.3,91.3,2.76,2.9,72.2,0.739,0.303,34.69,0.443,19.32,12047.6,5.71,0.358,False,False
BGW-012,1,2019-08-30,58,62.31,1809.0,91.5,2.73,2.87,72.1,0.736,0.297,33.83,0.462,18.21,12269.5,5.65,0.366,False,False
BGW-012,1,2019-08-31,59,61.8,1840.4,89.2,2.98,2.85,67.4,0.728,0.291,35.07,0.414,20.54,11945.2,5.56,0.394,False,False
BGW-012,1,2019-09-01,60,61.31,1871.3,88.7,2.75,2.83,72.7,0.728,0.287,31.89,0.432,18.11,12122.9,5.37,0.38,False,False
BGW-012,1,2019-09-02,61,60.83,1901.8,94.8,3.25,2.81,72.1,0.71,0.277,38.72,0.439,21.72,12388.1,5.93,0.463,True,False
BGW-012,1,2019-09-03,62,60.37,1931.8,88.2,2.89,2.79,65.0,0.718,0.277,32.01,0.415,18.72,12130.0,5.65,0.41,False,False
BGW-012,1,2019-09-04,63,59.93,1961.4,98.1,3.82,2.77,70.7,0.683,0.26,44.21,0.463,23.73,12507.0,6.69,0.582,True,False
BGW-012,1,2019-09-05,64,59.5,1990.5,89.4,2.9,2.76,64.4,0.71,0.267,31.44,0.489,16.05,12268.2,5.71,0.432,False,False
BGW-012,1,2019-09-06,65,59.09,2019.1,87.5,2.67,2.74,64.4,0.711,0.265,28.13,0.464,15.09,11862.1,5.35,0.413,False,False
BGW-012,1,2019-09-07,66,58.68,2047.3,96.8,3.77,2.72,62.3,0.673,0.248,41.09,0.476,21.54,12467.7,6.64,0.603,True,False
BGW-012,1,2019-09-08,67,58.3,2074.9,90.4,2.8,2.7,70.0,0.701,0.256,29.39,0.47,15.58,12137.5,5.45,0.443,False,False
BGW-012,1,2019-09-09,68,57.92,2102.1,91.7,2.86,2.69,68.8,0.696,0.251,29.95,0.482,15.51,12224.1,5.53,0.463,True,False
BGW-012,1,2019-09-10,69,57.56,2128.8,88.8,3.32,2.67,67.9,0.677,0.242,32.4,0.486,16.66,12019.9,6.25,0.552,True,False
BGW-012,1,2019-09-11,70,57.21,2155.0,89.9,2.53,2.66,62.9,0.695,0.246,25.38,0.47,13.45,11750.8,4.89,0.444,False,False
BGW-012,1,2019-09-12,71,56.87,2180.6,86.5,3.07,2.64,71.0,0.678,0.237,28.68,0.484,14.8,12166.2,5.9,0.525,True,False
BGW-012,1,2019-09-13,72,56.54,2205.8,91.7,3.26,2.63,60.4,0.668,0.232,31.53,0.507,15.56,12143.9,5.95,0.567,True,False
BGW-012,1,2019-09-14,73,56.22,2230.5,87.9,2.74,2.62,65.3,0.682,0.235,25.7,0.485,13.24,12118.8,5.53,0.484,True,False
BGW-012,1,2019-09-15,74,55.91,2254.6,88.0,2.52,2.6,62.0,0.684,0.233,23.5,0.499,11.77,12158.8,5.08,0.467,True,False
BGW-012,1,2019-09-16,75,55.62,2278.3,88.7,2.63,2.59,62.5,0.68,0.23,24.34,0.476,12.74,12213.8,5.6,0.479,True,False
BGW-012,1,2019-09-17,76,55.33,2301.4,86.0,2.68,2.58,67.4,0.675,0.226,23.7,0.516,11.48,11892.5,5.2,0.496,True,False
BGW-012,1,2019-09-18,77,55.05,2324.1,83.7,2.83,2.56,63.8,0.667,0.222,23.87,0.526,11.32,12025.3,5.51,0.53,True,False
BGW-012,1,2019-09-19,78,54.78,2346.2,88.0,3.25,2.55,58.6,0.65,0.214,27.85,0.527,13.18,12161.5,5.76,0.61,True,False
BGW-012,1,2019-09-20,79,54.52,2367.9,89.8,2.5,2.54,66.5,0.67,0.219,22.35,0.506,11.04,12178.0,5.09,0.493,True,False
BGW-012,1,2019-09-21,80,54.27,2389.0,90.3,3.58,2.53,58.1,0.633,0.206,30.23,0.535,14.05,12176.3,6.31,0.681,True,False
BGW-012,1,2019-09-22,81,54.03,2409.7,89.6,2.51,2.52,66.5,0.666,0.215,21.91,0.522,10.48,12065.1,5.03,0.5,True,False
BGW-012,1,2019-09-23,82,53.79,2429.9,87.8,2.94,2.51,65.2,0.649,0.208,24.4,0.541,11.19,12368.1,5.77,0.575,True,False
BGW-012,1,2019-09-24,83,53.57,2449.6,85.2,3.41,2.5,62.7,0.63,0.201,26.5,0.52,12.71,11996.5,6.23,0.66,True,False
BGW-012,1,2019-09-25,84,53.35,2468.9,86.5,2.51,2.49,62.4,0.658,0.208,20.5,0.563,8.95,11971.9,5.35,0.503,True,True
BGW-012,1,2019-09-26,85,53.13,2487.7,88.7,2.55,2.48,66.6,0.654,0.205,21.07,0.588,8.67,12429.5,5.16,0.511,True,False
BGW-012,1,2019-09-27,86,52.93,2506.0,87.9,2.35,2.47,67.1,0.654,0.204,19.15,0.566,8.32,12019.0,5.05,0.5,True,False
BGW-012,1,2019-09-28,87,52.73,2523.8,94.5,2.93,2.46,66.5,0.637,0.197,24.86,0.577,10.53,12570.0,5.7,0.582,True,False
BGW-012,1,2019-09-29,88,52.54,2541.3,87.6,2.57,2.45,65.3,0.646,0.199,20.36,0.578,8.58,12124.2,5.25,0.52,True,False
BGW-012,1,2019-09-30,89,52.35,2558.3,86.0,2.5,2.45,61.8,0.647,0.198,19.34,0.564,8.42,12028.7,5.09,0.509,True,False
BGW-012,1,2019-10-01,90,52.17,2574.8,87.0,2.37,2.44,65.7,0.646,0.197,18.46,0.578,7.79,11689.5,4.99,0.5,True,False
BGW-012,1,2019-10-02,91,52.0,2590.9,84.9,2.4,2.43,59.0,0.644,0.195,18.1,0.59,7.43,12005.3,5.26,0.5,True,False
BGW-012,1,2019-10-03,92,51.83,2606.6,86.4,2.36,2.42,67.2,0.643,0.194,17.96,0.54,8.27,12283.6,4.98,0.5,True,False
BGW-012,1,2019-10-04,93,51.67,2621.9,82.0,2.83,2.42,63.4,0.627,0.188,19.83,0.576,8.4,11694.6,5.52,0.572,True,False
BGW-012,1,2019-10-05,94,51.51,2636.8,83.6,2.53,2.41,60.2,0.635,0.19,18.21,0.62,6.93,11726.3,4.93,0.521,True,False
BGW-012,1,2019-10-06,95,51.36,2651.3,83.3,2.35,2.4,62.2,0.637,0.189,16.85,0.638,6.1,12031.4,4.89,0.5,True,False
BGW-012,1,2019-10-07,96,51.21,2665.4,83.7,2.58,2.4,63.3,0.63,0.186,18.25,0.635,6.66,11865.0,5.19,0.531,True,False
BGW-012,1,2019-10-08,97,51.07,2679.1,85.1,2.57,2.39,58.6,0.628,0.185,18.36,0.605,7.26,12008.9,5.35,0.531,True,False
BGW-012,1,2019-10-09,98,50.93,2692.5,85.2,2.55,2.38,62.7,0.627,0.184,18.13,0.615,6.98,11827.2,5.34,0.528,True,False
BGW-012,1,2019-10-10,99,50.8,2705.5,86.6,2.28,2.38,60.0,0.631,0.184,16.54,0.63,6.12,11988.9,4.96,0.5,True,False
BGW-012,1,2019-10-11,100,50.67,2718.1,85.0,2.61,2.37,58.8,0.622,0.181,18.21,0.648,6.41,11749.3,4.99,0.542,True,False
BGW-012,1,2019-10-12,101,50.55,2730.4,82.9,2.26,2.37,65.4,0.628,0.182,15.5,0.675,5.04,11834.3,4.86,0.5,True,False
BGW-012,1,2019-10-13,102,50.43,2742.3,84.8,2.29,2.36,58.6,0.627,0.181,15.95,0.652,5.55,12090.0,4.9,0.5,True,False
BGW-012,1,2019-10-14,103,50.31,2753.9,85.8,2.66,2.36,57.4,0.615,0.177,18.36,0.67,6.05,11990.5,5.2,0.554,True,False
BGW-012,1,2019-10-15,104,50.2,2765.2,85.4,2.34,2.35,64.9,0.624,0.179,16.22,0.672,5.32,12122.0,5.02,0.5,True,False
BGW-012,1,2019-10-16,105,50.09,2776.1,92.3,2.9,2.35,62.5,0.604,0.172,20.96,0.675,6.8,12314.7,5.63,0.597,True,False
BGW-012,1,2019-10-17,106,49.98,2786.7,84.5,2.33,2.34,64.0,0.622,0.177,15.78,0.673,5.16,11909.7,5.0,0.5,True,False
BGW-012,1,2019-10-18,107,49.88,2797.1,83.6,2.26,2.34,64.1,0.62,0.176,15.1,0.678,4.87,11748.2,4.94,0.5,True,False
BGW-012,1,2019-10-19,108,49.78,2807.1,86.5,3.14,2.33,61.7,0.592,0.167,20.68,0.664,6.95,11782.6,5.68,0.642,True,False
BGW-012,1,2019-10-20,109,49.69,2816.8,82.9,2.33,2.33,58.0,0.618,0.174,15.26,0.67,5.03,11816.7,5.06,0.5,True,False
BGW-012,1,2019-10-21,110,49.6,2826.3,88.8,3.06,2.33,54.2,0.592,0.166,20.54,0.695,6.27,12496.3,5.8,0.629,True,False
BGW-012,1,2019-10-22,111,49.51,2835.5,84.1,2.3,2.32,61.8,0.616,0.172,15.12,0.687,4.73,11872.3,4.94,0.5,True,False
BGW-012,2,2019-11-08,1,178.9,97.4,100.0,6.5,5.16,86.0,0.855,0.765,226.0,0.159,190.09,12098.3,9.64,0.235,False,False
BGW-012,2,2019-11-09,2,175.7,103.4,100.0,5.93,5.14,83.9,0.874,0.78,210.28,0.158,177.08,12128.4,8.89,0.139,False,False
BGW-012,2,2019-11-10,3,172.59,109.7,100.0,6.5,5.12,81.0,0.854,0.76,224.64,0.14,193.15,12036.3,9.35,0.241,False,False
BGW-012,2,2019-11-11,4,169.55,116.3,100.0,6.5,5.11,80.9,0.854,0.758,223.9,0.186,182.25,11882.4,9.38,0.244,False,False
BGW-012,2,2019-11-12,5,166.58,123.3,99.8,5.24,5.09,87.6,0.895,0.793,188.35,0.167,156.98,11970.0,8.07,0.027,False,False
BGW-012,2,2019-11-13,6,163.69,130.5,97.4,5.3,5.07,92.7,0.892,0.788,184.89,0.155,156.24,12283.2,8.43,0.042,False,False
BGW-012,2,2019-11-14,7,160.86,138.1,98.0,5.09,5.04,81.7,0.899,0.791,179.3,0.158,151.0,12008.1,8.09,0.008,False,False
BGW-012,2,2019-11-15,8,158.1,146.1,100.0,6.04,5.02,79.5,0.866,0.76,208.5,0.219,162.73,12188.9,9.31,0.177,False,False
BGW-012,2,2019-11-16,9,155.41,154.4,100.0,4.92,5.0,81.4,0.9,0.787,175.99,0.199,140.9,12299.6,7.87,0.0,False,False
BGW-012,2,2019-11-17,10,152.79,163.1,100.0,5.9,4.98,90.4,0.869,0.757,203.22,0.178,167.12,12123.2,9.15,0.162,False,False
BGW-012,2,2019-11-18,11,150.23,172.1,100.0,5.03,4.96,83.7,0.897,0.779,178.16,0.181,145.97,12220.4,8.34,0.014,False,False
BGW-012,2,2019-11-19,12,147.73,181.5,100.0,5.22,4.93,89.4,0.89,0.77,182.7,0.216,143.31,12372.0,8.53,0.051,False,False
BGW-012,2,2019-11-20,13,145.29,191.4,100.0,5.99,4.91,80.4,0.864,0.744,202.43,0.203,161.41,12141.8,9.19,0.19,False,False
BGW-012,2,2019-11-21,14,142.91,201.6,99.4,5.0,4.88,91.5,0.896,0.768,173.46,0.179,142.49,11821.4,7.93,0.021,False,False
BGW-012,2,2019-11-22,15,140.59,212.2,100.0,6.46,4.86,86.3,0.846,0.722,211.99,0.173,175.42,12014.3,9.56,0.284,False,False
BGW-012,2,2019-11-23,16,138.32,223.2,98.7,5.63,4.83,78.9,0.873,0.741,187.03,0.234,143.29,12203.4,8.77,0.145,False,False
BGW-012,2,2019-11-24,17,136.11,234.6,99.7,4.72,4.8,87.7,0.9,0.76,162.37,0.216,127.28,12397.2,7.63,0.008,False,False
BGW-012,2,2019-11-25,18,133.95,246.4,100.0,5.9,4.77,79.6,0.862,0.724,194.31,0.197,156.0,12272.7,9.0,0.208,False,False
BGW-012,2,2019-11-26,19,131.84,258.7,100.0,4.71,4.75,88.5,0.9,0.752,160.89,0.233,123.45,12400.6,7.62,0.013,False,False
BGW-012,2,2019-11-27,20,129.79,271.4,99.5,4.59,4.72,88.8,0.9,0.747,155.18,0.231,119.34,12393.1,7.7,0.016,False,False
BGW-012,2,2019-11-28,21,127.78,284.5,100.0,4.76,4.69,89.7,0.898,0.741,160.14,0.264,117.83,12269.8,7.79,0.031,False,False
BGW-012,2,2019-11-29,22,125.83,298.0,97.6,4.78,4.66,87.9,0.896,0.734,155.77,0.245,117.58,12259.4,7.7,0.043,False,False
BGW-012,2,2019-11-30,23,123.92,312.0,100.0,4.68,4.63,81.4,0.898,0.732,155.58,0.267,114.06,12531.2,7.69,0.034,False,False
BGW-012,2,2019-12-01,24,122.06,326.4,100.0,5.68,4.6,87.9,0.864,0.699,180.47,0.216,141.52,12484.7,8.99,0.219,False,False
BGW-012,2,2019-12-02,25,120.24,341.2,100.0,5.23,4.57,90.8,0.878,0.705,167.53,0.245,126.41,12116.7,8.18,0.148,False,False
BGW-012,2,2019-12-03,26,118.46,356.5,100.0,6.09,4.54,86.7,0.848,0.676,187.17,0.265,137.58,12366.9,9.34,0.307,False,False
BGW-012,2,2019-12-04,27,116.73,372.1,100.0,6.29,4.51,82.1,0.841,0.665,190.09,0.225,147.38,12304.7,9.45,0.351,False,False
BGW-012,2,2019-12-05,28,115.04,388.3,95.3,6.05,4.48,84.1,0.848,0.665,174.12,0.243,131.85,12070.9,9.25,0.318,False,False
BGW-012,2,2019-12-06,29,113.39,404.8,98.6,4.64,4.44,87.0,0.893,0.695,144.49,0.29,102.65,12254.8,7.65,0.081,False,False
BGW-012,2,2019-12-07,30,111.79,421.8,100.0,5.96,4.41,77.5,0.846,0.653,176.87,0.266,129.77,12114.3,8.83,0.322,False,False
BGW-012,2,2019-12-08,31,110.22,439.2,100.0,5.8,4.38,80.9,0.848,0.649,171.13,0.242,129.65,12059.7,8.95,0.304,False,False
BGW-012,2,2019-12-09,32,108.69,457.0,100.0,5.7,4.35,85.3,0.848,0.643,166.74,0.272,121.37,12426.6,9.11,0.296,False,False
BGW-012,2,2019-12-10,33,107.19,475.2,100.0,4.96,4.32,88.8,0.87,0.654,147.2,0.238,112.24,12270.8,7.59,0.174,False,False
BGW-012,2,2019-12-11,34,105.73,493.9,100.0,5.04,4.28,88.9,0.864,0.643,147.22,0.283,105.54,12304.2,8.15,0.199,False,False
BGW-012,2,2019-12-12,35,104.31,512.9,97.0,5.28,4.25,85.6,0.852,0.628,146.35,0.277,105.74,12186.4,8.15,0.252,False,False
BGW-012,2,2019-12-13,36,102.92,532.3,100.0,4.21,4.22,85.4,0.885,0.646,123.51,0.302,86.19,12431.4,7.51,0.076,False,False
BGW-012,2,2019-12-14,37,101.57,552.1,100.0,4.39,4.19,81.0,0.876,0.633,126.2,0.289,89.75,12204.0,7.44,0.115,False,False
BGW-012,2,2019-12-15,38,100.24,572.3,97.5,4.21,4.15,86.4,0.878,0.628,117.28,0.301,81.97,12394.2,7.09,0.095,False,False
BGW-012,2,2019-12-16,39,98.95,592.9,100.0,5.16,4.12,77.9,0.843,0.597,139.87,0.27,102.07,12068.3,7.9,0.27,False,False
BGW-012,2,2019-12-17,40,97.69,613.8,100.0,5.9,4.09,76.4,0.815,0.571,153.0,0.319,104.12,12187.9,8.96,0.411,False,False
BGW-012,2,2019-12-18,41,96.46,635.1,100.0,4.09,4.06,88.3,0.872,0.604,112.24,0.305,77.98,12296.6,7.21,0.105,False,False
BGW-012,2,2019-12-19,42,95.27,656.7,100.0,3.82,4.02,79.2,0.87,0.597,103.66,0.296,73.0,12118.2,6.41,0.104,False,False
BGW-012,2,2019-12-20,43,94.1,678.6,100.0,5.06,3.99,78.5,0.832,0.564,129.71,0.317,88.54,12350.6,8.31,0.296,False,False
BGW-012,2,2019-12-21,44,92.95,700.9,100.0,5.25,3.96,86.2,0.822,0.551,131.46,0.309,90.89,12178.0,8.06,0.339,False,False
BGW-012,2,2019-12-22,45,91.84,723.4,100.0,5.06,3.93,81.9,0.824,0.547,125.75,0.338,83.22,12106.7,7.94,0.317,False,False
BGW-012,2,2019-12-23,46,90.75,746.3,96.1,4.05,3.9,89.1,0.854,0.56,99.06,0.341,65.26,12315.1,7.19,0.152,False,False
BGW-012,2,2019-12-24,47,89.69,769.4,100.0,4.87,3.86,81.5,0.823,0.533,118.12,0.334,78.67,12249.8,7.97,0.306,False,False
BGW-012,2,2019-12-25,48,88.66,792.8,100.0,4.56,3.83,82.3,0.83,0.531,110.23,0.347,71.94,12626.2,7.71,0.263,False,False
BGW-012,2,2019-12-26,49,87.65,816.5,99.8,3.62,3.8,87.9,0.851,0.539,88.43,0.353,57.24,12529.5,6.75,0.14,False,False
BGW-012,2,2019-12-27,50,86.66,840.4,95.3,3.83,3.77,87.5,0.847,0.53,87.88,0.351,57.05,12314.3,6.5,0.156,False,False
BGW-012,2,2019-12-28,51,85.7,864.5,100.0,4.24,3.74,79.1,0.829,0.513,98.7,0.366,62.59,12639.1,7.19,0.238,False,False
BGW-012,2,2019-12-29,52,84.76,888.9,95.5,4.1,3.71,75.0,0.83,0.507,90.18,0.346,58.98,12090.9,6.73,0.224,False,False
BGW-012,2,2019-12-30,53,83.84,913.4,98.8,3.82,3.68,86.3,0.835,0.504,86.57,0.32,58.83,12101.6,6.64,0.187,False,False
BGW-012,2,2019-12-31,54,82.95,938.1,100.0,4.91,3.65,75.3,0.795,0.474,105.86,0.361,67.67,12158.0,7.9,0.389,False,False
BGW-012,2,2020-01-01,55,82.08,963.0,97.1,3.72,3.62,75.3,0.831,0.489,80.31,0.378,49.92,12559.4,6.81,0.19,False,False
BGW-012,2,2020-01-02,56,81.23,988.1,95.9,3.56,3.59,76.1,0.831,0.484,75.1,0.353,48.56,12282.0,6.47,0.179,False,False
BGW-012,2,2020-01-03,57,80.4,1013.3,97.0,3.53,3.57,80.2,0.828,0.476,74.22,0.344,48.7,12277.2,6.32,0.185,False,False
BGW-012,2,2020-01-04,58,79.59,1038.6,94.8,3.49,3.54,79.1,0.825,0.469,70.55,0.368,44.6,12366.4,6.2,0.191,False,False
BGW-012,2,2020-01-05,59,78.8,1064.1,97.4,4.87,3.51,75.0,0.777,0.436,94.02,0.386,57.74,12170.8,7.82,0.434,False,False
BGW-012,2,2020-01-06,60,78.03,1089.6,97.2,3.32,3.48,81.7,0.82,0.454,66.65,0.37,42.02,12332.4,6.0,0.202,False,False
BGW-012,2,2020-01-07,61,77.27,1115.2,96.2,3.35,3.46,73.8,0.817,0.447,65.56,0.366,41.53,12445.5,5.88,0.208,False,False
BGW-012,2,2020-01-08,62,76.54,1140.9,98.4,3.29,3.43,83.8,0.814,0.44,64.72,0.384,39.88,12388.5,6.0,0.214,False,False
BGW-012,2,2020-01-09,63,75.82,1166.7,93.3,4.52,3.4,71.5,0.773,0.413,79.27,0.409,46.85,12115.2,7.44,0.416,False,False
BGW-012,2,2020-01-10,64,75.12,1192.5,96.5,3.4,3.38,75.2,0.807,0.426,63.46,0.382,39.21,12442.2,6.12,0.228,False,False
BGW-012,2,2020-01-11,65,74.44,1218.3,93.4,3.36,3.35,81.6,0.804,0.42,59.85,0.419,34.79,11936.2,6.13,0.233,False,False
BGW-012,2,2020-01-12,66,73.77,1244.2,92.6,3.22,3.33,82.4,0.802,0.413,56.05,0.437,31.55,12084.3,6.18,0.237,False,False
BGW-012,2,2020-01-13,67,73.12,1270.0,100.0,4.78,3.3,73.8,0.749,0.382,82.89,0.403,49.51,12491.6,7.97,0.501,True,False
BGW-012,2,2020-01-14,68,72.49,1295.9,96.5,3.59,3.28,74.4,0.785,0.395,62.22,0.444,34.62,12557.7,6.46,0.303,False,False
BGW-012,2,2020-01-15,69,71.87,1321.7,91.9,3.2,3.26,72.8,0.792,0.394,52.74,0.427,30.21,11985.0,5.9,0.255,False,False
BGW-012,2,2020-01-16,70,71.26,1347.5,96.5,3.38,3.23,70.8,0.785,0.386,57.23,0.407,33.95,12267.2,6.3,0.287,False,False
BGW-012,2,2020-01-17,71,70.68,1373.2,100.0,4.24,3.21,68.9,0.752,0.366,70.44,0.448,38.91,12820.4,7.51,0.446,False,False
BGW-012,2,2020-01-18,72,70.1,1398.8,91.5,3.04,3.19,82.0,0.783,0.377,47.71,0.456,25.95,12046.5,5.77,0.272,False,False
BGW-012,2,2020-01-19,73,69.54,1424.4,93.7,3.18,3.17,78.3,0.78,0.371,50.23,0.439,28.19,12200.8,6.03,0.281,False,False
BGW-012,2,2020-01-20,74,68.99,1449.9,92.4,3.27,3.15,79.4,0.773,0.364,49.92,0.466,26.65,11979.5,6.27,0.306,False,False
BGW-012,2,2020-01-21,75,68.46,1475.4,91.1,3.28,3.12,79.5,0.769,0.358,48.58,0.419,28.23,12079.4,6.02,0.317,False,False
BGW-012,2,2020-01-22,76,67.94,1500.7,91.4,3.2,3.1,77.7,0.768,0.353,47.03,0.441,26.3,12139.5,5.88,0.313,False,False
BGW-012,2,2020-01-23,77,67.43,1525.9,94.4,3.04,3.08,73.9,0.769,0.35,45.63,0.45,25.09,12297.0,6.14,0.301,False,False
BGW-012,2,2020-01-24,78,66.93,1550.9,100.0,4.36,3.06,69.5,0.722,0.325,64.49,0.464,34.57,12498.1,7.38,0.535,True,False
BGW-012,2,2020-01-25,79,66.45,1575.8,94.9,2.95,3.04,69.6,0.763,0.34,43.17,0.456,23.5,12134.6,5.97,0.313,False,False
BGW-012,2,2020-01-26,80,65.97,1600.6,100.0,4.38,3.02,68.8,0.715,0.315,62.64,0.45,34.46,12861.5,7.32,0.555,True,False
BGW-012,2,2020-01-27,81,65.51,1625.2,98.2,3.39,3.01,67.0,0.744,0.325,49.05,0.47,25.99,12517.2,6.39,0.391,False,False
BGW-012,2,2020-01-28,82,65.06,1649.7,89.2,3.66,2.99,71.3,0.732,0.316,46.83,0.441,26.16,12068.5,6.32,0.447,False,False
BGW-012,2,2020-01-29,83,64.62,1674.0,92.1,2.92,2.97,78.1,0.751,0.321,39.25,0.474,20.62,12135.5,5.74,0.335,False,False
BGW-012,2,2020-01-30,84,64.19,1698.1,92.4,2.98,2.95,74.1,0.748,0.316,39.54,0.484,20.39,12086.3,5.91,0.345,False,False
BGW-012,2,2020-01-31,85,63.77,1722.0,95.7,3.55,2.93,69.1,0.725,0.304,46.9,0.452,25.7,12505.5,6.75,0.453,True,False
BGW-012,2,2020-02-01,86,63.37,1745.7,91.7,2.78,2.92,68.9,0.743,0.308,35.7,0.497,17.95,12518.4,5.48,0.351,False,False
BGW-012,2,2020-02-02,87,62.97,1769.2,92.0,2.91,2.9,70.5,0.74,0.304,37.01,0.475,19.42,12069.9,5.61,0.358,False,False
BGW-012,2,2020-02-03,88,62.58,1792.5,92.5,2.76,2.89,73.7,0.738,0.3,34.82,0.482,18.03,12190.3,5.39,0.362,False,False
BGW-012,2,2020-02-04,89,62.2,1815.6,98.7,3.58,2.87,66.2,0.711,0.287,46.1,0.512,22.48,12276.1,6.35,0.492,True,False
BGW-012,2,2020-02-05,90,61.83,1838.5,93.2,3.08,2.85,71.5,0.725,0.289,37.8,0.491,19.23,12066.4,5.59,0.413,False,False
BGW-012,2,2020-02-06,91,61.47,1861.2,88.8,2.89,2.84,71.0,0.728,0.288,33.58,0.508,16.52,11831.2,5.34,0.386,False,False
BGW-012,2,2020-02-07,92,61.12,1883.6,92.2,2.71,2.82,75.9,0.727,0.285,32.35,0.51,15.84,12005.4,5.15,0.383,False,False
BGW-012,2,2020-02-08,93,60.77,1905.8,88.7,2.88,2.81,69.1,0.722,0.281,32.62,0.538,15.07,12230.2,5.73,0.4,False,False
BGW-012,2,2020-02-09,94,60.44,1927.7,98.8,4.0,2.8,62.5,0.682,0.263,47.15,0.549,21.29,12360.6,7.05,0.603,True,False
BGW-012,2,2020-02-10,95,60.11,1949.4,89.8,2.87,2.78,71.5,0.716,0.274,32.05,0.51,15.72,11751.7,5.42,0.412,False,False
BGW-012,2,2020-02-11,96,59.79,1970.9,97.4,3.78,2.77,69.3,0.683,0.259,43.32,0.514,21.04,12481.5,6.69,0.579,True,False
BGW-012,2,2020-02-12,97,59.48,1992.1,91.3,2.85,2.75,70.2,0.711,0.267,31.66,0.554,14.12,12241.2,5.78,0.425,False,False
BGW-012,2,2020-02-13,98,59.17,2013.0,92.3,2.64,2.74,69.0,0.712,0.266,29.44,0.54,13.55,12219.0,5.45,0.412,False,False
BGW-012,2,2020-02-14,99,58.88,2033.7,88.1,2.74,2.73,68.1,0.709,0.262,28.8,0.547,13.05,12153.5,5.52,0.419,False,False
BGW-012,2,2020-02-15,100,58.59,2054.1,91.9,2.62,2.72,73.4,0.707,0.26,28.39,0.545,12.93,12274.0,5.23,0.421,False,False
BGW-012,2,2020-02-16,101,58.3,2074.3,87.6,2.61,2.7,67.4,0.705,0.257,26.73,0.543,12.21,12153.1,5.39,0.426,False,False
BGW-012,2,2020-02-17,102,58.03,2094.2,88.4,2.8,2.69,64.2,0.699,0.253,28.48,0.526,13.5,12032.6,5.58,0.45,True,False
BGW-012,2,2020-02-18,103,57.76,2113.8,89.4,3.68,2.68,61.7,0.667,0.239,35.82,0.551,16.08,12045.6,6.29,0.61,True,False
BGW-012,2,2020-02-19,104,57.5,2133.2,87.9,2.78,2.67,72.8,0.694,0.247,27.53,0.571,11.82,11907.5,5.16,0.459,True,False
BGW-012,2,2020-02-20,105,57.24,2152.3,92.7,3.42,2.66,69.1,0.67,0.237,34.18,0.55,15.37,12305.6,6.2,0.577,True,False
BGW-012,2,2020-02-21,106,56.99,2171.2,87.6,2.55,2.65,69.3,0.693,0.244,24.74,0.583,10.32,12008.0,5.41,0.448,False,False
BGW-012,2,2020-02-22,107,56.75,2189.7,86.6,3.53,2.64,62.4,0.661,0.231,32.11,0.577,13.6,11899.2,6.04,0.609,True,False
BGW-012,2,2020-02-23,108,56.51,2208.0,90.6,2.74,2.63,63.3,0.685,0.238,26.78,0.563,11.7,11917.8,5.27,0.475,True,False
BGW-012,2,2020-02-24,109,56.28,2226.1,91.1,2.57,2.62,68.9,0.687,0.237,25.14,0.559,11.08,12280.2,5.31,0.46,True,False
BGW-012,2,2020-02-25,110,56.05,2243.8,90.2,2.64,2.61,69.8,0.684,0.234,25.32,0.564,11.03,12365.9,5.42,0.47,True,False
BGW-012,2,2020-02-26,111,55.83,2261.3,90.2,2.71,2.6,70.1,0.679,0.231,25.67,0.586,10.63,12115.6,5.63,0.489,True,False
BGW-012,2,2020-02-27,112,55.61,2278.5,92.2,3.46,2.59,59.9,0.652,0.22,31.97,0.58,13.42,12113.5,6.04,0.626,True,False
BGW-012,2,2020-02-28,113,55.4,2295.5,89.8,2.72,2.58,63.6,0.674,0.227,25.11,0.597,10.11,12107.6,5.52,0.5,True,False
BGW-012,2,2020-02-29,114,55.2,2312.2,86.3,2.63,2.57,64.0,0.675,0.225,23.21,0.606,9.15,12205.2,5.43,0.49,True,False
BGW-012,2,2020-03-01,115,54.99,2328.6,85.6,2.65,2.56,62.1,0.672,0.223,22.98,0.612,8.91,12127.4,5.41,0.499,True,False
BGW-012,2,2020-03-02,116,54.8,2344.8,87.1,2.53,2.55,62.2,0.673,0.222,22.28,0.582,9.32,11760.4,5.38,0.487,True,False
BGW-012,2,2020-03-03,117,54.61,2360.6,87.9,2.48,2.55,64.0,0.671,0.22,21.83,0.609,8.55,12035.2,4.99,0.491,True,False
BGW-012,2,2020-03-04,118,54.42,2376.3,88.8,2.57,2.54,61.1,0.668,0.218,22.64,0.62,8.6,12008.2,5.45,0.501,True,False
BGW-012,2,2020-03-05,119,54.24,2391.6,85.4,2.45,2.53,68.0,0.668,0.217,20.57,0.625,7.72,11796.6,5.35,0.498,True,False
BGW-012,2,2020-03-06,120,54.06,2406.8,89.6,2.61,2.52,60.3,0.663,0.214,22.76,0.616,8.75,11960.3,5.13,0.516,True,False
BGW-012,2,2020-03-07,121,53.89,2421.6,84.6,3.31,2.51,61.5,0.638,0.205,26.08,0.59,10.7,11773.6,5.81,0.64,True,False
BGW-012,2,2020-03-08,122,53.72,2436.2,89.6,2.38,2.51,64.3,0.662,0.212,20.53,0.635,7.5,12056.4,5.38,0.5,True,False
BGW-012,2,2020-03-09,123,53.55,2450.5,85.1,2.51,2.5,60.9,0.661,0.21,20.36,0.645,7.24,12225.7,5.39,0.501,True,False
BGW-012,2,2020-03-10,124,53.39,2464.6,86.0,2.49,2.49,61.9,0.659,0.209,20.29,0.632,7.46,11956.1,5.22,0.5,True,False
BGW-012,2,2020-03-11,125,53.24,2478.5,88.3,2.55,2.49,66.1,0.656,0.206,21.08,0.653,7.32,12194.0,5.51,0.511,True,False
BGW-012,2,2020-03-12,126,53.08,2492.1,87.1,3.45,2.48,57.5,0.623,0.195,26.71,0.655,9.21,12010.4,6.38,0.671,True,False
BGW-012,2,2020-03-13,127,52.93,2505.4,87.2,2.76,2.47,61.8,0.645,0.201,22.03,0.674,7.18,11991.9,5.29,0.551,True,False
BGW-012,2,2020-03-14,128,52.79,2518.5,89.4,3.01,2.47,63.6,0.635,0.197,24.1,0.683,7.64,12392.2,6.02,0.595,True,False
BGW-012,2,2020-03-15,129,52.65,2531.4,94.0,3.34,2.46,56.7,0.622,0.192,27.46,0.664,9.23,12158.8,6.32,0.654,True,False
BGW-012,2,2020-03-16,130,52.51,2544.0,83.3,2.59,2.45,65.1,0.645,0.199,19.47,0.686,6.12,12123.8,5.36,0.523,True,False
BGW-012,2,2020-03-17,131,52.37,2556.4,83.8,2.46,2.45,66.3,0.648,0.199,18.6,0.629,6.91,12027.7,5.17,0.502,True,False
BGW-012,2,2020-03-18,132,52.24,2568.6,92.7,3.39,2.44,59.7,0.615,0.188,26.85,0.685,8.46,12229.1,6.13,0.666,True,False
BGW-012,2,2020-03-19,133,52.11,2580.5,84.8,2.4,2.44,62.0,0.646,0.196,18.16,0.654,6.28,12083.7,5.08,0.5,True,False
BGW-012,2,2020-03-20,134,51.98,2592.2,88.2,2.39,2.43,62.4,0.644,0.195,18.73,0.683,5.93,12220.6,5.23,0.5,True,False
BGW-012,2,2020-03-21,135,51.86,2603.7,87.0,3.41,2.43,57.3,0.61,0.184,24.84,0.682,7.9,11809.0,6.14,0.673,True,False
BGW-012,2,2020-03-22,136,51.74,2615.0,89.4,2.78,2.42,57.4,0.63,0.189,21.4,0.674,6.97,12225.9,5.63,0.563,True,False
BGW-012,2,2020-03-23,137,51.62,2626.1,86.8,2.36,2.41,63.3,0.64,0.192,17.87,0.705,5.28,12128.9,4.93,0.5,True,False
BGW-012,2,2020-03-24,138,51.51,2636.9,86.2,2.54,2.41,58.3,0.635,0.189,18.84,0.638,6.81,12190.8,5.42,0.523,True,False
BGW-012,2,2020-03-25,139,51.4,2647.5,91.2,3.3,2.4,56.2,0.608,0.181,24.73,0.694,7.56,12087.7,6.17,0.657,True,False
BGW-012,3,2020-04-05,1,189.52,80.3,100.0,6.5,5.21,85.9,0.857,0.771,227.85,0.129,198.47,12137.5,9.64,0.226,False,False
BGW-012,3,2020-04-06,2,186.28,85.1,100.0,6.5,5.2,89.1,0.857,0.77,227.34,0.127,198.55,12270.1,9.91,0.228,False,False
BGW-012,3,2020-04-07,3,183.12,90.1,97.0,5.19,5.18,91.7,0.9,0.807,184.56,0.16,154.95,12074.0,7.99,0.001,False,False
BGW-012,3,2020-04-08,4,180.03,95.4,99.5,5.35,5.17,92.8,0.894,0.8,193.59,0.19,156.87,12238.2,8.33,0.032,False,False
BGW-012,3,2020-04-09,5,177.01,100.9,100.0,4.92,5.15,84.5,0.9,0.804,179.63,0.188,145.8,12105.1,7.75,0.0,False,False
BGW-012,3,2020-04-10,6,174.06,106.7,100.0,5.23,5.13,83.0,0.897,0.799,190.08,0.183,155.35,12209.4,8.17,0.018,False,False
BGW-012,3,2020-04-11,7,171.18,112.7,100.0,5.21,5.12,87.1,0.897,0.797,188.9,0.195,152.08,12119.8,8.07,0.017,False,False
BGW-012,3,2020-04-12,8,168.36,119.0,99.7,5.04,5.1,86.8,0.9,0.798,182.12,0.243,137.86,12003.0,7.96,0.0,False,False
BGW-012,3,2020-04-13,9,165.61,125.7,95.0,5.93,5.08,86.8,0.871,0.771,197.58,0.234,151.28,12049.6,8.8,0.15,False,False
BGW-012,3,2020-04-14,10,162.92,132.6,99.1,5.22,5.06,85.0,0.895,0.79,185.56,0.252,138.71,12162.9,8.15,0.027,False,False
BGW-012,3,2020-04-15,11,160.29,139.8,100.0,6.31,5.04,83.8,0.858,0.754,216.5,0.261,159.99,12185.0,9.51,0.223,False,False
BGW-012,3,2020-04-16,12,157.72,147.3,97.1,4.86,5.02,81.6,0.9,0.789,169.28,0.298,118.8,11715.2,7.8,0.0,False,False
BGW-012,3,2020-04-17,13,155.2,155.1,98.4,5.16,5.0,91.6,0.895,0.782,180.32,0.259,133.67,12264.8,8.3,0.027,False,False
BGW-012,3,2020-04-18,14,152.75,163.2,97.8,4.89,4.98,86.1,0.9,0.784,170.61,0.309,117.89,11628.6,7.51,0.0,False,False
BGW-012,3,2020-04-19,15,150.35,171.7,98.2,4.73,4.96,85.6,0.9,0.781,164.86,0.291,116.84,12248.0,7.93,0.0,False,False
BGW-012,3,2020-04-20,16,148.0,180.5,95.6,6.5,4.93,87.3,0.848,0.733,206.98,0.308,143.33,12141.5,9.68,0.274,False,False
BGW-012,3,2020-04-21,17,145.71,189.6,100.0,5.03,4.91,84.6,0.896,0.772,176.4,0.306,122.35,12213.3,7.95,0.021,False,False
BGW-012,3,2020-04-22,18,143.47,199.1,97.7,4.67,4.89,85.1,0.9,0.772,159.94,0.347,104.44,12264.0,7.86,0.0,False,False
BGW-012,3,2020-04-23,19,141.28,208.9,100.0,4.9,4.86,84.1,0.899,0.768,170.82,0.325,115.29,12361.6,8.1,0.008,False,False
BGW-012,3,2020-04-24,20,139.14,219.1,98.2,4.83,4.84,88.9,0.9,0.765,164.82,0.317,112.55,12091.3,7.69,0.004,False,False
BGW-012,3,2020-04-25,21,137.05,229.7,100.0,5.7,4.81,91.0,0.871,0.737,190.74,0.366,120.98,12530.3,8.87,0.161,False,False
BGW-012,3,2020-04-26,22,135.0,240.6,98.6,6.5,4.79,88.4,0.843,0.71,206.76,0.335,137.51,12111.7,9.55,0.309,False,False
BGW-012,3,2020-04-27,23,133.01,251.8,100.0,4.6,4.76,88.5,0.9,0.754,157.65,0.408,93.31,12186.9,7.55,0.012,False,False
BGW-012,3,2020-04-28,24,131.05,263.5,99.4,4.7,4.74,93.2,0.9,0.75,159.31,0.387,97.69,12122.8,7.66,0.014,False,False
BGW-012,3,2020-04-29,25,129.14,275.5,100.0,4.71,4.71,92.8,0.9,0.746,159.45,0.392,96.93,11984.2,7.21,0.017,False,False
BGW-012,3,2020-04-30,26,127.28,287.9,99.1,4.81,4.68,92.5,0.896,0.738,159.69,0.408,94.61,12165.0,7.69,0.042,False,False
BGW-012,3,2020-05-01,27,125.46,300.7,100.0,4.87,4.65,88.2,0.893,0.731,161.75,0.398,97.36,12067.7,7.85,0.06,False,False
BGW-012,3,2020-05-02,28,123.68,313.8,100.0,5.36,4.63,89.5,0.876,0.712,173.45,0.462,93.26,12510.3,8.37,0.154,False,False
BGW-012,3,2020-05-03,29,121.94,327.3,97.1,4.4,4.6,85.9,0.9,0.727,141.46,0.436,79.73,12260.8,7.39,0.029,False,False
BGW-012,3,2020-05-04,30,120.23,341.2,100.0,6.41,4.57,84.5,0.839,0.673,196.21,0.453,107.33,12308.9,9.47,0.355,False,False
BGW-012,3,2020-05-05,31,118.57,355.5,100.0,5.37,4.54,82.8,0.872,0.695,169.81,0.462,91.32,12357.8,8.57,0.181,False,False
BGW-012,3,2020-05-06,32,116.95,370.2,98.7,4.57,4.51,80.9,0.898,0.711,145.88,0.454,79.61,12072.6,7.11,0.05,False,False
BGW-012,3,2020-05-07,33,115.36,385.2,100.0,4.38,4.48,94.2,0.9,0.707,140.86,0.52,67.58,12042.6,7.2,0.042,False,False
BGW-012,3,2020-05-08,34,113.81,400.6,100.0,4.56,4.45,84.5,0.896,0.699,144.77,0.539,66.81,12259.5,7.43,0.064,False,False
BGW-012,3,2020-05-09,35,112.29,416.4,100.0,5.46,4.42,80.7,0.863,0.668,165.91,0.56,73.04,12446.6,8.6,0.232,False,False
BGW-012,3,2020-05-10,36,110.81,432.6,99.3,4.53,4.39,88.0,0.892,0.684,139.98,0.491,71.24,12089.9,7.3,0.077,False,False
BGW-012,3,2020-05-11,37,109.36,449.1,96.3,5.24,4.36,84.5,0.865,0.659,151.04,0.542,69.2,12064.5,8.48,0.21,False,False
BGW-012,3,2020-05-12,38,107.94,466.0,100.0,4.15,4.33,91.8,0.892,0.674,127.19,0.563,55.62,12049.1,6.85,0.06,False,False
BGW-012,3,2020-05-13,39,106.56,483.2,100.0,4.32,4.3,82.0,0.89,0.666,130.62,0.588,53.81,12158.8,7.13,0.067,False,False
BGW-012,3,2020-05-14,40,105.2,500.8,100.0,5.67,4.27,75.8,0.841,0.624,160.98,0.554,71.73,12339.5,8.84,0.314,False,False
BGW-012,3,2020-05-15,41,103.88,518.8,100.0,6.03,4.24,84.6,0.827,0.608,166.5,0.58,69.92,12176.6,9.31,0.385,False,False
BGW-012,3,2020-05-16,42,102.59,537.1,97.9,4.18,4.21,86.0,0.884,0.644,119.88,0.599,48.02,12439.0,7.18,0.077,False,False
BGW-012,3,2020-05-17,43,101.33,555.7,100.0,4.91,4.18,88.6,0.857,0.619,138.12,0.615,53.21,12288.6,7.79,0.209,False,False
BGW-012,3,2020-05-18,44,100.09,574.7,97.5,4.06,4.15,91.2,0.88,0.629,113.17,0.603,44.95,12053.4,6.83,0.085,False,False
BGW-012,3,2020-05-19,45,98.89,594.0,99.7,4.1,4.12,90.7,0.877,0.621,115.41,0.64,41.56,12248.4,6.93,0.09,False,False
BGW-012,3,2020-05-20,46,97.71,613.6,100.0,5.07,4.09,75.9,0.842,0.59,135.99,0.615,52.39,11880.1,7.99,0.266,False,False
BGW-012,3,2020-05-21,47,96.56,633.5,100.0,5.66,4.06,83.7,0.819,0.568,146.29,0.657,50.13,12210.6,8.7,0.379,False,False
BGW-012,3,2020-05-22,48,95.43,653.7,97.9,5.04,4.03,81.0,0.837,0.575,128.88,0.681,41.12,12335.8,8.15,0.28,False,False
BGW-012,3,2020-05-23,49,94.33,674.2,96.7,5.31,4.0,83.4,0.824,0.56,130.7,0.684,41.32,12042.1,8.19,0.337,False,False
BGW-012,3,2020-05-24,50,93.25,694.9,100.0,5.68,3.97,81.1,0.809,0.544,140.31,0.688,43.8,12508.4,9.12,0.411,False,False
BGW-012,3,2020-05-25,51,92.2,716.0,96.1,5.65,3.94,77.0,0.806,0.536,132.44,0.677,42.81,11947.6,8.4,0.418,False,False
BGW-012,4,2020-06-01,1,160.92,138.0,98.1,5.21,5.05,83.9,0.894,0.787,182.99,0.134,158.52,12122.5,8.09,0.03,False,False
BGW-012,4,2020-06-02,2,157.33,148.4,100.0,5.21,5.02,89.3,0.893,0.783,185.6,0.159,156.08,12030.6,8.02,0.034,False,False
BGW-012,4,2020-06-03,3,153.86,159.5,99.7,4.85,4.99,82.4,0.9,0.785,172.78,0.196,138.84,12236.4,8.02,0.0,False,False
BGW-012,4,2020-06-04,4,150.49,171.2,100.0,6.18,4.96,78.4,0.859,0.746,209.53,0.139,180.4,12092.1,9.02,0.214,False,False
BGW-012,4,2020-06-05,5,147.24,183.5,99.9,4.89,4.93,83.1,0.9,0.777,172.46,0.21,136.32,11943.7,7.92,0.0,False,False
BGW-012,4,2020-06-06,6,144.08,196.5,100.0,4.9,4.89,91.9,0.9,0.773,172.01,0.147,146.68,12304.2,7.74,0.001,False,False
BGW-012,4,2020-06-07,7,141.02,210.1,97.7,6.5,4.86,81.7,0.845,0.722,208.18,0.205,165.52,12030.1,9.42,0.289,False,False
BGW-012,4,2020-06-08,8,138.06,224.5,99.6,4.65,4.83,91.3,0.9,0.763,160.48,0.209,126.98,11947.8,7.68,0.006,False,False
BGW-012,4,2020-06-09,9,135.2,239.5,95.9,6.14,4.79,78.4,0.855,0.72,192.7,0.199,154.31,11911.6,8.93,0.245,False,False
BGW-012,4,2020-06-10,10,132.42,255.3,100.0,6.5,4.75,77.1,0.842,0.704,207.98,0.183,170.02,12056.8,9.49,0.318,False,False
BGW-012,4,2020-06-11,11,129.73,271.7,100.0,6.5,4.72,80.8,0.841,0.698,206.09,0.22,160.85,12038.5,9.46,0.328,False,False
BGW-012,4,2020-06-12,12,127.13,288.9,95.1,6.47,4.68,78.6,0.84,0.692,193.35,0.222,150.5,11928.0,9.56,0.333,False,False
BGW-012,4,2020-06-13,13,124.6,306.9,99.8,6.45,4.64,83.6,0.84,0.685,200.45,0.224,155.47,12175.7,9.76,0.341,False,False
BGW-012,4,2020-06-14,14,122.16,325.5,100.0,4.88,4.6,91.6,0.891,0.721,159.73,0.23,122.99,12121.4,7.81,0.077,False,False
BGW-012,4,2020-06-15,15,119.79,344.9,99.8,4.71,4.56,81.2,0.895,0.717,153.1,0.228,118.26,12380.4,7.6,0.058,False,False
BGW-012,4,2020-06-16,16,117.5,365.1,96.0,5.06,4.52,85.5,0.882,0.7,154.46,0.218,120.75,11959.5,8.01,0.131,False,False
BGW-012,4,2020-06-17,17,115.28,386.0,100.0,5.59,4.48,83.0,0.863,0.678,172.26,0.254,128.44,12560.1,8.76,0.237,False,False
BGW-012,4,2020-06-18,18,113.13,407.6,100.0,6.18,4.44,78.6,0.841,0.654,183.66,0.259,136.01,11931.0,9.05,0.352,False,False
BGW-012,4,2020-06-19,19,111.05,429.9,98.4,4.31,4.4,91.0,0.897,0.689,132.7,0.27,96.88,12157.1,6.98,0.052,False,False
BGW-012,4,2020-06-20,20,109.03,452.9,100.0,4.57,4.36,83.4,0.887,0.674,139.82,0.272,101.76,12268.9,7.61,0.094,False,False
BGW-012,4,2020-06-21,21,107.08,476.7,100.0,5.93,4.31,86.9,0.837,0.629,169.34,0.238,128.98,12227.7,9.02,0.345,False,False
BGW-012,4,2020-06-22,22,105.18,501.1,95.7,5.53,4.27,77.5,0.846,0.628,151.03,0.293,106.76,12115.8,8.46,0.29,False,False
BGW-012,4,2020-06-23,23,103.35,526.2,100.0,4.75,4.23,85.9,0.868,0.636,137.14,0.251,102.69,12218.2,7.87,0.165,False,False
BGW-012,4,2020-06-24,24,101.57,552.0,96.8,4.1,4.19,90.1,0.882,0.638,115.02,0.307,79.74,12159.7,7.13,0.08,False,False
BGW-012,4,2020-06-25,25,99.86,578.4,100.0,4.9,4.14,78.1,0.854,0.609,135.54,0.302,94.56,12225.6,7.79,0.218,False,False
BGW-012,4,2020-06-26,26,98.19,605.5,97.2,4.0,4.1,83.9,0.876,0.616,109.01,0.305,75.75,12457.9,7.05,0.092,False,False
BGW-012,4,2020-06-27,27,96.58,633.1,100.0,4.86,4.06,84.2,0.846,0.587,129.71,0.284,92.92,12731.5,7.92,0.239,False,False
BGW-012,4,2020-06-28,28,95.01,661.3,96.1,5.18,4.02,86.9,0.831,0.568,128.6,0.29,91.31,12327.0,8.24,0.309,False,False
BGW-012,4,2020-06-29,29,93.5,690.1,98.8,4.16,3.97,79.7,0.86,0.58,108.42,0.326,73.09,12330.3,7.09,0.144,False,False
BGW-012,4,2020-06-30,30,92.04,719.4,96.7,5.35,3.93,82.5,0.815,0.542,127.38,0.294,89.97,12338.3,8.62,0.366,False,False
BGW-012,4,2020-07-01,31,90.62,749.2,95.6,3.91,3.89,88.2,0.859,0.562,95.41,0.332,63.69,12173.4,6.89,0.127,False,False
BGW-012,4,2020-07-02,32,89.24,779.5,98.2,5.42,3.85,82.1,0.804,0.518,125.27,0.341,82.57,12087.3,8.19,0.406,False,False
BGW-012,4,2020-07-03,33,87.91,810.2,96.0,3.63,3.81,78.5,0.852,0.541,85.69,0.314,58.75,12109.5,6.55,0.139,False,False
BGW-012,4,2020-07-04,34,86.62,841.4,98.2,3.9,3.77,87.6,0.844,0.528,91.94,0.322,62.36,12366.2,6.78,0.169,False,False
BGW-012,4,2020-07-05,35,85.37,872.9,93.5,4.04,3.73,86.1,0.835,0.514,88.13,0.307,61.04,12237.1,6.83,0.207,False,False
BGW-012,4,2020-07-06,36,84.16,904.8,95.0,3.81,3.69,79.6,0.837,0.507,83.44,0.332,55.71,11970.4,6.65,0.181,False,False
BGW-012,4,2020-07-07,37,82.99,937.1,98.0,3.51,3.65,77.0,0.837,0.499,78.1,0.356,50.33,12234.2,6.34,0.168,False,False
BGW-012,4,2020-07-08,38,81.85,969.6,99.6,4.83,3.62,76.4,0.793,0.466,101.88,0.351,66.13,12303.7,8.02,0.388,False,False
BGW-012,4,2020-07-09,39,80.76,1002.4,97.2,3.73,3.58,76.3,0.825,0.477,78.51,0.377,48.88,12272.5,6.52,0.209,False,False
BGW-012,4,2020-07-10,40,79.69,1035.4,95.0,3.49,3.54,79.5,0.826,0.47,70.79,0.387,43.38,12274.4,6.32,0.19,False,False
BGW-012,4,2020-07-11,41,78.66,1068.6,99.3,4.58,3.51,80.7,0.786,0.44,90.93,0.418,52.96,12284.8,7.39,0.385,False,False
BGW-012,4,2020-07-12,42,77.66,1101.9,98.2,3.52,3.47,81.4,0.816,0.45,70.7,0.384,43.57,12028.9,6.24,0.214,False,False
BGW-012,4,2020-07-13,43,76.69,1135.4,93.5,3.65,3.44,75.7,0.807,0.438,67.82,0.4,40.72,12017.1,6.48,0.25,False,False
BGW-012,4,2020-07-14,44,75.76,1169.1,100.0,3.71,3.4,83.3,0.8,0.427,72.07,0.373,45.22,12436.2,6.56,0.275,False,False
BGW-012,4,2020-07-15,45,74.85,1202.7,95.5,4.22,3.37,74.4,0.778,0.409,74.93,0.38,46.45,12293.6,7.17,0.377,False,False
BGW-012,4,2020-07-16,46,73.97,1236.5,97.8,3.87,3.34,80.0,0.785,0.406,69.83,0.423,40.3,12360.1,6.76,0.329,False,False
BGW-012,4,2020-07-17,47,73.12,1270.2,91.6,4.68,3.3,68.4,0.753,0.384,74.65,0.398,44.98,11836.3,7.51,0.483,True,False
BGW-012,4,2020-07-18,48,72.29,1303.9,98.4,4.12,3.27,78.7,0.766,0.384,70.89,0.409,41.88,12311.4,7.08,0.399,False,False
BGW-012,4,2020-07-19,49,71.5,1337.6,97.4,4.45,3.24,77.3,0.75,0.371,73.11,0.443,40.74,12152.2,7.39,0.47,True,False
BGW-012,4,2020-07-20,50,70.72,1371.1,91.7,3.13,3.21,75.1,0.787,0.383,49.91,0.48,25.95,12086.8,5.77,0.266,False,False
BGW-012,4,2020-07-21,51,69.97,1404.6,95.3,3.1,3.18,81.9,0.783,0.375,50.4,0.455,27.44,12481.5,5.83,0.274,False,False
BGW-012,4,2020-07-22,52,69.25,1438.0,98.2,4.15,3.16,72.6,0.746,0.353,65.25,0.479,33.99,12455.0,7.12,0.455,True,False
BGW-012,4,2020-07-23,53,68.54,1471.2,91.0,3.01,3.13,71.3,0.775,0.361,44.89,0.454,24.52,12196.5,5.89,0.289,False,False
BGW-012,4,2020-07-24,54,67.86,1504.2,100.0,3.53,3.1,75.5,0.757,0.347,55.8,0.444,31.02,12364.0,6.49,0.372,False,False
BGW-012,4,2020-07-25,55,67.2,1537.0,98.5,3.63,3.07,67.8,0.749,0.339,55.08,0.457,29.91,12350.3,6.46,0.401,False,False
BGW-012,4,2020-07-26,56,66.57,1569.6,95.2,4.17,3.05,72.9,0.726,0.324,58.48,0.472,30.87,12245.9,7.11,0.507,True,False
BGW-012,4,2020-07-27,57,65.95,1602.0,91.1,3.12,3.02,73.5,0.757,0.333,43.0,0.495,21.73,12057.1,6.01,0.335,False,False
BGW-012,4,2020-07-28,58,65.35,1634.1,92.7,3.09,3.0,72.9,0.753,0.327,42.61,0.492,21.63,12152.3,5.9,0.342,False,False
BGW-012,4,2020-07-29,59,64.77,1665.9,89.8,3.03,2.98,68.2,0.751,0.322,39.77,0.542,18.21,12149.5,5.83,0.343,False,False
BGW-012,4,2020-07-30,60,64.21,1697.4,93.8,3.01,2.95,70.9,0.747,0.316,40.49,0.536,18.79,12154.9,5.72,0.35,False,False
BGW-012,4,2020-07-31,61,63.66,1728.5,98.4,3.4,2.93,71.5,0.729,0.305,46.3,0.512,22.61,12586.0,6.43,0.429,False,False
BGW-012,4,2020-08-01,62,63.13,1759.4,93.7,3.0,2.91,69.3,0.738,0.305,38.87,0.511,19.0,12170.6,5.66,0.37,False,False
BGW-012,4,2020-08-02,63,62.62,1789.9,89.7,2.77,2.89,66.5,0.738,0.301,33.92,0.536,15.72,12065.5,5.61,0.361,False,False
BGW-012,4,2020-08-03,64,62.13,1820.0,91.1,3.79,2.87,72.7,0.703,0.283,44.46,0.521,21.28,12232.5,6.63,0.53,True,False
BGW-012,4,2020-08-04,65,61.65,1849.7,93.4,2.79,2.85,74.9,0.731,0.291,34.48,0.531,16.18,11989.3,5.45,0.375,False,False
BGW-012,4,2020-08-05,66,61.19,1879.1,90.3,2.94,2.83,71.6,0.724,0.284,34.39,0.563,15.04,12171.4,5.64,0.402,False,False
BGW-012,4,2020-08-06,67,60.74,1908.1,99.2,3.0,2.81,74.6,0.718,0.279,37.74,0.526,17.87,12514.4,6.06,0.422,False,False
BGW-012,4,2020-08-07,68,60.3,1936.6,88.6,2.72,2.79,72.6,0.721,0.277,30.3,0.552,13.57,12020.6,5.61,0.395,False,False
BGW-012,4,2020-08-08,69,59.88,1964.8,91.1,2.77,2.77,75.1,0.717,0.273,31.22,0.56,13.74,12173.3,5.61,0.401,False,False
BGW-012,4,2020-08-09,70,59.47,1992.5,89.6,2.72,2.75,65.8,0.714,0.269,29.77,0.554,13.27,12311.9,5.5,0.407,False,False
BGW-012,4,2020-08-10,71,59.08,2019.7,90.4,2.78,2.74,69.9,0.71,0.264,30.19,0.545,13.74,11898.1,5.39,0.422,False,False
BGW-012,4,2020-08-11,72,58.69,2046.6,87.9,2.79,2.72,68.7,0.706,0.26,29.0,0.591,11.85,12156.2,5.55,0.432,False,False
BGW-012,4,2020-08-12,73,58.32,2073.0,89.4,2.63,2.71,70.1,0.705,0.257,27.44,0.588,11.31,12046.4,5.42,0.426,False,False
BGW-012,4,2020-08-13,74,57.96,2098.9,88.8,3.8,2.69,62.8,0.665,0.24,36.84,0.607,14.47,12150.4,6.71,0.626,True,False
BGW-012,4,2020-08-14,75,57.62,2124.4,93.5,3.4,2.68,63.1,0.675,0.241,34.85,0.6,13.96,12115.5,6.16,0.564,True,False
BGW-012,4,2020-08-15,76,57.28,2149.4,87.3,3.78,2.66,61.9,0.659,0.233,35.01,0.631,12.93,11970.6,6.7,0.639,True,False
BGW-012,4,2020-08-16,77,56.95,2174.0,88.9,3.23,2.65,62.7,0.674,0.237,30.87,0.615,11.88,12271.6,6.03,0.551,True,False
BGW-012,4,2020-08-17,78,56.64,2198.1,94.9,2.77,2.63,64.6,0.686,0.239,28.52,0.602,11.36,12392.6,5.57,0.478,True,False
BGW-012,4,2020-08-18,79,56.33,2221.8,91.1,2.53,2.62,66.3,0.687,0.237,24.87,0.627,9.27,12025.0,5.04,0.46,True,False
BGW-012,4,2020-08-19,80,56.03,2245.0,87.6,2.61,2.61,64.2,0.685,0.234,24.3,0.661,8.25,12101.8,5.51,0.465,True,False
BGW-012,4,2020-08-20,81,55.75,2267.8,92.2,3.39,2.59,61.2,0.655,0.222,31.64,0.628,11.76,12108.1,6.34,0.61,True,False
BGW-012,4,2020-08-21,82,55.47,2290.1,89.5,2.74,2.58,61.9,0.674,0.227,25.31,0.657,8.69,12208.8,5.77,0.503,True,False
BGW-012,4,2020-08-22,83,55.2,2311.9,86.1,2.59,2.57,61.9,0.676,0.226,22.92,0.681,7.32,12181.7,5.48,0.484,True,False
BGW-012,4,2020-08-23,84,54.94,2333.3,89.6,2.63,2.56,61.2,0.672,0.223,23.88,0.665,8.01,12287.5,5.4,0.498,True,False
BGW-012,4,2020-08-24,85,54.69,2354.2,88.6,2.57,2.55,65.3,0.671,0.221,22.86,0.639,8.26,12121.5,5.23,0.494,True,False
BGW-012,4,2020-08-25,86,54.44,2374.7,87.5,2.86,2.54,61.5,0.659,0.215,24.48,0.655,8.45,12117.4,5.61,0.551,True,False
BGW-012,4,2020-08-26,87,54.2,2394.7,85.1,2.62,2.53,61.0,0.664,0.215,21.85,0.676,7.07,12185.2,5.05,0.515,True,False
BGW-012,4,2020-08-27,88,53.97,2414.3,86.9,2.44,2.52,66.7,0.665,0.214,20.62,0.71,5.99,12067.7,5.11,0.5,True,False
BGW-012,4,2020-08-28,89,53.75,2433.5,88.5,2.54,2.51,64.6,0.662,0.212,21.65,0.656,7.45,12223.2,5.14,0.506,True,False
BGW-012,4,2020-08-29,90,53.54,2452.2,85.9,2.65,2.5,63.7,0.656,0.208,21.54,0.677,6.96,12055.1,5.14,0.526,True,False
BGW-012,4,2020-08-30,91,53.33,2470.5,87.9,2.37,2.49,66.9,0.658,0.208,19.72,0.692,6.07,11991.6,4.78,0.5,True,False
BGW-012,4,2020-08-31,92,53.12,2488.4,85.8,3.15,2.48,57.7,0.634,0.199,24.42,0.712,7.02,11922.5,5.78,0.616,True,False
BGW-013,1,2019-06-12,1,170.11,106.8,100.0,5.36,5.13,80.6,0.892,0.795,193.88,0.129,168.79,12197.9,8.38,0.041,False,False
BGW-013,1,2019-06-13,2,166.66,114.3,100.0,5.44,5.11,86.8,0.889,0.79,195.24,0.196,156.88,12200.6,8.74,0.057,False,False
BGW-013,1,2019-06-14,3,163.3,122.1,100.0,5.28,5.09,92.5,0.894,0.792,189.87,0.146,162.19,11998.9,8.04,0.033,False,False
BGW-013,1,2019-06-15,4,160.04,130.4,100.0,5.24,5.07,85.0,0.894,0.79,187.98,0.187,152.77,12143.8,8.3,0.03,False,False
BGW-013,1,2019-06-16,5,156.87,139.1,100.0,5.18,5.04,91.6,0.895,0.788,185.6,0.145,158.72,12033.1,8.07,0.025,False,False
BGW-013,1,2019-06-17,6,153.79,148.3,97.0,6.12,5.02,78.0,0.863,0.757,204.31,0.169,169.7,12023.9,9.35,0.193,False,False
BGW-013,1,2019-06-18,7,150.79,157.9,100.0,5.14,4.99,88.9,0.895,0.782,182.61,0.176,150.54,12298.2,8.06,0.026,False,False
BGW-013,1,2019-06-19,8,147.88,168.0,99.1,6.5,4.97,85.8,0.849,0.738,215.97,0.184,176.13,12142.6,9.78,0.269,False,False
BGW-013,1,2019-06-20,9,145.04,178.6,97.7,4.79,4.94,89.9,0.9,0.779,165.78,0.177,136.41,12075.4,7.87,0.0,False,False
BGW-013,1,2019-06-21,10,142.29,189.7,100.0,6.5,4.91,86.0,0.847,0.73,215.54,0.166,179.73,12399.8,9.8,0.278,False,False
BGW-013,1,2019-06-22,11,139.61,201.3,97.2,4.89,4.88,89.2,0.9,0.771,166.49,0.173,137.65,11932.9,7.68,0.002,False,False
BGW-013,1,2019-06-23,12,137.01,213.4,99.5,4.66,4.85,86.5,0.9,0.767,161.47,0.2,129.2,12200.2,7.4,0.003,False,False
BGW-013,1,2019-06-24,13,134.48,226.0,97.1,4.89,4.82,81.7,0.898,0.761,164.29,0.205,130.58,12078.2,7.64,0.018,False,False
BGW-013,1,2019-06-25,14,132.02,239.2,100.0,4.98,4.79,82.8,0.894,0.753,170.38,0.213,134.03,11856.9,7.52,0.042,False,False
BGW-013,1,2019-06-26,15,129.63,252.9,100.0,6.4,4.76,80.5,0.845,0.708,205.78,0.238,156.71,12012.2,9.55,0.298,False,False
BGW-013,1,2019-06-27,16,127.3,267.1,100.0,4.71,4.73,89.6,0.9,0.749,160.17,0.213,126.09,12046.6,7.94,0.015,False,False
BGW-013,1,2019-06-28,17,125.04,281.9,100.0,6.5,4.69,86.1,0.84,0.694,204.92,0.241,155.5,12224.4,9.65,0.334,False,False
BGW-013,1,2019-06-29,18,122.85,297.2,98.8,6.46,4.66,85.0,0.84,0.689,199.71,0.222,155.42,12110.8,9.22,0.336,False,False
BGW-013,1,2019-06-30,19,120.71,313.1,98.1,4.78,4.63,90.5,0.895,0.728,155.36,0.235,118.85,12186.7,7.63,0.053,False,False
BGW-013,1,2019-07-01,20,118.64,329.5,100.0,6.14,4.59,81.5,0.848,0.685,191.18,0.227,147.77,12307.2,9.54,0.3,False,False
BGW-013,1,2019-07-02,21,116.62,346.5,98.5,4.41,4.56,85.7,0.9,0.721,142.17,0.234,108.92,12303.9,7.65,0.033,False,False
BGW-013,1,2019-07-03,22,114.66,364.0,100.0,4.38,4.52,89.3,0.9,0.715,142.26,0.263,104.91,12437.6,7.34,0.037,False,False
BGW-013,1,2019-07-04,23,112.75,382.1,100.0,4.51,4.49,83.3,0.899,0.708,145.17,0.307,100.53,11967.8,7.15,0.046,False,False
BGW-013,1,2019-07-05,24,110.9,400.7,100.0,4.49,4.45,84.7,0.899,0.701,143.13,0.261,105.74,12134.6,7.56,0.053,False,False
BGW-013,1,2019-07-06,25,109.09,419.8,100.0,4.31,4.42,91.3,0.898,0.693,135.78,0.269,99.25,12299.5,7.4,0.05,False,False
BGW-013,1,2019-07-07,26,107.34,439.5,100.0,6.19,4.38,83.4,0.835,0.639,179.72,0.279,129.54,12333.9,9.27,0.371,False,False
BGW-013,1,2019-07-08,27,105.64,459.7,99.6,5.86,4.34,82.2,0.843,0.638,169.23,0.254,126.2,12138.6,8.73,0.324,False,False
BGW-013,1,2019-07-09,28,103.98,480.4,99.2,4.13,4.31,92.9,0.891,0.667,124.21,0.274,90.23,12178.9,6.89,0.064,False,False
BGW-013,1,2019-07-10,29,102.37,501.6,100.0,5.58,4.27,78.1,0.845,0.626,158.72,0.286,113.3,12304.8,8.69,0.297,False,False
BGW-013,1,2019-07-11,30,100.81,523.3,99.5,4.42,4.23,91.1,0.879,0.645,129.03,0.249,96.95,12183.9,7.32,0.107,False,False
BGW-013,1,2019-07-12,31,99.28,545.5,99.8,4.13,4.2,86.9,0.883,0.64,119.94,0.269,87.65,12377.3,7.04,0.079,False,False
BGW-013,1,2019-07-13,32,97.81,568.1,100.0,5.74,4.16,77.2,0.828,0.594,154.84,0.29,109.93,11855.5,8.62,0.36,False,False
BGW-013,1,2019-07-14,33,96.37,591.2,100.0,4.31,4.12,90.1,0.871,0.618,121.07,0.289,86.03,12183.1,7.36,0.122,False,False
BGW-013,1,2019-07-15,34,94.97,614.7,100.0,4.63,4.09,82.8,0.857,0.6,126.28,0.287,90.08,12305.4,7.6,0.189,False,False
BGW-013,1,2019-07-16,35,93.61,638.7,100.0,4.89,4.05,78.0,0.844,0.584,129.85,0.291,92.09,12243.0,8.05,0.247,False,False
BGW-013,1,2019-07-17,36,92.29,663.1,100.0,4.12,4.01,81.1,0.866,0.592,110.8,0.302,77.31,12356.2,6.93,0.124,False,False
BGW-013,1,2019-07-18,37,91.01,687.8,98.0,3.96,3.98,84.4,0.866,0.585,103.15,0.347,67.36,12003.6,6.72,0.111,False,False
BGW-013,1,2019-07-19,38,89.76,713.0,98.6,3.8,3.94,83.9,0.863,0.576,97.91,0.291,69.4,11976.9,6.67,0.117,False,False
BGW-013,1,2019-07-20,39,88.54,738.5,99.0,3.9,3.91,85.3,0.861,0.566,99.45,0.334,66.24,12107.6,6.95,0.122,False,False
BGW-013,1,2019-07-21,40,87.36,764.3,100.0,4.72,3.87,86.2,0.829,0.539,115.48,0.342,76.03,12176.6,7.57,0.276,False,False
BGW-013,1,2019-07-22,41,86.22,790.5,100.0,4.67,3.84,79.1,0.827,0.53,112.59,0.32,76.58,12590.8,7.64,0.281,False,False
BGW-013,1,2019-07-23,42,85.1,816.9,96.7,4.77,3.8,78.2,0.819,0.518,108.62,0.327,73.06,11927.6,7.58,0.309,False,False
BGW-013,1,2019-07-24,43,84.02,843.6,98.9,3.82,3.77,81.2,0.847,0.529,90.68,0.34,59.86,12238.6,6.78,0.155,False,False
BGW-013,1,2019-07-25,44,82.97,870.6,99.3,3.71,3.73,86.0,0.845,0.521,87.26,0.357,56.13,12313.0,6.56,0.152,False,False
BGW-013,1,2019-07-26,45,81.94,897.8,100.0,4.72,3.7,78.2,0.808,0.491,105.38,0.356,67.83,12392.0,7.9,0.337,False,False
BGW-013,1,2019-07-27,46,80.95,925.2,100.0,3.91,3.67,87.2,0.831,0.498,88.53,0.36,56.64,12698.2,6.78,0.207,False,False
BGW-013,1,2019-07-28,47,79.98,952.9,94.6,5.0,3.63,72.3,0.79,0.468,100.56,0.369,63.48,12133.0,8.22,0.41,False,False
BGW-013,1,2019-07-29,48,79.04,980.7,95.3,4.1,3.6,83.6,0.816,0.476,84.53,0.368,53.42,12509.5,7.01,0.264,False,False
BGW-013,1,2019-07-30,49,78.12,1008.6,94.9,3.5,3.57,82.4,0.829,0.478,72.08,0.352,46.74,12125.4,6.15,0.184,False,False
BGW-013,1,2019-07-31,50,77.23,1036.7,97.0,4.82,3.54,77.1,0.783,0.445,94.61,0.339,62.57,12353.0,7.69,0.415,False,False
BGW-013,1,2019-08-01,51,76.37,1064.9,100.0,4.04,3.51,79.6,0.805,0.451,82.78,0.404,49.34,12430.1,7.08,0.289,False,False
BGW-013,1,2019-08-02,52,75.53,1093.2,98.9,4.68,3.48,75.4,0.779,0.431,90.71,0.374,56.76,12423.8,7.54,0.413,False,False
BGW-013,1,2019-08-03,53,74.71,1121.5,98.4,4.35,3.45,75.3,0.786,0.429,83.39,0.393,50.59,12449.3,7.8,0.366,False,False
BGW-013,1,2019-08-04,54,73.92,1149.9,97.7,3.32,3.42,83.5,0.813,0.438,64.6,0.403,38.58,12257.1,6.23,0.216,False,False
BGW-013,1,2019-08-05,55,73.14,1178.3,100.0,4.66,3.39,77.4,0.767,0.408,86.32,0.385,53.12,12227.1,7.71,0.444,False,False
BGW-013,1,2019-08-06,56,72.39,1206.7,96.9,3.48,3.36,74.1,0.802,0.421,64.5,0.392,39.2,12344.4,6.35,0.249,False,False
BGW-013,1,2019-08-07,57,71.66,1235.2,100.0,3.91,3.34,70.8,0.783,0.406,72.1,0.402,43.15,12347.7,6.95,0.336,False,False
BGW-013,1,2019-08-08,58,70.95,1263.5,92.3,3.33,3.31,71.9,0.799,0.408,57.0,0.403,34.01,12271.1,6.14,0.245,False,False
BGW-013,1,2019-08-09,59,70.26,1291.9,91.9,3.91,3.28,71.0,0.775,0.391,63.89,0.406,37.92,12174.4,6.76,0.358,False,False
BGW-013,1,2019-08-10,60,69.59,1320.1,94.4,3.27,3.26,74.7,0.792,0.395,55.33,0.378,34.4,12267.4,6.01,0.256,False,False
BGW-013,1,2019-08-11,61,68.94,1348.3,100.0,3.85,3.23,77.5,0.769,0.378,66.23,0.443,36.86,12403.7,6.69,0.37,False,False
BGW-013,1,2019-08-12,62,68.31,1376.4,93.8,3.2,3.21,81.1,0.786,0.382,52.02,0.413,30.54,12142.0,6.25,0.267,False,False
BGW-013,1,2019-08-13,63,67.69,1404.4,91.5,3.24,3.18,78.0,0.781,0.375,50.48,0.416,29.48,12135.7,5.83,0.283,False,False
BGW-013,1,2019-08-14,64,67.09,1432.2,96.9,4.05,3.16,67.7,0.75,0.355,63.31,0.429,36.12,12038.3,6.87,0.435,False,False
BGW-013,1,2019-08-15,65,66.51,1459.9,95.5,3.23,3.14,75.6,0.773,0.362,50.74,0.422,29.34,12028.1,5.93,0.303,False,False
BGW-013,1,2019-08-16,66,65.95,1487.4,92.6,3.03,3.11,73.6,0.773,0.358,45.61,0.417,26.57,12173.1,5.88,0.293,False,False
BGW-013,1,2019-08-17,67,65.4,1514.7,95.9,3.08,3.09,77.0,0.77,0.352,47.27,0.455,25.77,11894.8,5.76,0.299,False,False
BGW-013,1,2019-08-18,68,64.86,1541.9,100.0,3.98,3.07,75.6,0.736,0.333,60.18,0.444,33.48,12337.7,7.11,0.464,True,False
BGW-013,1,2019-08-19,69,64.34,1568.8,93.3,4.18,3.05,67.8,0.726,0.324,57.48,0.425,33.04,12029.9,7.26,0.509,True,False
BGW-013,1,2019-08-20,70,63.84,1595.5,91.3,3.04,3.03,78.8,0.76,0.336,42.38,0.446,23.46,11921.4,5.77,0.32,False,False
BGW-013,1,2019-08-21,71,63.34,1622.0,90.0,3.1,3.01,72.3,0.754,0.329,41.82,0.499,20.95,12141.8,5.81,0.34,False,False
BGW-013,1,2019-08-22,72,62.87,1648.3,93.5,2.98,2.99,76.4,0.754,0.326,41.21,0.458,22.35,12165.1,5.57,0.329,False,False
BGW-013,1,2019-08-23,73,62.4,1674.2,96.3,4.12,2.97,72.7,0.713,0.305,54.96,0.502,27.35,12388.9,7.11,0.537,True,False
BGW-013,1,2019-08-24,74,61.95,1700.0,92.7,4.03,2.95,64.3,0.712,0.301,51.1,0.485,26.33,12358.3,7.12,0.53,True,False
BGW-013,1,2019-08-25,75,61.51,1725.5,93.1,3.02,2.93,70.8,0.743,0.311,39.63,0.48,20.62,12189.3,5.7,0.361,False,False
BGW-013,1,2019-08-26,76,61.09,1750.6,94.0,3.96,2.91,66.5,0.708,0.293,49.57,0.484,25.58,12440.6,7.11,0.536,True,False
BGW-013,1,2019-08-27,77,60.67,1775.5,92.4,2.83,2.9,73.3,0.74,0.303,36.05,0.523,17.21,12299.7,5.45,0.358,False,False
BGW-013,1,2019-08-28,78,60.27,1800.1,90.9,2.76,2.88,73.3,0.737,0.299,34.13,0.506,16.85,12329.9,5.55,0.364,False,False
BGW-013,1,2019-08-29,79,59.88,1824.5,92.2,2.8,2.86,66.3,0.734,0.295,34.6,0.489,17.68,12109.1,5.65,0.369,False,False
BGW-013,1,2019-08-30,80,59.49,1848.5,92.9,2.8,2.85,70.5,0.731,0.291,34.33,0.504,17.04,12294.0,5.74,0.375,False,False
BGW-013,1,2019-08-31,81,59.12,1872.1,88.7,2.77,2.83,68.8,0.728,0.287,32.04,0.45,17.6,12067.5,5.44,0.38,False,False
BGW-013,1,2019-09-01,82,58.76,1895.5,91.7,3.75,2.82,68.5,0.694,0.271,42.42,0.489,21.69,11982.1,6.38,0.549,True,False
BGW-013,1,2019-09-02,83,58.41,1918.6,88.8,2.75,2.8,70.5,0.723,0.28,31.11,0.498,15.63,12192.4,5.75,0.391,False,False
BGW-013,1,2019-09-03,84,58.07,1941.3,93.4,3.5,2.79,69.0,0.696,0.267,39.67,0.516,19.19,12262.2,6.48,0.52,True,False
BGW-013,1,2019-09-04,85,57.74,1963.7,93.1,3.73,2.77,71.0,0.686,0.261,41.15,0.52,19.75,12092.7,6.46,0.568,True,False
BGW-013,1,2019-09-05,86,57.42,1985.7,89.6,2.73,2.76,70.9,0.715,0.27,29.99,0.503,14.9,11996.5,5.45,0.406,False,False
BGW-013,1,2019-09-06,87,57.11,2007.5,93.2,3.53,2.75,64.7,0.686,0.257,38.34,0.533,17.89,12189.9,6.52,0.548,True,False
BGW-013,1,2019-09-07,88,56.8,2028.9,94.2,3.04,2.73,64.2,0.7,0.259,33.79,0.543,15.43,12367.9,5.96,0.47,True,False
BGW-013,1,2019-09-08,89,56.51,2049.9,88.0,2.61,2.72,72.6,0.708,0.26,27.22,0.534,12.69,11998.6,5.44,0.42,False,False
BGW-013,1,2019-09-09,90,56.22,2070.6,91.3,2.78,2.71,64.6,0.703,0.256,29.6,0.543,13.54,12287.7,5.64,0.438,False,False
BGW-013,1,2019-09-10,91,55.94,2091.0,89.0,2.67,2.69,73.1,0.703,0.255,27.48,0.535,12.78,12079.9,5.07,0.43,False,False
BGW-013,1,2019-09-11,92,55.67,2111.0,95.0,3.37,2.68,66.6,0.678,0.244,35.42,0.581,14.84,12308.0,6.29,0.554,True,False
BGW-013,1,2019-09-12,93,55.41,2130.7,91.8,3.4,2.67,61.6,0.674,0.24,34.08,0.592,13.91,12042.8,6.33,0.565,True,False
BGW-013,1,2019-09-13,94,55.15,2150.0,86.9,2.72,2.66,62.5,0.694,0.246,26.45,0.565,11.52,11708.9,5.33,0.454,True,False
BGW-013,1,2019-09-14,95,54.9,2169.0,86.9,3.23,2.65,65.3,0.674,0.237,30.26,0.574,12.89,12024.1,6.13,0.549,True,False
BGW-013,1,2019-09-15,96,54.66,2187.7,97.2,3.14,2.64,64.8,0.675,0.236,32.72,0.61,12.76,12763.8,6.29,0.54,True,False
BGW-013,1,2019-09-16,97,54.42,2206.0,89.7,3.07,2.63,65.3,0.674,0.234,29.34,0.588,12.08,12275.9,6.1,0.534,True,False
BGW-013,1,2019-09-17,98,54.19,2224.0,94.3,3.04,2.62,69.2,0.673,0.232,30.24,0.599,12.14,12401.2,6.18,0.534,True,False
BGW-013,1,2019-09-18,99,53.97,2241.7,88.6,3.2,2.61,64.6,0.665,0.228,29.38,0.614,11.33,12119.7,5.96,0.568,True,False
BGW-013,1,2019-09-19,100,53.76,2259.0,85.9,2.89,2.6,68.6,0.673,0.229,25.89,0.6,10.36,11845.4,5.74,0.519,True,False
BGW-013,1,2019-09-20,101,53.54,2276.0,89.7,2.94,2.59,67.2,0.67,0.226,27.13,0.606,10.7,12143.5,5.92,0.533,True,False
BGW-013,1,2019-09-21,102,53.34,2292.6,86.1,2.48,2.58,65.8,0.679,0.228,22.2,0.6,8.89,12113.1,5.35,0.476,True,False
BGW-013,1,2019-09-22,103,53.14,2308.9,86.9,2.68,2.57,61.1,0.674,0.225,23.86,0.598,9.58,11973.4,5.21,0.499,True,False
BGW-013,1,2019-09-23,104,52.95,2324.9,87.8,2.47,2.56,67.9,0.675,0.225,22.14,0.635,8.09,12356.2,5.01,0.483,True,False
BGW-013,1,2019-09-24,105,52.76,2340.6,87.2,2.65,2.56,68.0,0.671,0.222,23.27,0.636,8.47,12092.0,5.43,0.503,True,False
BGW-013,1,2019-09-25,106,52.58,2356.0,92.1,3.68,2.55,63.2,0.634,0.208,32.09,0.653,11.13,12242.8,6.66,0.688,True,False
BGW-013,1,2019-09-26,107,52.4,2371.0,89.8,2.75,2.54,67.2,0.663,0.217,24.35,0.61,9.48,11869.7,5.19,0.531,True,False
BGW-013,1,2019-09-27,108,52.23,2385.8,89.1,2.43,2.53,61.4,0.668,0.217,21.38,0.641,7.67,12115.2,5.45,0.497,True,False
BGW-013,1,2019-09-28,109,52.06,2400.2,86.5,3.33,2.52,61.1,0.64,0.207,27.1,0.657,9.3,12075.1,5.94,0.64,True,False
BGW-013,1,2019-09-29,110,51.9,2414.3,87.2,2.45,2.52,63.0,0.665,0.214,20.75,0.661,7.03,12333.1,5.27,0.5,True,False
BGW-013,1,2019-09-30,111,51.74,2428.1,86.4,2.88,2.51,63.8,0.651,0.209,23.62,0.594,9.59,12404.0,5.52,0.565,True,False
BGW-013,1,2019-10-01,112,51.58,2441.7,87.2,3.11,2.5,64.0,0.642,0.205,25.19,0.671,8.28,11997.7,5.93,0.605,True,False
BGW-013,1,2019-10-02,113,51.43,2454.9,86.7,2.4,2.5,66.0,0.66,0.21,19.81,0.667,6.6,12185.0,5.16,0.5,True,False
BGW-013,1,2019-10-03,114,51.29,2467.8,87.9,2.52,2.49,65.4,0.658,0.208,20.91,0.669,6.91,12224.4,5.11,0.505,True,False
BGW-013,1,2019-10-04,115,51.14,2480.5,88.4,2.58,2.48,66.0,0.654,0.206,21.35,0.64,7.69,12215.2,5.13,0.517,True,False
BGW-013,1,2019-10-05,116,51.01,2492.9,88.9,2.43,2.48,68.1,0.656,0.206,20.19,0.65,7.06,12117.5,5.18,0.5,True,False
BGW-013,1,2019-10-06,117,50.87,2505.0,87.9,3.1,2.47,57.5,0.634,0.198,24.48,0.647,8.64,12231.5,6.12,0.61,True,False
BGW-013,1,2019-10-07,118,50.74,2516.8,85.1,2.62,2.47,67.2,0.648,0.201,20.38,0.735,5.39,11677.2,5.27,0.527,True,False
BGW-013,1,2019-10-08,119,50.62,2528.4,88.3,3.45,2.46,57.2,0.619,0.192,26.54,0.693,8.13,11817.4,6.31,0.674,True,False
BGW-013,1,2019-10-09,120,50.49,2539.7,85.1,2.5,2.46,60.8,0.649,0.2,19.36,0.706,5.69,12218.8,5.07,0.508,True,False
BGW-013,1,2019-10-10,121,50.37,2550.8,87.1,2.43,2.45,63.7,0.649,0.199,19.21,0.697,5.83,12066.6,5.33,0.5,True,False
BGW-013,1,2019-10-11,122,50.26,2561.6,92.5,2.92,2.45,61.8,0.632,0.193,23.76,0.705,7.01,12586.9,5.6,0.584,True,False
BGW-013,2,2019-10-24,1,139.83,200.3,99.9,5.05,4.88,89.4,0.894,0.767,175.83,0.107,157.07,12080.3,7.84,0.029,False,False
BGW-013,2,2019-10-25,2,135.9,218.8,99.8,4.95,4.84,93.3,0.896,0.762,171.01,0.173,141.37,12221.0,8.14,0.023,False,False
BGW-013,2,2019-10-26,3,132.13,238.6,97.7,5.52,4.79,84.8,0.876,0.738,180.98,0.21,142.92,12043.1,8.49,0.136,False,False
BGW-013,2,2019-10-27,4,128.52,259.6,100.0,4.79,4.74,92.8,0.898,0.75,163.36,0.162,136.82,12197.3,7.74,0.022,False,False
BGW-013,2,2019-10-28,5,125.06,281.8,96.1,5.01,4.7,86.5,0.89,0.735,160.77,0.154,136.06,12144.8,7.97,0.073,False,False
BGW-013,2,2019-10-29,6,121.75,305.3,97.4,5.58,4.64,81.4,0.869,0.71,175.31,0.163,146.79,12233.1,8.66,0.187,False,False
BGW-013,2,2019-10-30,7,118.58,330.0,96.9,6.18,4.59,85.5,0.847,0.684,186.21,0.163,155.87,11965.3,9.05,0.308,False,False
BGW-013,2,2019-10-31,8,115.54,356.0,100.0,4.39,4.54,93.9,0.9,0.717,143.28,0.239,108.97,12302.5,7.5,0.035,False,False
BGW-013,2,2019-11-01,9,112.63,383.3,98.6,5.54,4.49,80.8,0.865,0.68,168.95,0.17,140.26,12386.0,8.71,0.226,False,False
BGW-013,2,2019-11-02,10,109.84,411.8,98.0,5.91,4.43,78.4,0.849,0.659,173.57,0.203,138.32,12480.5,9.13,0.308,False,False
BGW-013,2,2019-11-03,11,107.16,441.5,98.4,5.64,4.38,80.6,0.853,0.652,164.29,0.196,132.06,12411.1,9.0,0.275,False,False
BGW-013,2,2019-11-04,12,104.6,472.5,97.9,4.43,4.32,88.8,0.888,0.668,131.61,0.173,108.83,12138.9,7.23,0.081,False,False
BGW-013,2,2019-11-05,13,102.15,504.6,100.0,5.45,4.27,81.9,0.848,0.628,155.48,0.199,124.55,11902.9,8.4,0.276,False,False
BGW-013,2,2019-11-06,14,99.8,537.8,100.0,4.21,4.21,82.5,0.884,0.644,123.15,0.187,100.08,12143.8,7.1,0.077,False,False
BGW-013,2,2019-11-07,15,97.55,572.1,100.0,5.71,4.15,86.6,0.828,0.593,153.76,0.237,117.31,12014.0,8.66,0.357,False,False
BGW-013,2,2019-11-08,16,95.39,607.5,100.0,4.08,4.1,79.0,0.876,0.616,114.06,0.207,90.5,12353.4,6.79,0.093,False,False
BGW-013,2,2019-11-09,17,93.33,643.9,98.5,4.04,4.04,83.7,0.872,0.601,108.81,0.205,86.47,12073.8,7.08,0.101,False,False
BGW-013,2,2019-11-10,18,91.35,681.2,97.1,5.4,3.99,75.0,0.82,0.556,132.27,0.223,102.83,12382.5,8.67,0.356,False,False
BGW-013,2,2019-11-11,19,89.45,719.3,100.0,4.13,3.93,79.6,0.856,0.569,106.73,0.205,84.8,12375.6,6.99,0.152,False,False
BGW-013,2,2019-11-12,20,87.63,758.3,96.3,3.82,3.88,78.6,0.858,0.559,93.44,0.2,74.77,12357.1,6.68,0.127,False,False
BGW-013,2,2019-11-13,21,85.89,798.0,100.0,3.78,3.83,88.9,0.854,0.545,93.61,0.22,73.03,12347.2,6.7,0.136,False,False
BGW-013,2,2019-11-14,22,84.23,838.4,97.8,5.04,3.77,80.5,0.807,0.505,113.18,0.216,88.78,12294.1,8.11,0.367,False,False
BGW-013,2,2019-11-15,23,82.63,879.4,99.8,3.84,3.72,79.1,0.84,0.515,89.73,0.24,68.17,12458.4,6.84,0.175,False,False
BGW-013,2,2019-11-16,24,81.1,920.9,97.5,3.82,3.67,85.5,0.834,0.502,84.83,0.257,63.05,12457.1,6.85,0.189,False,False
BGW-013,2,2019-11-17,25,79.63,962.9,99.2,4.89,3.62,81.2,0.792,0.466,102.93,0.263,75.86,12429.9,7.94,0.395,False,False
BGW-013,2,2019-11-18,26,78.23,1005.3,93.8,3.45,3.58,79.5,0.829,0.479,70.36,0.236,53.79,12251.4,6.28,0.183,False,False
BGW-013,2,2019-11-19,27,76.88,1047.9,94.4,3.57,3.53,74.4,0.823,0.465,71.24,0.263,52.53,12478.9,6.5,0.199,False,False
BGW-013,2,2019-11-20,28,75.6,1090.8,100.0,4.16,3.48,78.5,0.797,0.441,83.36,0.269,60.9,12623.0,7.34,0.32,False,False
BGW-013,2,2019-11-21,29,74.36,1133.9,98.1,3.28,3.44,81.1,0.814,0.442,64.58,0.216,50.66,12566.9,6.18,0.212,False,False
BGW-013,2,2019-11-22,30,73.18,1177.0,99.7,4.54,3.39,74.2,0.771,0.41,84.39,0.309,58.31,12526.2,7.57,0.422,False,False
BGW-013,2,2019-11-23,31,72.04,1220.2,96.8,3.24,3.35,77.0,0.804,0.419,59.76,0.279,43.06,12423.8,5.86,0.232,False,False
BGW-013,2,2019-11-24,32,70.96,1263.3,94.4,3.2,3.31,79.8,0.799,0.409,56.05,0.262,41.34,12032.9,5.73,0.242,False,False
BGW-013,2,2019-11-25,33,69.92,1306.3,100.0,3.46,3.27,79.9,0.788,0.395,62.15,0.278,44.89,12218.0,6.24,0.285,False,False
BGW-013,2,2019-11-26,34,68.92,1349.1,92.8,3.41,3.23,80.2,0.783,0.385,55.45,0.265,40.77,12200.8,6.28,0.293,False,False
BGW-013,2,2019-11-27,35,67.97,1391.7,96.5,3.13,3.19,74.3,0.784,0.378,51.95,0.312,35.74,12527.7,6.22,0.271,False,False
BGW-013,2,2019-11-28,36,67.05,1434.0,96.1,3.03,3.16,80.7,0.779,0.369,48.81,0.273,35.47,11714.1,5.45,0.28,False,False
BGW-013,2,2019-11-29,37,66.18,1476.0,90.9,3.05,3.12,81.1,0.774,0.36,45.42,0.28,32.69,11804.3,5.61,0.29,False,False
BGW-013,2,2019-11-30,38,65.34,1517.5,92.3,3.13,3.09,71.1,0.768,0.351,46.02,0.265,33.81,12109.9,5.91,0.306,False,False
BGW-013,2,2019-12-01,39,64.54,1558.6,90.3,3.05,3.06,69.1,0.765,0.343,42.9,0.303,29.88,11980.4,5.85,0.309,False,False
BGW-013,2,2019-12-02,40,63.77,1599.2,92.8,2.89,3.03,72.4,0.76,0.335,40.89,0.314,28.03,11994.4,5.62,0.318,False,False
BGW-013,2,2019-12-03,41,63.03,1639.3,93.6,3.05,3.0,74.1,0.754,0.327,42.31,0.339,27.98,12209.9,5.93,0.336,False,False
BGW-013,2,2019-12-04,42,62.32,1678.8,91.9,2.92,2.97,69.1,0.751,0.32,39.08,0.327,26.3,12147.3,5.85,0.336,False,False
BGW-013,2,2019-12-05,43,61.64,1717.7,95.4,3.64,2.94,68.0,0.723,0.303,47.88,0.327,32.21,12297.5,6.55,0.468,True,False
BGW-013,2,2019-12-06,44,61.0,1756.0,91.6,2.88,2.91,74.8,0.742,0.306,36.76,0.358,23.6,11782.1,5.43,0.354,False,False
BGW-013,2,2019-12-07,45,60.37,1793.6,93.5,2.93,2.88,72.4,0.736,0.299,37.21,0.342,24.48,12272.5,5.9,0.369,False,False
BGW-013,2,2019-12-08,46,59.78,1830.5,88.6,2.9,2.86,74.9,0.732,0.293,34.27,0.341,22.6,11832.0,5.56,0.378,False,False
BGW-013,2,2019-12-09,47,59.21,1866.7,92.6,2.81,2.84,68.5,0.729,0.288,34.07,0.333,22.71,12231.7,5.5,0.379,False,False
BGW-013,2,2019-12-10,48,58.66,1902.2,90.9,2.82,2.81,73.2,0.725,0.282,32.84,0.305,22.83,11934.0,5.81,0.388,False,False
BGW-013,2,2019-12-11,49,58.14,1936.9,88.4,3.77,2.79,62.6,0.688,0.264,40.02,0.329,26.84,11986.0,6.52,0.566,True,False
BGW-013,2,2019-12-12,50,57.64,1970.9,87.7,2.68,2.77,68.8,0.717,0.272,29.02,0.378,18.05,12013.1,5.89,0.402,False,False
BGW-013,2,2019-12-13,51,57.16,2004.1,87.6,2.86,2.75,73.8,0.709,0.265,30.24,0.356,19.47,11985.3,5.54,0.43,False,False
BGW-013,2,2019-12-14,52,56.7,2036.5,90.3,2.77,2.73,72.4,0.708,0.262,29.75,0.355,19.19,12340.8,5.78,0.425,False,False
BGW-013,2,2019-12-15,53,56.26,2068.2,87.8,2.6,2.71,64.7,0.705,0.258,26.76,0.362,17.08,12088.5,5.37,0.425,False,False
BGW-013,2,2019-12-16,54,55.83,2099.0,88.5,2.81,2.69,63.5,0.698,0.252,28.43,0.403,16.98,12307.0,5.93,0.452,True,False
BGW-013,2,2019-12-17,55,55.43,2129.1,98.0,3.8,2.67,63.3,0.661,0.236,39.97,0.369,25.23,12467.9,6.64,0.636,True,False
BGW-013,2,2019-12-18,56,55.04,2158.4,86.5,2.77,2.66,63.7,0.691,0.244,26.61,0.344,17.46,11899.8,5.55,0.466,True,False
BGW-013,2,2019-12-19,57,54.67,2186.9,92.7,3.79,2.64,61.0,0.653,0.228,36.45,0.363,23.22,12293.9,6.36,0.653,True,False
BGW-013,2,2019-12-20,58,54.31,2214.6,87.8,2.7,2.62,63.6,0.686,0.237,25.55,0.401,15.3,12115.8,5.32,0.471,True,False
BGW-013,2,2019-12-21,59,53.97,2241.5,91.3,3.39,2.61,64.9,0.659,0.226,31.73,0.391,19.31,12269.0,6.28,0.6,True,False
BGW-013,2,2019-12-22,60,53.65,2267.7,96.7,2.93,2.59,70.1,0.671,0.228,29.31,0.381,18.14,12555.9,5.65,0.528,True,False
BGW-013,2,2019-12-23,61,53.33,2293.1,89.8,2.63,2.58,64.5,0.678,0.228,24.45,0.423,14.11,12216.1,5.33,0.484,True,False
BGW-013,2,2019-12-24,62,53.03,2317.7,90.7,3.61,2.57,62.3,0.642,0.214,31.8,0.392,19.34,12422.1,6.55,0.663,True,False
BGW-013,2,2019-12-25,63,52.75,2341.6,89.1,2.54,2.56,68.5,0.673,0.223,22.86,0.414,13.39,12392.7,5.34,0.487,True,False
BGW-013,2,2019-12-26,64,52.47,2364.8,94.4,3.41,2.54,58.7,0.642,0.21,30.8,0.405,18.31,12268.7,6.39,0.644,True,False
BGW-013,2,2019-12-27,65,52.21,2387.3,88.6,2.55,2.53,65.7,0.668,0.217,22.27,0.44,12.46,11934.2,5.29,0.5,True,False
BGW-013,2,2019-12-28,66,51.96,2409.0,87.2,2.4,2.52,66.4,0.666,0.215,20.46,0.414,11.99,12103.8,5.17,0.5,True,False
BGW-013,2,2019-12-29,67,51.71,2430.1,85.0,2.55,2.51,60.5,0.662,0.212,20.88,0.389,12.77,12024.2,5.33,0.507,True,False
BGW-013,2,2019-12-30,68,51.48,2450.4,89.3,2.5,2.5,59.5,0.661,0.21,21.35,0.435,12.06,11973.4,4.99,0.501,True,False
BGW-013,2,2019-12-31,69,51.26,2470.1,92.7,3.13,2.49,60.2,0.637,0.201,26.56,0.384,16.36,12653.6,5.88,0.612,True,False
BGW-013,2,2020-01-01,70,51.05,2489.2,93.3,2.73,2.48,61.0,0.648,0.203,23.54,0.411,13.86,12211.9,5.62,0.544,True,False
BGW-013,2,2020-01-02,71,50.85,2507.6,84.7,2.52,2.47,60.9,0.652,0.203,19.75,0.427,11.32,12042.9,5.16,0.509,True,False
BGW-013,2,2020-01-03,72,50.65,2525.3,94.8,3.3,2.46,63.2,0.624,0.193,27.51,0.452,15.09,12252.5,6.05,0.647,True,False
BGW-013,2,2020-01-04,73,50.46,2542.5,86.6,2.53,2.45,67.5,0.647,0.199,19.89,0.449,10.96,12285.4,5.25,0.514,True,False
BGW-013,2,2020-01-05,74,50.28,2559.1,84.4,3.19,2.45,60.0,0.623,0.191,23.41,0.449,12.9,11575.3,5.96,0.631,True,False
BGW-013,2,2020-01-06,75,50.11,2575.1,83.6,2.39,2.44,62.9,0.646,0.197,17.9,0.46,9.66,12164.9,4.95,0.5,True,False
BGW-013,2,2020-01-07,76,49.95,2590.5,88.4,2.49,2.43,62.9,0.643,0.195,19.48,0.417,11.35,12238.1,5.4,0.51,True,False
BGW-013,2,2020-01-08,77,49.79,2605.4,87.2,2.37,2.42,65.9,0.643,0.194,18.21,0.476,9.54,12162.5,5.27,0.5,True,False
BGW-013,2,2020-01-09,78,49.64,2619.8,83.8,2.48,2.42,58.2,0.639,0.192,18.15,0.468,9.66,12006.2,5.27,0.512,True,False
BGW-013,2,2020-01-10,79,49.5,2633.7,84.7,2.33,2.41,64.1,0.639,0.191,17.12,0.484,8.82,11987.2,5.32,0.5,True,False
BGW-013,2,2020-01-11,80,49.36,2647.0,83.5,2.42,2.4,63.4,0.637,0.19,17.45,0.477,9.13,11846.3,5.0,0.503,True,False
BGW-013,2,2020-01-12,81,49.22,2659.9,87.8,2.49,2.4,61.6,0.633,0.188,18.63,0.484,9.62,12255.4,5.39,0.516,True,False
BGW-013,2,2020-01-13,82,49.1,2672.2,84.3,2.35,2.39,57.2,0.635,0.187,16.89,0.461,9.11,11741.2,4.9,0.5,True,False
BGW-013,2,2020-01-14,83,48.98,2684.2,87.1,2.29,2.39,63.1,0.634,0.186,16.86,0.513,8.21,12081.4,4.76,0.5,True,False
BGW-013,2,2020-01-15,84,48.86,2695.7,86.6,3.14,2.38,62.1,0.607,0.178,21.97,0.5,10.99,12052.3,6.04,0.633,True,False
BGW-013,2,2020-01-16,85,48.75,2706.7,83.6,2.29,2.38,64.6,0.631,0.184,15.98,0.51,7.83,12013.2,5.03,0.5,True,False
BGW-013,2,2020-01-17,86,48.64,2717.4,91.0,2.84,2.37,61.7,0.614,0.179,20.95,0.477,10.96,12277.5,5.63,0.581,True,False
BGW-013,2,2020-01-18,87,48.54,2727.6,83.4,2.38,2.37,61.2,0.628,0.182,16.41,0.518,7.91,11933.0,5.0,0.502,True,False
BGW-013,2,2020-01-19,88,48.44,2737.5,86.1,2.29,2.36,63.1,0.627,0.181,16.23,0.497,8.17,12076.1,4.95,0.5,True,False
BGW-013,2,2020-01-20,89,48.35,2747.0,85.0,2.34,2.36,58.0,0.626,0.18,16.31,0.5,8.15,12278.0,5.07,0.5,True,False
BGW-013,2,2020-01-21,90,48.26,2756.1,84.0,2.29,2.36,61.2,0.625,0.179,15.69,0.502,7.82,11913.1,4.83,0.5,True,False
BGW-013,2,2020-01-22,91,48.17,2764.8,82.4,2.28,2.35,57.9,0.624,0.179,15.23,0.52,7.31,12002.0,4.98,0.5,True,False
BGW-013,2,2020-01-23,92,48.09,2773.3,81.0,3.23,2.35,54.6,0.594,0.169,20.15,0.483,10.41,11963.5,6.03,0.654,True,False
BGW-013,2,2020-01-24,93,48.01,2781.4,81.5,3.22,2.34,61.4,0.593,0.169,20.14,0.518,9.7,12032.3,6.06,0.653,True,False
BGW-013,2,2020-01-25,94,47.93,2789.2,83.1,2.58,2.34,60.8,0.613,0.174,16.94,0.52,8.14,11724.6,5.25,0.541,True,False
BGW-013,2,2020-01-26,95,47.86,2796.7,86.5,2.32,2.34,64.5,0.62,0.176,16.0,0.524,7.62,12033.7,5.12,0.5,True,False
BGW-013,2,2020-01-27,96,47.79,2803.9,89.5,2.62,2.34,62.1,0.61,0.172,18.39,0.536,8.53,12414.9,5.25,0.55,True,False
BGW-013,2,2020-01-28,97,47.72,2810.8,86.6,2.34,2.33,61.5,0.618,0.174,16.08,0.547,7.28,12171.9,5.27,0.502,True,False
BGW-013,2,2020-01-29,98,47.66,2817.4,84.1,2.36,2.33,57.8,0.617,0.174,15.64,0.569,6.75,11774.6,4.95,0.505,True,False
BGW-013,2,2020-01-30,99,47.6,2823.8,90.4,2.54,2.33,60.6,0.61,0.171,17.87,0.574,7.6,12251.6,4.99,0.537,True,False
BGW-013,2,2020-01-31,100,47.54,2829.9,83.6,2.63,2.32,60.7,0.606,0.17,17.0,0.568,7.34,12039.5,5.39,0.554,True,False
BGW-013,2,2020-02-01,101,47.48,2835.8,83.1,2.3,2.32,60.6,0.616,0.172,14.95,0.542,6.85,11959.0,5.2,0.5,True,False
BGW-013,2,2020-02-02,102,47.43,2841.5,83.1,2.43,2.32,56.4,0.611,0.171,15.68,0.547,7.1,11868.9,5.18,0.52,True,False
BGW-013,2,2020-02-03,103,47.38,2846.9,83.0,2.21,2.32,59.0,0.615,0.171,14.3,0.559,6.3,11824.9,4.73,0.5,True,False
BGW-013,2,2020-02-04,104,47.33,2852.1,81.1,3.36,2.31,55.6,0.579,0.161,19.94,0.621,7.56,12076.5,6.08,0.682,True,False
BGW-013,2,2020-02-05,105,47.28,2857.1,86.2,2.32,2.31,60.4,0.613,0.17,15.49,0.575,6.58,12221.2,5.33,0.502,True,False
BGW-013,2,2020-02-06,106,47.23,2861.9,83.3,2.4,2.31,60.1,0.61,0.169,15.35,0.581,6.43,11967.2,5.04,0.515,True,False
BGW-013,2,2020-02-07,107,47.19,2866.5,82.4,2.95,2.31,54.7,0.591,0.164,18.09,0.572,7.75,11837.1,5.74,0.613,True,False
BGW-013,2,2020-02-08,108,47.15,2870.9,89.3,2.5,2.31,59.6,0.605,0.167,17.0,0.596,6.86,12464.7,5.28,0.534,True,False
BGW-013,2,2020-02-09,109,47.11,2875.2,85.8,2.25,2.3,59.4,0.611,0.169,14.83,0.604,5.87,12076.9,4.76,0.5,True,False
BGW-013,2,2020-02-10,110,47.07,2879.2,84.1,2.4,2.3,56.7,0.607,0.168,15.39,0.582,6.43,12020.2,5.14,0.517,True,False
BGW-013,2,2020-02-11,111,47.03,2883.1,84.6,2.29,2.3,57.0,0.61,0.168,14.82,0.582,6.2,11968.5,4.74,0.5,True,False
BGW-013,2,2020-02-12,112,47.0,2886.9,85.8,2.41,2.3,63.1,0.606,0.167,15.68,0.606,6.18,11916.0,5.33,0.519,True,False
BGW-013,2,2020-02-13,113,46.97,2890.5,85.1,2.57,2.3,59.5,0.6,0.165,16.42,0.643,5.87,11959.7,5.34,0.548,True,False
BGW-013,2,2020-02-14,114,46.93,2893.9,86.0,2.34,2.3,56.0,0.608,0.167,15.24,0.603,6.05,12216.5,4.87,0.507,True,False
BGW-013,2,2020-02-15,115,46.9,2897.3,89.4,2.86,2.3,54.8,0.59,0.162,18.78,0.617,7.19,12226.1,5.5,0.598,True,False
BGW-013,2,2020-02-16,116,46.87,2900.4,91.3,2.91,2.29,55.7,0.588,0.161,19.49,0.569,8.39,12438.4,5.94,0.609,True,False
BGW-013,2,2020-02-17,117,46.85,2903.5,86.2,2.19,2.29,58.2,0.608,0.166,14.25,0.605,5.63,12231.1,4.77,0.5,True,False
BGW-013,2,2020-02-18,118,46.82,2906.4,87.4,3.08,2.29,52.6,0.581,0.159,19.47,0.62,7.39,12246.0,6.03,0.638,True,False
BGW-013,2,2020-02-19,119,46.79,2909.2,90.0,3.26,2.29,59.4,0.575,0.157,20.97,0.607,8.24,12341.1,6.07,0.67,True,False
BGW-013,2,2020-02-20,120,46.77,2911.9,81.6,2.97,2.29,55.3,0.584,0.16,17.56,0.664,5.9,11914.0,5.6,0.618,True,False
BGW-013,2,2020-02-21,121,46.74,2914.5,84.5,2.22,2.29,62.0,0.607,0.166,14.12,0.607,5.56,12211.7,4.88,0.5,True,False
BGW-013,2,2020-02-22,122,46.72,2916.9,86.6,2.96,2.29,60.1,0.584,0.159,18.54,0.677,5.98,11991.3,5.93,0.618,True,False
BGW-013,2,2020-02-23,123,46.7,2919.3,87.7,3.1,2.29,53.7,0.579,0.158,19.51,0.647,6.89,12236.7,5.9,0.643,True,False
BGW-013,2,2020-02-24,124,46.68,2921.6,82.5,2.32,2.29,60.3,0.605,0.165,14.34,0.668,4.76,11759.8,5.06,0.507,True,False
BGW-013,2,2020-02-25,125,46.66,2923.8,82.9,2.3,2.28,59.4,0.605,0.165,14.26,0.621,5.4,11986.0,4.86,0.503,True,False
BGW-013,2,2020-02-26,126,46.64,2925.9,86.1,2.36,2.28,59.3,0.603,0.164,15.16,0.683,4.8,12143.3,5.29,0.514,True,False
BGW-013,2,2020-02-27,127,46.62,2927.9,83.8,2.23,2.28,59.8,0.605,0.164,13.98,0.658,4.79,11894.1,4.79,0.5,True,False
BGW-013,2,2020-02-28,128,46.6,2929.8,84.7,2.22,2.28,60.0,0.605,0.164,14.07,0.722,3.91,12099.3,5.18,0.5,True,False
BGW-013,2,2020-02-29,129,46.59,2931.6,87.6,3.21,2.28,54.0,0.574,0.156,19.89,0.646,7.04,12008.5,6.14,0.662,True,False
BGW-013,2,2020-03-01,130,46.57,2933.4,84.1,2.78,2.28,54.9,0.588,0.159,16.94,0.693,5.2,11879.1,5.47,0.588,True,False
BGW-013,2,2020-03-02,131,46.55,2935.1,89.0,2.47,2.28,56.2,0.598,0.162,16.19,0.674,5.28,12203.8,5.42,0.533,True,False
BGW-013,2,2020-03-03,132,46.54,2936.7,86.2,2.2,2.28,57.5,0.604,0.164,14.13,0.68,4.52,11965.8,5.19,0.5,True,False
BGW-013,2,2020-03-04,133,46.52,2938.3,82.2,2.25,2.28,56.9,0.604,0.164,13.72,0.672,4.51,12042.5,5.08,0.5,True,False
BGW-013,2,2020-03-05,134,46.51,2939.8,82.5,2.34,2.28,61.5,0.601,0.163,14.31,0.7,4.29,12075.6,5.05,0.512,True,False
BGW-013,2,2020-03-06,135,46.5,2941.2,86.2,2.25,2.28,60.6,0.604,0.163,14.42,0.691,4.46,12134.6,5.03,0.5,True,False
BGW-013,2,2020-03-07,136,46.49,2942.5,84.9,2.3,2.28,59.5,0.603,0.163,14.46,0.698,4.36,12070.0,5.18,0.504,True,False
BGW-013,3,2020-03-19,1,138.56,206.1,100.0,5.06,4.87,90.9,0.894,0.764,175.81,0.144,150.51,12252.2,8.05,0.035,False,False
BGW-013,3,2020-03-20,2,135.03,223.2,100.0,6.5,4.83,78.6,0.844,0.717,211.67,0.154,179.02,11880.9,9.21,0.298,False,False
BGW-013,3,2020-03-21,3,131.63,241.4,97.0,4.91,4.79,84.6,0.896,0.754,163.14,0.191,132.02,12133.3,7.9,0.031,False,False
BGW-013,3,2020-03-22,4,128.36,260.5,98.1,4.59,4.74,83.2,0.9,0.751,153.54,0.2,122.91,11943.4,7.34,0.014,False,False
BGW-013,3,2020-03-23,5,125.22,280.7,97.1,4.91,4.7,84.7,0.893,0.738,159.88,0.171,132.46,12328.4,7.59,0.056,False,False
BGW-013,3,2020-03-24,6,122.2,301.9,100.0,5.74,4.65,82.5,0.864,0.707,184.35,0.165,153.92,12254.3,8.81,0.214,False,False
BGW-013,3,2020-03-25,7,119.29,324.2,97.6,4.43,4.6,89.5,0.9,0.729,143.16,0.189,116.11,12115.3,7.09,0.028,False,False
BGW-013,3,2020-03-26,8,116.5,347.5,100.0,4.49,4.56,81.6,0.9,0.72,146.97,0.191,118.91,12491.7,7.51,0.034,False,False
BGW-013,3,2020-03-27,9,113.81,371.9,100.0,6.19,4.51,87.3,0.844,0.667,187.83,0.199,150.47,12300.1,9.49,0.334,False,False
BGW-013,3,2020-03-28,10,111.23,397.3,100.0,4.41,4.46,89.5,0.9,0.703,140.9,0.207,111.78,12375.2,7.28,0.045,False,False
BGW-013,3,2020-03-29,11,108.74,423.7,100.0,4.92,4.41,84.0,0.88,0.679,151.74,0.229,116.98,12288.4,8.02,0.14,False,False
BGW-013,3,2020-03-30,12,106.35,451.1,100.0,6.11,4.36,87.5,0.836,0.636,176.42,0.171,146.3,12591.7,9.43,0.363,False,False
BGW-013,3,2020-03-31,13,104.05,479.5,100.0,4.18,4.31,89.9,0.891,0.668,126.8,0.205,100.8,12309.5,7.07,0.064,False,False
BGW-013,3,2020-04-01,14,101.83,508.9,95.3,4.54,4.26,92.1,0.878,0.649,127.41,0.213,100.26,11787.9,7.48,0.119,False,False
BGW-013,3,2020-04-02,15,99.71,539.2,100.0,4.26,4.21,81.7,0.882,0.642,124.34,0.218,97.29,12322.7,7.13,0.087,False,False
BGW-013,3,2020-04-03,16,97.66,570.4,97.1,3.97,4.16,83.7,0.88,0.63,110.54,0.218,86.49,12020.1,6.77,0.084,False,False
BGW-013,3,2020-04-04,17,95.69,602.4,100.0,4.38,4.11,88.2,0.867,0.611,121.61,0.242,92.15,12138.7,7.43,0.139,False,False
BGW-013,3,2020-04-05,18,93.8,635.3,100.0,5.52,4.06,82.9,0.824,0.571,143.26,0.24,108.82,12119.9,8.66,0.355,False,False
BGW-013,3,2020-04-06,19,91.98,669.0,100.0,4.33,4.01,88.0,0.858,0.584,115.1,0.247,86.72,12021.8,7.27,0.164,False,False
BGW-013,3,2020-04-07,20,90.23,703.4,100.0,4.98,3.96,75.1,0.831,0.556,125.84,0.245,94.99,12379.6,7.74,0.293,False,False
BGW-013,3,2020-04-08,21,88.55,738.5,100.0,4.63,3.91,83.1,0.836,0.55,115.82,0.249,87.02,12019.1,7.76,0.249,False,False
BGW-013,3,2020-04-09,22,86.93,774.2,100.0,4.26,3.86,75.9,0.843,0.545,105.45,0.268,77.21,12252.5,7.07,0.201,False,False
BGW-013,3,2020-04-10,23,85.37,810.5,96.3,3.99,3.81,77.1,0.846,0.537,93.72,0.239,71.32,12190.8,6.93,0.17,False,False
BGW-013,3,2020-04-11,24,83.87,847.4,100.0,4.14,3.76,76.3,0.835,0.521,98.05,0.275,71.12,12391.5,7.02,0.214,False,False
BGW-013,3,2020-04-12,25,82.43,884.7,96.4,4.68,3.72,74.7,0.811,0.496,101.83,0.246,76.73,12258.7,7.45,0.324,False,False
BGW-013,3,2020-04-13,26,81.04,922.5,100.0,4.21,3.67,85.6,0.821,0.493,94.37,0.286,67.38,12389.9,7.22,0.259,False,False
BGW-013,3,2020-04-14,27,79.71,960.6,96.6,3.51,3.63,81.9,0.835,0.492,75.83,0.277,54.79,12348.5,6.31,0.173,False,False
BGW-013,3,2020-04-15,28,78.43,999.1,98.2,3.75,3.58,79.2,0.825,0.477,79.76,0.293,56.35,12574.6,6.43,0.21,False,False
BGW-013,3,2020-04-16,29,77.2,1037.8,95.2,3.58,3.54,86.2,0.824,0.468,72.57,0.288,51.65,11939.2,6.73,0.198,False,False
BGW-013,3,2020-04-17,30,76.01,1076.7,100.0,4.33,3.5,78.3,0.793,0.442,87.09,0.292,61.7,12668.1,7.51,0.345,False,False
BGW-013,3,2020-04-18,31,74.87,1115.8,95.7,3.36,3.46,77.6,0.816,0.447,65.23,0.317,44.57,12435.1,6.31,0.208,False,False
BGW-013,3,2020-04-19,32,73.78,1155.0,91.4,4.01,3.42,72.4,0.792,0.426,70.94,0.319,48.31,12140.6,7.05,0.321,False,False
BGW-013,3,2020-04-20,33,72.72,1194.2,98.9,3.93,3.38,77.6,0.789,0.416,73.58,0.308,50.93,12343.9,6.92,0.323,False,False
BGW-013,3,2020-04-21,34,71.71,1233.4,91.5,3.86,3.34,77.6,0.785,0.407,65.35,0.313,44.88,12191.5,6.63,0.326,False,False
BGW-013,3,2020-04-22,35,70.73,1272.6,94.4,3.27,3.3,80.4,0.798,0.406,56.98,0.331,38.12,12448.2,6.13,0.244,False,False
BGW-013,3,2020-04-23,36,69.79,1311.6,97.0,4.25,3.27,69.9,0.761,0.38,71.33,0.297,50.15,12382.5,7.08,0.426,False,False
BGW-013,3,2020-04-24,37,68.89,1350.5,96.2,3.12,3.23,77.7,0.789,0.388,52.9,0.329,35.49,12199.9,6.24,0.261,False,False
BGW-013,3,2020-04-25,38,68.02,1389.2,97.0,4.1,3.2,71.9,0.755,0.364,65.81,0.327,44.26,12116.6,6.98,0.428,False,False
BGW-013,3,2020-04-26,39,67.19,1427.7,91.0,3.08,3.16,74.4,0.78,0.37,47.22,0.374,29.57,11922.8,5.89,0.279,False,False
BGW-013,3,2020-04-27,40,66.39,1465.9,90.8,3.07,3.13,80.5,0.776,0.362,45.94,0.308,31.8,11837.6,6.2,0.288,False,False
BGW-013,3,2020-04-28,41,65.61,1503.8,98.0,3.41,3.1,71.4,0.761,0.35,53.02,0.322,35.97,12349.7,6.24,0.35,False,False
BGW-013,3,2020-04-29,42,64.87,1541.3,96.7,4.07,3.07,69.6,0.734,0.332,59.27,0.36,37.91,12399.6,7.33,0.479,True,False
BGW-013,3,2020-04-30,43,64.16,1578.4,95.1,3.14,3.04,79.3,0.759,0.338,45.79,0.374,28.68,12208.7,5.85,0.33,False,False
BGW-013,3,2020-05-01,44,63.47,1615.1,91.7,2.93,3.01,78.6,0.758,0.332,40.54,0.354,26.19,12024.4,5.74,0.322,False,False
BGW-013,3,2020-05-02,45,62.81,1651.3,91.4,4.31,2.99,68.9,0.71,0.306,54.78,0.371,34.43,12034.5,7.19,0.561,True,False
BGW-013,3,2020-05-03,46,62.18,1687.1,96.5,3.88,2.96,64.9,0.719,0.306,51.98,0.352,33.67,12042.8,6.56,0.499,True,False
BGW-013,3,2020-05-04,47,61.56,1722.3,89.5,2.84,2.93,70.6,0.746,0.312,36.04,0.393,21.88,11945.8,5.47,0.346,False,False
BGW-013,3,2020-05-05,48,60.98,1757.1,91.0,3.01,2.91,71.0,0.738,0.305,37.94,0.391,23.11,12118.0,5.64,0.371,False,False
BGW-013,3,2020-05-06,49,60.41,1791.3,90.9,2.79,2.89,66.8,0.738,0.3,34.63,0.385,21.32,12254.0,5.64,0.362,False,False
BGW-013,3,2020-05-07,50,59.87,1824.9,89.4,2.98,2.86,74.9,0.73,0.293,35.52,0.41,20.97,12353.6,5.54,0.39,False,False
BGW-013,3,2020-05-08,51,59.35,1857.9,89.6,2.77,2.84,70.1,0.73,0.289,32.62,0.365,20.73,11988.3,5.69,0.377,False,False
BGW-013,3,2020-05-09,52,58.84,1890.3,97.4,4.05,2.82,62.7,0.685,0.268,48.09,0.422,27.82,12144.1,7.17,0.6,True,False
BGW-013,3,2020-05-10,53,58.36,1922.2,91.4,3.46,2.8,68.0,0.701,0.271,38.86,0.414,22.77,12253.6,6.0,0.506,True,False
BGW-013,3,2020-05-11,54,57.89,1953.4,88.4,2.66,2.78,65.8,0.719,0.274,29.29,0.397,17.67,12020.0,5.35,0.398,False,False
BGW-013,3,2020-05-12,55,57.45,1983.9,87.6,3.3,2.76,65.1,0.697,0.263,34.56,0.432,19.63,12126.7,6.21,0.5,True,False
BGW-013,3,2020-05-13,56,57.02,2013.9,90.7,2.67,2.74,64.3,0.712,0.265,29.19,0.462,15.69,12110.0,5.39,0.412,False,False
BGW-013,3,2020-05-14,57,56.6,2043.1,90.9,2.85,2.72,69.6,0.704,0.26,30.61,0.446,16.96,12126.7,5.52,0.442,False,False
BGW-013,3,2020-05-15,58,56.21,2071.8,87.1,2.7,2.71,71.8,0.705,0.257,27.45,0.415,16.07,11864.3,5.44,0.425,False,False
BGW-013,3,2020-05-16,59,55.82,2099.8,89.6,2.66,2.69,65.6,0.702,0.253,27.48,0.419,15.96,12136.0,5.29,0.432,False,False
BGW-013,3,2020-05-17,60,55.46,2127.1,91.7,2.63,2.67,67.1,0.699,0.25,27.41,0.447,15.16,12022.7,5.3,0.438,False,False
BGW-013,3,2020-05-18,61,55.1,2153.8,90.4,2.57,2.66,62.7,0.695,0.246,25.98,0.475,13.64,12331.5,5.4,0.444,False,False
BGW-013,3,2020-05-19,62,54.76,2179.8,89.6,2.62,2.64,64.1,0.692,0.243,25.89,0.493,13.13,12160.2,5.48,0.45,False,False
BGW-013,3,2020-05-20,63,54.43,2205.2,87.7,3.47,2.63,63.4,0.661,0.23,31.73,0.461,17.09,12071.5,6.3,0.602,True,False
BGW-013,3,2020-05-21,64,54.12,2230.0,92.0,3.75,2.62,66.3,0.649,0.223,35.01,0.47,18.56,12382.6,6.69,0.66,True,False
BGW-013,3,2020-05-22,65,53.82,2254.1,89.1,2.59,2.6,64.1,0.684,0.233,24.49,0.467,13.05,12086.0,5.48,0.467,True,False
BGW-013,3,2020-05-23,66,53.52,2277.6,85.9,3.02,2.59,62.8,0.666,0.225,26.6,0.451,14.59,12108.1,5.56,0.548,True,False
BGW-013,3,2020-05-24,67,53.24,2300.4,94.5,3.59,2.58,59.9,0.645,0.216,33.32,0.497,16.77,12329.4,6.18,0.655,True,False
BGW-013,3,2020-05-25,68,52.98,2322.6,89.7,2.55,2.57,65.0,0.676,0.225,23.35,0.511,11.42,11906.2,5.19,0.482,True,False
BGW-013,3,2020-05-26,69,52.72,2344.3,85.2,2.62,2.55,66.3,0.671,0.221,22.49,0.524,10.71,12172.0,5.33,0.499,True,False
BGW-013,3,2020-05-27,70,52.47,2365.3,88.2,2.55,2.54,60.7,0.67,0.22,22.5,0.501,11.23,12210.7,5.4,0.494,True,False
BGW-013,3,2020-05-28,71,52.23,2385.7,94.5,3.29,2.53,66.8,0.643,0.209,29.58,0.491,15.07,12392.7,6.0,0.63,True,False
BGW-013,3,2020-05-29,72,52.0,2405.5,92.1,3.42,2.52,64.9,0.636,0.205,29.43,0.507,14.52,12276.2,6.18,0.658,True,False
BGW-013,3,2020-05-30,73,51.78,2424.8,85.9,2.45,2.51,64.8,0.664,0.213,20.4,0.524,9.71,11943.9,5.07,0.5,True,False
BGW-013,3,2020-05-31,74,51.56,2443.5,86.0,2.45,2.5,66.8,0.662,0.211,20.18,0.52,9.69,11860.4,4.91,0.5,True,False
BGW-013,3,2020-06-01,75,51.36,2461.6,85.7,2.59,2.49,62.3,0.656,0.208,21.0,0.524,10.0,11968.3,5.01,0.518,True,False
BGW-013,3,2020-06-02,76,51.16,2479.2,84.9,2.5,2.49,60.0,0.657,0.207,19.98,0.513,9.73,12224.0,5.18,0.503,True,False
BGW-013,3,2020-06-03,77,50.97,2496.3,92.6,2.72,2.48,62.2,0.647,0.203,23.22,0.526,11.0,12643.2,5.49,0.543,True,False
BGW-013,3,2020-06-04,78,50.79,2512.8,85.2,2.45,2.47,60.2,0.654,0.203,19.33,0.545,8.8,12055.7,5.11,0.5,True,False
BGW-013,3,2020-06-05,79,50.61,2528.8,85.0,2.38,2.46,63.8,0.652,0.202,18.53,0.545,8.43,12265.5,4.91,0.5,True,False
BGW-013,3,2020-06-06,80,50.44,2544.3,84.2,2.38,2.45,61.9,0.65,0.2,18.18,0.56,8.01,12100.8,5.2,0.5,True,False
BGW-013,3,2020-06-07,81,50.28,2559.4,85.2,2.43,2.45,65.5,0.648,0.199,18.7,0.547,8.47,12169.8,5.24,0.5,True,False
BGW-013,3,2020-06-08,82,50.13,2573.9,91.6,2.8,2.44,63.1,0.634,0.193,22.57,0.527,10.67,12259.7,5.41,0.564,True,False
BGW-013,3,2020-06-09,83,49.97,2588.0,94.5,3.4,2.43,57.1,0.613,0.186,27.12,0.546,12.31,12694.7,6.84,0.669,True,False
BGW-013,3,2020-06-10,84,49.83,2601.7,87.7,3.49,2.43,61.4,0.608,0.184,25.52,0.615,9.83,12255.0,6.38,0.686,True,False
BGW-013,3,2020-06-11,85,49.69,2614.9,93.2,2.84,2.42,56.7,0.628,0.189,22.71,0.595,9.19,12265.4,5.7,0.574,True,False
BGW-013,3,2020-06-12,86,49.56,2627.6,85.4,2.54,2.41,59.7,0.636,0.19,18.77,0.581,7.87,11915.8,5.36,0.522,True,False
BGW-013,3,2020-06-13,87,49.43,2640.0,87.3,2.32,2.41,64.8,0.639,0.19,17.53,0.611,6.82,12125.1,5.12,0.5,True,False
BGW-013,3,2020-06-14,88,49.31,2651.9,87.3,2.77,2.4,63.2,0.625,0.186,20.43,0.589,8.4,12234.8,5.78,0.565,True,False
BGW-013,3,2020-06-15,89,49.19,2663.5,85.6,2.4,2.4,65.0,0.636,0.188,17.55,0.608,6.88,11852.5,5.23,0.5,True,False
BGW-013,3,2020-06-16,90,49.07,2674.6,84.2,2.38,2.39,57.5,0.635,0.187,17.05,0.599,6.84,12004.3,4.93,0.5,True,False
BGW-013,3,2020-06-17,91,48.96,2685.4,86.4,2.49,2.39,56.7,0.63,0.185,18.11,0.617,6.93,12099.8,5.18,0.518,True,False
BGW-013,3,2020-06-18,92,48.86,2695.8,91.1,3.4,2.38,57.1,0.598,0.175,24.67,0.621,9.36,12357.4,6.45,0.678,True,False
BGW-013,3,2020-06-19,93,48.76,2705.9,86.4,2.32,2.38,62.6,0.631,0.184,16.76,0.599,6.72,12245.1,5.09,0.5,True,False
BGW-013,3,2020-06-20,94,48.66,2715.6,92.9,3.31,2.37,59.3,0.599,0.174,24.3,0.569,10.47,12417.8,6.11,0.663,True,False
BGW-013,3,2020-06-21,95,48.56,2725.0,86.9,2.37,2.37,60.2,0.629,0.182,17.04,0.597,6.86,12166.6,4.99,0.5,True,False
BGW-013,3,2020-06-22,96,48.47,2734.0,89.4,2.85,2.37,55.2,0.611,0.177,20.5,0.648,7.22,12028.5,5.57,0.586,True,False
BGW-013,3,2020-06-23,97,48.39,2742.8,84.6,2.44,2.36,65.1,0.624,0.18,16.87,0.646,5.97,11939.5,5.24,0.513,True,False
BGW-013,3,2020-06-24,98,48.3,2751.2,89.7,3.29,2.36,58.0,0.594,0.171,22.95,0.678,7.39,12136.1,6.12,0.664,True,False
BGW-013,3,2020-06-25,99,48.22,2759.4,83.0,2.35,2.35,63.3,0.625,0.179,15.91,0.641,5.7,11918.5,5.29,0.5,True,False
BGW-013,3,2020-06-26,100,48.15,2767.3,85.9,2.36,2.35,60.8,0.624,0.178,16.42,0.622,6.21,12188.4,5.14,0.501,True,False
BGW-013,3,2020-06-27,101,48.07,2774.8,87.3,2.43,2.35,58.0,0.62,0.177,17.05,0.645,6.06,12167.7,4.96,0.515,True,False
BGW-013,3,2020-06-28,102,48.0,2782.2,83.4,2.6,2.34,56.5,0.614,0.175,17.22,0.65,6.02,12134.2,5.44,0.545,True,False
BGW-013,3,2020-06-29,103,47.93,2789.2,84.9,2.35,2.34,59.8,0.621,0.176,15.98,0.651,5.58,12072.7,4.86,0.501,True,False
BGW-013,3,2020-06-30,104,47.86,2796.0,84.7,2.43,2.34,59.9,0.617,0.175,16.36,0.663,5.52,12147.5,5.23,0.516,True,False
BGW-013,3,2020-07-01,105,47.8,2802.6,91.3,2.87,2.34,57.4,0.602,0.17,20.24,0.644,7.2,12453.4,5.84,0.593,True,False
BGW-013,3,2020-07-02,106,47.74,2809.0,86.3,2.26,2.33,58.2,0.619,0.175,15.49,0.693,4.76,12163.2,4.88,0.5,True,False
BGW-013,3,2020-07-03,107,47.68,2815.1,82.9,2.37,2.33,64.3,0.617,0.174,15.53,0.689,4.84,12045.8,4.8,0.508,True,False
BGW-013,3,2020-07-04,108,47.62,2821.0,85.6,3.32,2.33,56.9,0.584,0.164,21.24,0.692,6.54,11935.6,5.82,0.674,True,False
BGW-013,4,2020-07-13,1,148.52,165.7,100.0,6.47,4.97,81.3,0.85,0.74,217.62,0.127,189.92,12293.4,9.62,0.263,False,False
BGW-013,4,2020-07-14,2,144.92,179.1,97.3,5.71,4.94,79.1,0.874,0.756,191.22,0.141,164.31,11952.3,8.63,0.136,False,False
BGW-013,4,2020-07-15,3,141.45,193.3,96.9,6.3,4.9,82.0,0.853,0.734,203.59,0.141,174.97,12219.9,9.43,0.245,False,False
BGW-013,4,2020-07-16,4,138.1,208.2,98.7,5.08,4.86,89.2,0.893,0.763,173.76,0.154,147.02,11939.0,7.87,0.04,False,False
BGW-013,4,2020-07-17,5,134.86,224.1,100.0,6.36,4.83,85.1,0.849,0.72,208.15,0.175,171.75,11883.2,9.73,0.274,False,False
BGW-013,4,2020-07-18,6,131.74,240.7,100.0,4.74,4.79,89.6,0.9,0.758,163.34,0.15,138.91,12215.3,7.49,0.009,False,False
BGW-013,4,2020-07-19,7,128.73,258.3,100.0,4.89,4.75,81.0,0.895,0.748,166.08,0.145,141.96,12096.1,7.52,0.038,False,False
BGW-013,4,2020-07-20,8,125.83,276.7,98.3,5.29,4.71,91.4,0.881,0.729,172.32,0.176,141.92,12060.2,8.15,0.12,False,False
BGW-013,4,2020-07-21,9,123.02,296.0,99.7,4.67,4.66,94.2,0.9,0.738,156.35,0.181,128.09,12058.1,7.87,0.023,False,False
BGW-013,4,2020-07-22,10,120.32,316.1,98.2,4.56,4.62,87.4,0.9,0.731,149.01,0.142,127.78,12147.2,7.33,0.026,False,False
BGW-013,4,2020-07-23,11,117.71,337.2,100.0,4.55,4.58,93.3,0.9,0.724,149.6,0.174,123.58,12365.2,7.41,0.031,False,False
BGW-013,4,2020-07-24,12,115.2,359.1,100.0,4.74,4.53,92.2,0.893,0.711,153.24,0.193,123.62,12109.2,7.67,0.073,False,False
BGW-013,4,2020-07-25,13,112.77,381.9,97.4,4.58,4.49,87.9,0.897,0.706,143.02,0.171,118.55,12085.4,7.29,0.057,False,False
BGW-013,4,2020-07-26,14,110.43,405.6,100.0,4.67,4.44,84.4,0.892,0.694,147.15,0.209,116.39,12320.7,7.82,0.086,False,False
BGW-013,4,2020-07-27,15,108.17,430.1,100.0,4.22,4.4,90.5,0.896,0.689,132.14,0.229,101.89,12414.0,7.28,0.052,False,False
BGW-013,4,2020-07-28,16,105.98,455.5,100.0,4.35,4.35,86.0,0.893,0.678,134.18,0.245,101.26,12209.5,7.23,0.059,False,False
BGW-013,4,2020-07-29,17,103.88,481.7,97.1,4.35,4.3,83.7,0.889,0.666,127.86,0.231,98.26,12034.7,7.26,0.072,False,False
BGW-013,4,2020-07-30,18,101.85,508.7,100.0,4.42,4.26,81.7,0.882,0.652,130.85,0.189,106.08,12559.7,7.71,0.098,False,False
BGW-013,4,2020-07-31,19,99.89,536.5,100.0,6.02,4.21,81.2,0.824,0.6,164.17,0.218,128.38,12071.4,9.1,0.393,False,False
BGW-013,4,2020-08-01,20,98.0,565.0,100.0,4.96,4.16,79.6,0.854,0.613,138.38,0.259,102.6,12419.2,7.9,0.223,False,False
BGW-013,4,2020-08-02,21,96.18,594.3,100.0,3.96,4.12,88.1,0.877,0.621,111.83,0.225,86.69,12230.7,6.64,0.09,False,False
BGW-013,4,2020-08-03,22,94.42,624.3,98.5,5.05,4.07,85.6,0.841,0.586,132.57,0.249,99.57,12212.1,8.21,0.268,False,False
BGW-013,4,2020-08-04,23,92.72,655.0,100.0,5.71,4.03,74.7,0.814,0.559,145.03,0.221,113.02,12177.4,8.69,0.398,False,False
BGW-013,4,2020-08-05,24,91.09,686.3,97.5,3.95,3.98,83.8,0.867,0.585,102.48,0.247,77.21,12311.3,7.1,0.111,False,False
BGW-013,4,2020-08-06,25,89.51,718.2,97.1,3.89,3.93,78.5,0.863,0.574,98.61,0.247,74.27,12193.2,6.63,0.118,False,False
BGW-013,4,2020-08-07,26,87.98,750.6,100.0,5.49,3.89,78.9,0.806,0.527,131.46,0.223,102.1,12470.5,8.56,0.405,False,False
BGW-013,4,2020-08-08,27,86.51,783.6,97.4,3.97,3.85,84.4,0.851,0.548,96.18,0.224,74.59,12068.3,6.81,0.154,False,False
BGW-013,4,2020-08-09,28,85.09,817.1,96.0,3.7,3.8,84.0,0.851,0.539,86.95,0.262,64.15,11862.9,6.6,0.14,False,False
BGW-013,4,2020-08-10,29,83.73,851.1,97.4,3.71,3.76,82.0,0.847,0.527,86.66,0.261,64.06,12430.0,6.4,0.148,False,False
BGW-013,4,2020-08-11,30,82.4,885.4,97.2,3.72,3.72,88.0,0.843,0.516,84.79,0.24,64.42,12190.2,6.3,0.157,False,False
BGW-013,4,2020-08-12,31,81.13,920.1,95.4,3.83,3.67,86.7,0.834,0.502,83.29,0.26,61.64,12127.5,6.73,0.191,False,False
BGW-013,4,2020-08-13,32,79.9,955.1,95.0,3.55,3.63,83.6,0.835,0.494,75.78,0.251,56.77,12143.9,6.38,0.172,False,False
BGW-013,4,2020-08-14,33,78.72,990.4,100.0,3.78,3.59,76.3,0.825,0.479,82.4,0.291,58.42,12524.3,6.81,0.213,False,False
BGW-013,4,2020-08-15,34,77.57,1025.9,96.1,3.68,3.55,76.5,0.823,0.47,75.66,0.27,55.2,12399.7,6.5,0.211,False,False
BGW-013,4,2020-08-16,35,76.47,1061.6,96.9,3.48,3.51,74.5,0.823,0.462,70.84,0.258,52.58,12273.0,6.41,0.196,False,False
BGW-013,4,2020-08-17,36,75.4,1097.4,95.4,3.61,3.48,74.2,0.814,0.449,70.37,0.279,50.74,12292.4,6.54,0.228,False,False
BGW-013,4,2020-08-18,37,74.37,1133.4,100.0,4.32,3.44,80.5,0.785,0.426,83.67,0.322,56.7,12289.6,7.37,0.366,False,False
BGW-013,4,2020-08-19,38,73.38,1169.4,98.2,3.39,3.4,78.6,0.81,0.432,65.48,0.311,45.12,12296.0,6.45,0.22,False,False
BGW-013,4,2020-08-20,39,72.43,1205.5,97.7,4.03,3.37,77.1,0.784,0.411,73.66,0.298,51.68,12307.2,6.87,0.345,False,False
BGW-013,4,2020-08-21,40,71.5,1241.5,97.1,3.57,3.33,75.5,0.794,0.41,64.62,0.314,44.34,12279.4,6.45,0.279,False,False
BGW-013,4,2020-08-22,41,70.61,1277.5,91.3,4.69,3.3,67.8,0.751,0.382,74.19,0.298,52.07,12056.3,7.84,0.488,True,False
BGW-013,4,2020-08-23,42,69.75,1313.3,95.8,4.35,3.26,71.9,0.757,0.378,71.58,0.331,47.86,12218.8,7.17,0.442,False,False
BGW-013,4,2020-08-24,43,68.92,1349.1,100.0,4.12,3.23,70.9,0.76,0.374,69.88,0.338,46.29,12470.2,6.84,0.416,False,False
BGW-013,4,2020-08-25,44,68.13,1384.7,93.8,3.12,3.2,72.2,0.785,0.38,50.49,0.342,33.24,12348.7,5.98,0.269,False,False
BGW-013,4,2020-08-26,45,67.35,1420.0,90.1,3.39,3.17,76.3,0.774,0.369,51.23,0.315,35.11,11763.4,6.24,0.316,False,False
BGW-013,4,2020-08-27,46,66.61,1455.2,97.5,4.37,3.14,67.4,0.736,0.345,66.88,0.336,44.39,12552.4,7.37,0.501,True,False
BGW-013,4,2020-08-28,47,65.89,1490.1,96.1,3.14,3.11,73.5,0.772,0.357,48.93,0.31,33.75,12320.6,5.96,0.299,False,False
BGW-013,4,2020-08-29,48,65.2,1524.7,90.6,2.94,3.08,75.7,0.769,0.35,42.34,0.359,27.12,12088.5,5.75,0.301,False,False
BGW-013,4,2020-08-30,49,64.53,1559.0,90.2,4.11,3.06,76.2,0.73,0.327,55.1,0.4,33.05,12104.1,7.12,0.493,True,False
BGW-013,4,2020-08-31,50,63.88,1592.9,92.9,3.05,3.03,78.2,0.76,0.336,43.3,0.333,28.88,12160.7,5.92,0.321,False,False
BGW-013,4,2020-09-01,51,63.26,1626.5,90.7,3.73,3.01,70.5,0.733,0.319,49.11,0.323,33.25,11978.0,6.53,0.451,True,False
BGW-013,4,2020-09-02,52,62.66,1659.7,100.0,4.03,2.98,73.2,0.718,0.309,56.57,0.383,34.88,12546.5,7.09,0.516,True,True
BGW-013,4,2020-09-03,53,62.08,1692.4,90.9,2.99,2.96,75.5,0.748,0.317,39.13,0.373,24.54,12037.2,5.85,0.345,False,False
BGW-013,4,2020-09-04,54,61.52,1724.8,92.7,2.9,2.93,72.5,0.745,0.312,38.09,0.346,24.9,12470.2,5.63,0.347,False,False
BGW-013,4,2020-09-05,55,60.98,1756.7,90.2,3.05,2.91,68.1,0.737,0.304,38.05,0.326,25.65,12233.4,5.83,0.378,False,False
BGW-013,4,2020-09-06,56,60.46,1788.1,89.6,2.93,2.89,75.9,0.737,0.3,35.85,0.358,23.0,12212.0,5.66,0.368,False,False
BGW-013,4,2020-09-07,57,59.96,1819.1,91.5,2.73,2.87,71.1,0.734,0.296,33.62,0.402,20.1,12179.5,5.46,0.368,False,False
BGW-013,4,2020-09-08,58,59.48,1849.5,89.0,2.93,2.85,66.9,0.728,0.29,34.31,0.424,19.76,12047.9,5.79,0.389,False,False
BGW-013,4,2020-09-09,59,59.01,1879.5,87.4,4.02,2.83,63.7,0.688,0.27,43.13,0.345,28.27,11863.8,6.55,0.59,True,False
BGW-013,4,2020-09-10,60,58.56,1908.9,88.9,2.79,2.81,66.0,0.724,0.281,31.73,0.376,19.81,12100.1,5.45,0.388,False,False
BGW-013,4,2020-09-11,61,58.12,1937.9,92.3,2.77,2.79,71.3,0.721,0.277,32.17,0.361,20.57,12403.8,5.44,0.395,False,False
BGW-013,4,2020-09-12,62,57.7,1966.3,91.2,2.67,2.77,65.8,0.717,0.272,30.13,0.366,19.09,12099.5,5.48,0.401,False,False
BGW-013,4,2020-09-13,63,57.3,1994.1,91.5,2.66,2.75,64.3,0.714,0.268,29.7,0.403,17.75,12130.2,5.35,0.408,False,False
BGW-013,4,2020-09-14,64,56.91,2021.5,86.9,3.73,2.74,70.6,0.678,0.252,37.12,0.43,21.15,12028.0,6.36,0.588,True,False
BGW-013,4,2020-09-15,65,56.53,2048.2,92.0,2.61,2.72,69.9,0.708,0.261,28.4,0.383,17.53,12361.2,5.49,0.42,False,False
BGW-013,4,2020-09-16,66,56.17,2074.5,87.0,2.68,2.7,69.7,0.705,0.257,27.17,0.399,16.32,11776.8,5.36,0.426,False,False
BGW-013,4,2020-09-17,67,55.82,2100.2,85.0,3.44,2.69,68.3,0.677,0.244,32.47,0.407,19.25,11971.7,6.22,0.564,True,False
BGW-013,4,2020-09-18,68,55.48,2125.3,87.3,2.77,2.67,68.5,0.695,0.249,27.34,0.452,14.98,11898.8,5.5,0.454,True,False
BGW-013,4,2020-09-19,69,55.15,2149.9,90.4,2.75,2.66,64.8,0.693,0.245,27.76,0.438,15.61,11973.3,5.51,0.459,True,False
BGW-013,4,2020-09-20,70,54.84,2173.9,92.8,2.97,2.65,69.2,0.682,0.24,29.98,0.459,16.22,12525.3,5.94,0.505,True,False
BGW-013,4,2020-09-21,71,54.53,2197.4,87.4,2.54,2.63,69.1,0.69,0.24,24.22,0.475,12.73,11941.4,5.42,0.454,True,False
BGW-013,4,2020-09-22,72,54.24,2220.4,86.1,2.77,2.62,64.2,0.683,0.236,25.57,0.467,13.63,11972.4,5.33,0.486,True,False
BGW-013,4,2020-09-23,73,53.96,2242.8,87.4,2.65,2.61,63.7,0.684,0.234,24.65,0.427,14.12,11903.6,5.3,0.472,True,False
BGW-013,4,2020-09-24,74,53.68,2264.6,85.8,2.58,2.6,68.3,0.682,0.232,23.31,0.422,13.48,11913.1,5.39,0.469,True,False
BGW-013,4,2020-09-25,75,53.42,2286.0,87.5,2.54,2.58,69.1,0.68,0.229,23.13,0.42,13.41,12263.5,5.29,0.474,True,False
BGW-013,4,2020-09-26,76,53.17,2306.8,86.5,2.45,2.57,63.4,0.678,0.227,21.85,0.448,12.06,12108.4,5.36,0.479,True,False
BGW-013,4,2020-09-27,77,52.92,2327.1,87.6,2.66,2.56,69.1,0.672,0.223,23.6,0.422,13.64,11812.8,5.19,0.5,True,False
BGW-013,4,2020-09-28,78,52.69,2346.8,86.3,2.59,2.55,66.4,0.672,0.221,22.53,0.459,12.19,11753.7,5.16,0.495,True,False
BGW-013,4,2020-09-29,79,52.46,2366.1,87.9,3.1,2.54,64.7,0.652,0.214,26.41,0.433,14.99,12214.7,6.15,0.589,True,False
BGW-013,4,2020-09-30,80,52.24,2384.9,87.7,2.62,2.53,67.2,0.666,0.217,22.6,0.485,11.64,12089.8,5.06,0.512,True,False
BGW-013,4,2020-10-01,81,52.02,2403.1,89.8,2.49,2.52,61.9,0.666,0.215,21.9,0.487,11.24,11976.0,5.25,0.5,True,False
BGW-013,4,2020-10-02,82,51.82,2420.9,87.1,2.46,2.51,64.0,0.664,0.213,20.77,0.469,11.02,12171.6,5.26,0.5,True,False
BGW-013,4,2020-10-03,83,51.62,2438.2,85.3,2.86,2.51,68.2,0.651,0.208,23.0,0.46,12.42,11838.0,5.59,0.561,True,False
BGW-013,4,2020-10-04,84,51.43,2455.0,89.5,2.93,2.5,66.8,0.646,0.205,24.46,0.496,12.33,12356.1,6.0,0.576,True,False
BGW-013,4,2020-10-05,85,51.25,2471.4,91.9,2.84,2.49,62.3,0.647,0.204,24.25,0.493,12.29,12305.1,5.82,0.562,True,False
BGW-013,4,2020-10-06,86,51.07,2487.3,89.3,2.48,2.48,66.9,0.656,0.206,20.72,0.551,9.3,12287.1,5.28,0.5,True,False
BGW-013,4,2020-10-07,87,50.9,2502.8,83.1,3.3,2.47,57.3,0.627,0.196,24.42,0.51,11.98,12166.6,6.28,0.645,True,False
BGW-013,4,2020-10-08,88,50.73,2517.8,91.9,2.86,2.47,67.1,0.64,0.199,23.73,0.524,11.3,12190.9,5.65,0.568,True,False
BGW-013,4,2020-10-09,89,50.57,2532.4,86.7,2.96,2.46,66.0,0.634,0.196,22.91,0.522,10.95,12098.7,5.75,0.588,True,False
BGW-013,4,2020-10-10,90,50.42,2546.6,84.1,2.49,2.45,61.7,0.648,0.199,19.0,0.482,9.84,11908.5,5.1,0.507,True,False
BGW-013,4,2020-10-11,91,50.27,2560.3,86.8,2.78,2.45,64.3,0.637,0.195,21.43,0.514,10.42,12214.7,5.32,0.559,True,False
BGW-013,4,2020-10-12,92,50.13,2573.7,85.7,2.32,2.44,60.4,0.646,0.197,17.79,0.529,8.39,12452.9,5.08,0.5,True,False
BGW-013,4,2020-10-13,93,49.99,2586.7,87.8,2.48,2.43,62.4,0.643,0.195,19.34,0.492,9.83,12150.0,5.32,0.509,True,False
BGW-013,4,2020-10-14,94,49.86,2599.3,85.7,2.56,2.43,66.6,0.639,0.193,19.27,0.516,9.33,11979.2,5.49,0.524,True,False
BGW-013,4,2020-10-15,95,49.73,2611.5,84.1,2.92,2.42,57.0,0.625,0.188,21.01,0.525,9.99,11944.7,5.57,0.587,True,False
BGW-013,4,2020-10-16,96,49.6,2623.3,87.6,2.49,2.42,63.2,0.638,0.191,18.95,0.567,8.21,12021.0,5.39,0.512,True,False
BGW-013,4,2020-10-17,97,49.48,2634.8,82.7,2.93,2.41,56.5,0.622,0.186,20.5,0.488,10.5,11743.4,5.72,0.592,True,False
BGW-013,4,2020-10-18,98,49.37,2646.0,87.5,2.49,2.41,64.3,0.635,0.189,18.71,0.571,8.03,12345.3,5.26,0.515,True,False
BGW-013,4,2020-10-19,99,49.26,2656.8,83.6,2.59,2.4,63.1,0.63,0.187,18.41,0.55,8.28,11970.1,5.16,0.533,True,False
BGW-013,4,2020-10-20,100,49.15,2667.2,87.8,2.35,2.4,59.0,0.635,0.188,17.58,0.508,8.65,12066.8,5.12,0.5,True,False
BGW-013,4,2020-10-21,101,49.04,2677.4,87.9,2.57,2.39,58.8,0.628,0.185,18.99,0.556,8.44,12164.8,5.63,0.531,True,False
BGW-013,4,2020-10-22,102,48.94,2687.2,86.8,2.47,2.39,61.4,0.63,0.185,18.06,0.573,7.71,12310.5,5.3,0.515,True,False
BGW-013,4,2020-10-23,103,48.85,2696.7,86.6,2.36,2.38,66.0,0.632,0.185,17.16,0.56,7.55,12175.6,4.92,0.5,True,False
BGW-013,4,2020-10-24,104,48.76,2706.0,84.0,3.02,2.38,63.6,0.609,0.178,20.53,0.6,8.22,11840.0,5.71,0.613,True,False
BGW-013,4,2020-10-25,105,48.67,2714.9,83.8,2.26,2.37,65.3,0.63,0.183,15.78,0.58,6.63,11965.4,5.08,0.5,True,False
BGW-013,4,2020-10-26,106,48.58,2723.6,84.7,2.47,2.37,64.1,0.625,0.181,17.29,0.569,7.45,11891.4,5.07,0.518,True,False
BGW-013,4,2020-10-27,107,48.49,2732.0,87.7,2.62,2.37,55.8,0.62,0.179,18.71,0.564,8.16,12045.7,5.33,0.544,True,False
BGW-013,4,2020-10-28,108,48.41,2740.1,88.6,3.1,2.36,59.3,0.603,0.174,21.66,0.588,8.93,11988.8,5.91,0.628,True,False
BGW-013,4,2020-10-29,109,48.34,2747.9,88.3,2.58,2.36,56.3,0.619,0.178,18.45,0.597,7.44,11851.0,5.26,0.539,True,False
BGW-013,4,2020-10-30,110,48.26,2755.5,87.1,2.7,2.36,56.6,0.614,0.176,18.86,0.619,7.19,12099.6,5.23,0.561,True,False
BGW-013,4,2020-10-31,111,48.19,2762.9,84.4,2.29,2.35,64.4,0.624,0.179,15.72,0.606,6.2,12160.5,4.97,0.5,True,False
BGW-013,4,2020-11-01,112,48.12,2770.0,87.8,3.18,2.35,61.5,0.596,0.17,21.59,0.6,8.65,12109.1,5.96,0.645,True,False
BGW-013,4,2020-11-02,113,48.05,2776.9,86.1,2.26,2.35,60.0,0.623,0.178,15.72,0.575,6.68,11815.5,4.8,0.5,True,False
BGW-013,4,2020-11-03,114,47.99,2783.6,86.2,2.39,2.34,57.3,0.62,0.176,16.54,0.596,6.68,12276.0,5.26,0.509,True,False
BGW-013,4,2020-11-04,115,47.92,2790.0,89.4,3.38,2.34,60.9,0.586,0.166,22.88,0.623,8.64,12100.4,6.08,0.682,True,False
BGW-013,4,2020-11-05,116,47.86,2796.3,92.5,2.79,2.34,61.7,0.605,0.171,20.14,0.604,7.98,12311.4,5.28,0.58,True,False
BGW-013,4,2020-11-06,117,47.8,2802.3,88.0,2.76,2.34,55.1,0.605,0.171,18.92,0.629,7.01,12211.5,5.29,0.575,True,False
BGW-013,4,2020-11-07,118,47.75,2808.2,88.4,2.7,2.33,61.5,0.607,0.171,18.56,0.656,6.39,12030.4,5.42,0.564,True,False
BGW-013,4,2020-11-08,119,47.69,2813.8,84.0,2.42,2.33,63.6,0.616,0.173,16.0,0.653,5.56,11926.7,5.19,0.515,True,False
BGW-013,4,2020-11-09,120,47.64,2819.3,87.0,2.26,2.33,57.0,0.618,0.174,15.54,0.677,5.02,12182.0,5.11,0.5,True,False
BGW-013,4,2020-11-10,121,47.59,2824.6,85.2,2.33,2.33,60.9,0.617,0.173,15.65,0.572,6.7,11948.9,5.01,0.501,True,False
BGW-013,4,2020-11-11,122,47.54,2829.7,92.2,2.81,2.32,61.3,0.6,0.168,19.81,0.666,6.62,12437.9,5.62,0.585,True,False
BGW-013,4,2020-11-12,123,47.49,2834.6,83.6,2.32,2.32,58.4,0.616,0.172,15.23,0.661,5.16,11849.0,5.0,0.5,True,False
BGW-013,4,2020-11-13,124,47.45,2839.4,88.7,3.12,2.32,61.7,0.589,0.164,20.71,0.635,7.56,12169.9,5.79,0.64,True,False
BGW-013,4,2020-11-14,125,47.4,2844.0,86.5,2.57,2.32,56.3,0.607,0.169,17.09,0.663,5.75,11998.8,5.02,0.544,True,False
BGW-013,4,2020-11-15,126,47.36,2848.5,85.5,2.21,2.32,56.3,0.614,0.171,14.66,0.664,4.93,11783.4,4.78,0.5,True,False
BGW-013,4,2020-11-16,127,47.32,2852.8,81.2,3.27,2.31,59.9,0.582,0.162,19.56,0.678,6.29,11841.7,6.2,0.668,True,False
BGW-013,4,2020-11-17,128,47.28,2856.9,84.6,2.84,2.31,55.5,0.596,0.166,18.1,0.673,5.92,12114.9,5.87,0.593,True,False
BGW-013,4,2020-11-18,129,47.24,2861.0,83.3,2.61,2.31,54.7,0.603,0.167,16.52,0.669,5.47,11904.6,5.36,0.552,True,False
BGW-013,4,2020-11-19,130,47.21,2864.9,86.7,2.31,2.31,63.5,0.612,0.17,15.43,0.685,4.86,11992.8,5.01,0.5,True,False
BGW-013,4,2020-11-20,131,47.17,2868.6,85.4,2.69,2.31,62.1,0.599,0.166,17.33,0.65,6.06,12079.0,5.52,0.567,True,False
BGW-013,4,2020-11-21,132,47.14,2872.2,88.6,2.61,2.31,54.7,0.601,0.166,17.48,0.676,5.66,12265.9,5.38,0.553,True,False
BGW-013,4,2020-11-22,133,47.1,2875.8,86.1,2.4,2.3,61.4,0.608,0.168,15.79,0.702,4.7,12201.0,5.05,0.517,True,False
BGW-013,4,2020-11-23,134,47.07,2879.2,83.2,2.21,2.3,60.2,0.611,0.169,14.11,0.704,4.17,11750.2,4.73,0.5,True,False
BGW-013,4,2020-11-24,135,47.04,2882.4,83.5,2.38,2.3,55.6,0.608,0.168,15.13,0.688,4.72,11578.7,4.89,0.514,True,False
BGW-013,5,2020-12-12,1,153.7,148.5,100.0,5.08,5.02,87.7,0.898,0.787,181.83,0.134,157.47,12224.9,7.92,0.012,False,False
BGW-013,5,2020-12-13,2,150.26,159.7,100.0,5.63,4.99,82.4,0.879,0.767,196.15,0.155,165.78,12006.5,8.63,0.112,False,False
BGW-013,5,2020-12-14,3,146.94,171.4,98.7,5.03,4.96,84.9,0.897,0.779,175.94,0.154,148.8,11960.2,8.03,0.013,False,False
BGW-013,5,2020-12-15,4,143.71,183.9,98.8,5.14,4.93,83.2,0.893,0.771,177.83,0.157,149.9,11994.4,8.37,0.037,False,False
BGW-013,5,2020-12-16,5,140.6,196.9,100.0,6.16,4.89,82.9,0.858,0.737,206.23,0.185,168.15,12022.0,9.08,0.222,False,False
BGW-013,5,2020-12-17,6,137.58,210.7,100.0,5.93,4.86,79.5,0.864,0.738,198.78,0.181,162.86,12412.1,9.11,0.19,False,False
BGW-013,5,2020-12-18,7,134.66,225.1,100.0,4.95,4.82,88.9,0.896,0.759,171.02,0.179,140.46,12365.5,8.14,0.029,False,False
BGW-013,5,2020-12-19,8,131.83,240.3,100.0,4.85,4.79,92.8,0.898,0.756,166.69,0.191,134.8,12242.2,7.85,0.02,False,False
BGW-013,5,2020-12-20,9,129.09,256.1,100.0,5.78,4.75,80.9,0.866,0.724,190.15,0.226,147.27,12075.6,8.77,0.193,False,False
BGW-013,5,2020-12-21,10,126.44,272.7,97.1,4.61,4.72,83.8,0.9,0.747,151.78,0.195,122.19,12023.9,7.62,0.017,False,False
BGW-013,5,2020-12-22,11,123.87,289.9,100.0,6.45,4.68,78.0,0.841,0.692,202.78,0.228,156.62,12197.3,9.65,0.33,False,False
BGW-013,5,2020-12-23,12,121.39,308.0,100.0,6.36,4.64,77.8,0.843,0.687,198.78,0.186,161.72,12315.1,9.56,0.326,False,False
BGW-013,5,2020-12-24,13,118.99,326.7,100.0,5.97,4.6,83.6,0.854,0.691,187.41,0.21,148.12,11994.2,8.86,0.269,False,False
BGW-013,5,2020-12-25,14,116.66,346.1,97.9,4.5,4.56,86.9,0.9,0.721,144.46,0.197,115.95,12109.1,7.57,0.033,False,False
BGW-013,5,2020-12-26,15,114.41,366.3,95.9,6.47,4.52,79.6,0.835,0.662,186.85,0.237,142.54,12123.6,9.53,0.379,False,False
BGW-013,5,2020-12-27,16,112.23,387.2,100.0,4.46,4.48,81.8,0.9,0.707,143.29,0.222,111.41,12129.4,7.2,0.043,False,False
BGW-013,5,2020-12-28,17,110.11,408.8,100.0,5.0,4.44,88.6,0.88,0.684,155.26,0.232,119.29,12218.7,7.88,0.145,False,False
BGW-013,5,2020-12-29,18,108.07,431.2,100.0,4.53,4.4,92.2,0.892,0.685,140.94,0.225,109.23,12334.1,7.65,0.075,False,False
BGW-013,5,2020-12-30,19,106.09,454.2,95.1,5.4,4.35,90.0,0.859,0.652,152.09,0.218,118.97,12295.5,8.67,0.24,False,False
BGW-013,5,2020-12-31,20,104.18,477.9,100.0,4.25,4.31,91.0,0.891,0.669,129.1,0.244,97.59,12298.1,7.31,0.063,False,False
BGW-013,5,2021-01-01,21,102.32,502.2,100.0,4.37,4.27,82.8,0.885,0.656,130.33,0.233,99.95,12340.3,7.28,0.087,False,False
BGW-013,5,2021-01-02,22,100.53,527.2,100.0,5.62,4.23,84.5,0.839,0.614,156.85,0.238,119.52,12366.0,8.62,0.319,False,True
BGW-013,5,2021-01-03,23,98.79,552.9,97.4,5.38,4.18,81.3,0.842,0.609,144.81,0.239,110.21,12051.6,8.2,0.289,False,False
BGW-013,5,2021-01-04,24,97.11,579.1,100.0,4.97,4.14,85.6,0.851,0.607,137.22,0.269,100.33,12241.3,8.1,0.232,False,False
BGW-013,5,2021-01-05,25,95.48,606.0,97.6,5.61,4.1,80.2,0.826,0.581,144.43,0.278,104.27,12065.8,8.58,0.356,False,False
BGW-013,5,2021-01-06,26,93.91,633.4,96.3,3.87,4.06,88.5,0.873,0.606,102.42,0.286,73.17,12124.0,6.51,0.099,False,False
BGW-013,5,2021-01-07,27,92.38,661.4,100.0,5.31,4.02,85.9,0.826,0.565,136.48,0.355,88.07,12083.6,8.27,0.332,False,False
BGW-013,5,2021-01-08,28,90.9,689.9,100.0,5.09,3.97,80.9,0.829,0.559,129.33,0.289,91.92,12069.1,8.08,0.307,False,False
BGW-013,5,2021-01-09,29,89.47,718.8,98.0,4.08,3.93,88.4,0.858,0.57,103.56,0.29,73.55,12382.0,7.07,0.143,False,False
BGW-013,5,2021-01-10,30,88.09,748.3,94.1,5.19,3.89,75.4,0.816,0.534,118.67,0.294,83.79,12181.8,8.23,0.352,False,False
BGW-013,5,2021-01-11,31,86.75,778.2,100.0,4.46,3.85,77.0,0.836,0.539,109.18,0.32,74.2,12168.4,7.08,0.237,False,False
BGW-013,5,2021-01-12,32,85.46,808.4,100.0,4.31,3.81,79.6,0.836,0.531,104.03,0.329,69.77,12311.6,7.31,0.225,False,False
BGW-013,5,2021-01-13,33,84.2,839.1,97.7,3.9,3.77,77.2,0.845,0.529,91.43,0.303,63.77,12108.3,6.87,0.167,False,False
BGW-013,5,2021-01-14,34,82.98,870.1,97.2,3.67,3.73,86.0,0.845,0.521,84.37,0.342,55.51,12273.2,6.61,0.152,False,False
BGW-013,5,2021-01-15,35,81.81,901.4,95.9,3.7,3.7,76.7,0.841,0.511,82.42,0.377,51.36,12107.2,6.6,0.161,False,False
BGW-013,5,2021-01-16,36,80.67,933.0,95.5,4.36,3.66,82.4,0.815,0.487,92.04,0.336,61.13,11983.7,7.29,0.289,False,False
BGW-013,5,2021-01-17,37,79.57,964.9,100.0,3.82,3.62,77.9,0.828,0.487,84.51,0.35,54.93,12356.0,6.61,0.208,False,False
BGW-013,5,2021-01-18,38,78.5,996.9,94.4,3.71,3.58,77.6,0.826,0.479,76.15,0.384,46.94,12115.5,6.34,0.203,False,False
BGW-013,5,2021-01-19,39,77.47,1029.2,94.0,4.72,3.55,80.6,0.788,0.449,90.54,0.364,57.57,11969.2,7.48,0.393,False,False
BGW-013,5,2021-01-20,40,76.47,1061.6,98.1,3.42,3.51,79.2,0.823,0.462,70.52,0.345,46.16,12319.5,6.63,0.196,False,False
BGW-013,5,2021-01-21,41,75.5,1094.1,94.9,4.97,3.48,71.6,0.769,0.425,91.23,0.372,57.29,12203.8,8.01,0.464,True,False
BGW-013,5,2021-01-22,42,74.56,1126.7,98.7,3.35,3.44,78.1,0.815,0.444,66.62,0.356,42.87,12268.6,6.35,0.211,False,False
BGW-013,5,2021-01-23,43,73.66,1159.3,95.4,3.4,3.41,82.0,0.811,0.435,64.05,0.38,39.74,12416.5,6.65,0.218,False,False
BGW-013,5,2021-01-24,44,72.78,1192.0,92.6,3.45,3.38,77.2,0.805,0.425,61.72,0.409,36.46,12326.3,6.17,0.238,False,False
BGW-013,5,2021-01-25,45,71.93,1224.7,97.7,4.05,3.35,76.6,0.78,0.406,73.05,0.376,45.62,12358.7,6.86,0.356,False,False
BGW-013,5,2021-01-26,46,71.11,1257.4,95.5,3.19,3.32,80.9,0.8,0.41,56.69,0.422,32.77,12412.8,5.68,0.24,False,False
BGW-013,5,2021-01-27,47,70.31,1290.0,94.3,4.23,3.29,69.5,0.765,0.386,70.03,0.432,39.77,12466.3,7.4,0.413,False,False
BGW-013,5,2021-01-28,48,69.54,1322.5,92.6,3.13,3.26,80.0,0.792,0.394,52.0,0.411,30.6,12044.5,5.65,0.255,False,False
BGW-013,5,2021-01-29,49,68.79,1354.9,91.9,3.37,3.23,74.8,0.784,0.384,54.03,0.426,30.99,11917.6,6.31,0.287,False,False
BGW-013,5,2021-01-30,50,68.07,1387.1,94.0,3.32,3.2,77.8,0.781,0.377,53.57,0.414,31.4,12459.3,6.38,0.292,False,False
BGW-013,5,2021-01-31,51,67.37,1419.2,92.7,4.03,3.17,76.4,0.753,0.359,60.8,0.458,32.97,12185.2,6.96,0.427,False,False
BGW-013,5,2021-02-01,52,66.69,1451.1,92.9,4.02,3.14,71.8,0.748,0.352,59.69,0.448,32.96,12168.2,7.02,0.438,False,False
BGW-013,5,2021-02-02,53,66.04,1482.8,95.8,3.0,3.12,73.8,0.774,0.359,46.9,0.439,26.29,12362.5,5.81,0.292,False,False
BGW-013,5,2021-02-03,54,65.4,1514.3,92.2,3.03,3.09,79.5,0.77,0.352,44.72,0.441,25.01,12314.5,5.86,0.299,False,False
BGW-013,5,2021-02-04,55,64.79,1545.5,92.6,3.0,3.07,71.8,0.766,0.346,43.63,0.45,24.01,12007.0,5.49,0.306,False,False
BGW-013,5,2021-02-05,56,64.2,1576.4,91.1,2.9,3.04,78.6,0.763,0.34,40.74,0.469,21.62,12357.0,5.89,0.313,False,False
BGW-013,5,2021-02-06,57,63.62,1607.0,95.9,3.85,3.02,75.4,0.731,0.321,53.97,0.438,30.35,12283.2,6.81,0.465,True,False
BGW-013,5,2021-02-07,58,63.06,1637.4,92.3,3.01,3.0,73.8,0.755,0.328,41.37,0.461,22.31,12112.3,5.66,0.329,False,False
BGW-013,5,2021-02-08,59,62.52,1667.3,92.6,2.84,2.97,75.5,0.752,0.322,38.54,0.483,19.93,12319.9,5.72,0.333,False,False
BGW-013,5,2021-02-09,60,62.0,1697.0,97.0,3.6,2.95,65.6,0.727,0.308,48.84,0.46,26.39,12411.9,6.74,0.453,True,False
BGW-013,5,2021-02-10,61,61.5,1726.3,91.3,3.24,2.93,73.5,0.735,0.307,41.32,0.481,21.45,12011.0,5.87,0.401,False,False
BGW-013,5,2021-02-11,62,61.01,1755.2,90.8,2.78,2.91,77.4,0.742,0.307,35.14,0.48,18.27,12219.6,5.58,0.353,False,False
BGW-013,5,2021-02-12,63,60.53,1783.8,92.1,3.97,2.89,71.5,0.703,0.287,47.72,0.504,23.67,12071.3,6.84,0.549,True,False
BGW-013,5,2021-02-13,64,60.08,1812.0,99.1,3.93,2.87,71.4,0.7,0.283,50.0,0.49,25.51,12353.3,6.81,0.551,True,False
BGW-013,5,2021-02-14,65,59.63,1839.7,89.3,2.97,2.85,70.6,0.728,0.291,35.02,0.516,16.95,11967.2,5.68,0.392,False,False
BGW-013,5,2021-02-15,66,59.2,1867.1,89.5,2.74,2.84,75.2,0.729,0.288,32.09,0.511,15.7,12134.0,5.47,0.379,False,False
BGW-013,5,2021-02-16,67,58.79,1894.0,90.0,2.72,2.82,72.9,0.726,0.284,31.56,0.55,14.2,11882.5,5.5,0.385,False,False
BGW-013,5,2021-02-17,68,58.38,1920.5,92.9,3.26,2.8,67.3,0.707,0.273,37.7,0.521,18.06,12395.9,6.12,0.472,True,False
BGW-013,5,2021-02-18,69,58.0,1946.6,88.8,3.18,2.78,67.5,0.706,0.27,34.75,0.542,15.9,11983.7,5.74,0.467,True,False
BGW-013,5,2021-02-19,70,57.62,1972.2,90.8,2.69,2.77,70.2,0.717,0.272,30.14,0.512,14.7,12071.2,5.21,0.403,False,False
BGW-013,5,2021-02-20,71,57.25,1997.4,88.7,2.81,2.75,66.9,0.712,0.267,30.28,0.531,14.2,12178.7,5.48,0.419,False,False
BGW-013,5,2021-02-21,72,56.9,2022.2,91.1,2.77,2.74,71.5,0.71,0.264,30.28,0.549,13.65,12009.2,5.74,0.421,False,False
BGW-013,5,2021-02-22,73,56.56,2046.5,98.5,2.97,2.72,64.4,0.7,0.258,34.28,0.567,14.83,12453.2,5.82,0.463,True,False
BGW-013,5,2021-02-23,74,56.23,2070.3,98.3,3.25,2.71,69.8,0.687,0.251,36.44,0.562,15.97,12536.4,6.12,0.52,True,False
BGW-013,5,2021-02-24,75,55.91,2093.7,89.9,2.59,2.69,71.2,0.702,0.254,26.87,0.559,11.86,12006.4,4.97,0.43,False,False
BGW-013,5,2021-02-25,76,55.6,2116.7,88.9,2.61,2.68,71.1,0.7,0.251,26.43,0.566,11.48,11909.1,5.16,0.436,False,False
BGW-013,5,2021-02-26,77,55.29,2139.2,87.5,2.55,2.67,65.6,0.697,0.248,25.16,0.602,10.02,12141.3,5.53,0.441,False,False
BGW-013,5,2021-02-27,78,55.0,2161.2,87.0,2.58,2.65,69.7,0.695,0.245,25.04,0.61,9.78,11919.6,5.27,0.446,False,False
BGW-013,5,2021-02-28,79,54.72,2182.8,89.2,2.82,2.64,67.8,0.686,0.24,27.44,0.601,10.95,12437.0,5.6,0.481,True,False
BGW-013,5,2021-03-01,80,54.45,2203.9,90.5,3.02,2.63,61.2,0.677,0.235,29.19,0.603,11.6,12155.1,5.86,0.524,True,False
BGW-013,5,2021-03-02,81,54.19,2224.6,89.7,2.65,2.62,70.4,0.686,0.237,25.53,0.63,9.43,12079.8,5.48,0.465,True,False
BGW-013,5,2021-03-03,82,53.93,2244.9,94.6,3.03,2.61,67.8,0.671,0.229,29.91,0.59,12.26,12520.9,6.04,0.539,True,False
BGW-013,5,2021-03-04,83,53.68,2264.7,85.4,3.49,2.6,61.7,0.653,0.222,30.04,0.622,11.35,12120.0,6.36,0.626,True,False
BGW-013,5,2021-03-05,84,53.44,2284.1,90.0,2.51,2.59,66.1,0.68,0.229,23.58,0.59,9.67,12311.4,4.98,0.474,True,True
BGW-013,5,2021-03-06,85,53.21,2303.0,83.9,2.72,2.58,67.8,0.673,0.225,23.41,0.656,8.06,12121.9,5.42,0.504,True,False
BGW-013,5,2021-03-07,86,52.99,2321.5,87.0,2.54,2.57,63.4,0.676,0.225,22.59,0.649,7.93,12177.1,5.4,0.482,True,False
BGW-013,5,2021-03-08,87,52.77,2339.6,86.8,2.98,2.56,64.1,0.659,0.218,25.66,0.662,8.67,12045.5,5.88,0.561,True,False
BGW-013,5,2021-03-09,88,52.56,2357.3,85.7,2.64,2.55,68.3,0.669,0.22,22.57,0.663,7.6,12094.6,5.38,0.506,True,False
BGW-013,5,2021-03-10,89,52.36,2374.5,85.8,2.47,2.54,63.8,0.67,0.219,21.1,0.646,7.46,11821.7,5.34,0.494,True,False
BGW-013,5,2021-03-11,90,52.16,2391.4,83.5,3.58,2.53,64.1,0.633,0.205,27.88,0.658,9.54,12021.3,6.47,0.681,True,False
BGW-013,5,2021-03-12,91,51.97,2407.8,84.8,2.45,2.52,69.3,0.666,0.215,20.33,0.664,6.83,12027.6,4.92,0.5,True,False
BGW-013,5,2021-03-13,92,51.79,2423.8,91.7,3.44,2.51,60.1,0.633,0.203,29.12,0.668,9.67,12370.6,6.26,0.662,True,False
BGW-013,5,2021-03-14,93,51.61,2439.5,83.4,3.32,2.5,61.2,0.635,0.203,25.48,0.68,8.16,12055.0,5.92,0.642,True,False
BGW-013,5,2021-03-15,94,51.43,2454.7,86.2,2.47,2.5,67.2,0.66,0.21,20.29,0.642,7.27,12052.8,5.3,0.5,True,False
BGW-013,5,2021-03-16,95,51.27,2469.6,85.0,2.52,2.49,63.4,0.657,0.208,20.23,0.705,5.97,12320.1,5.17,0.506,True,False
BGW-013,5,2021-03-17,96,51.11,2484.1,86.5,2.56,2.48,59.4,0.654,0.206,20.71,0.67,6.83,12325.9,5.3,0.514,True,False
BGW-013,5,2021-03-18,97,50.95,2498.2,82.4,3.02,2.48,62.2,0.637,0.199,22.56,0.712,6.51,11640.9,5.53,0.596,True,False
BGW-013,6,2021-03-31,1,152.57,152.1,97.9,6.5,5.01,87.2,0.85,0.744,215.16,0.156,181.66,12229.5,9.78,0.261,False,False
BGW-013,6,2021-04-01,2,148.98,164.1,97.5,4.85,4.98,88.6,0.9,0.784,168.63,0.136,145.69,11953.8,7.75,0.0,False,False
BGW-013,6,2021-04-02,3,145.51,176.8,97.2,4.92,4.94,82.1,0.9,0.78,169.32,0.166,141.19,12054.6,7.63,0.0,False,False
BGW-013,6,2021-04-03,4,142.15,190.3,97.0,6.49,4.91,82.1,0.847,0.73,208.65,0.172,172.69,12174.3,10.01,0.276,False,False
BGW-013,6,2021-04-04,5,138.91,204.5,97.7,4.88,4.87,93.2,0.9,0.77,166.97,0.199,133.74,12156.7,7.96,0.002,False,False
BGW-013,6,2021-04-05,6,135.77,219.5,100.0,5.46,4.84,91.6,0.879,0.747,185.61,0.151,157.53,12015.4,8.69,0.114,False,False
BGW-013,6,2021-04-06,7,132.74,235.2,100.0,5.07,4.8,85.3,0.891,0.752,173.33,0.155,146.44,12273.7,8.0,0.055,False,False
BGW-013,6,2021-04-07,8,129.82,251.8,99.5,4.8,4.76,81.0,0.899,0.753,163.37,0.193,131.78,12208.5,7.8,0.018,False,False
BGW-013,6,2021-04-08,9,126.99,269.1,100.0,6.5,4.72,82.7,0.841,0.699,206.39,0.155,174.36,12127.5,9.52,0.327,False,False
BGW-013,6,2021-04-09,10,124.26,287.3,99.7,4.88,4.68,86.3,0.893,0.736,162.94,0.247,122.72,12097.3,7.86,0.055,False,False
BGW-013,6,2021-04-10,11,121.62,306.2,100.0,5.16,4.64,92.3,0.883,0.721,169.08,0.216,132.56,12042.7,8.21,0.115,False,False
BGW-013,6,2021-04-11,12,119.07,326.0,100.0,4.5,4.6,85.9,0.9,0.728,148.91,0.177,122.5,12035.4,7.46,0.029,False,False
BGW-013,6,2021-04-12,13,116.61,346.6,100.0,5.24,4.56,79.3,0.877,0.703,167.32,0.236,127.85,12212.5,8.14,0.153,False,False
BGW-013,6,2021-04-13,14,114.23,368.0,98.7,5.3,4.52,81.3,0.874,0.693,164.67,0.228,127.19,12028.9,8.29,0.175,False,False
BGW-013,6,2021-04-14,15,111.93,390.2,97.4,4.36,4.47,91.4,0.9,0.705,136.08,0.242,103.19,12114.1,7.36,0.043,False,False
BGW-013,6,2021-04-15,16,109.71,413.1,100.0,4.24,4.43,89.9,0.898,0.696,134.21,0.221,104.61,12206.8,7.26,0.048,False,False
BGW-013,6,2021-04-16,17,107.56,436.9,100.0,5.6,4.38,78.1,0.855,0.655,166.61,0.194,134.31,12206.1,8.89,0.266,False,False
BGW-013,6,2021-04-17,18,105.49,461.5,99.0,4.26,4.34,90.0,0.893,0.675,129.58,0.245,97.82,12088.9,6.9,0.059,False,False
BGW-013,6,2021-04-18,19,103.48,486.8,97.0,5.15,4.3,85.1,0.861,0.643,146.15,0.232,112.3,12079.1,8.21,0.215,False,False
BGW-013,6,2021-04-19,20,101.55,512.8,100.0,5.3,4.25,84.0,0.852,0.628,151.3,0.258,112.26,12412.9,8.49,0.255,False,False
BGW-013,6,2021-04-20,21,99.68,539.6,98.9,4.33,4.21,79.5,0.88,0.64,124.5,0.253,92.97,12290.5,7.36,0.099,False,False
BGW-013,6,2021-04-21,22,97.87,567.1,99.6,4.29,4.16,85.9,0.876,0.629,122.24,0.292,86.55,12358.0,7.41,0.107,False,False
BGW-013,6,2021-04-22,23,96.12,595.2,100.0,5.09,4.12,80.1,0.845,0.597,138.24,0.241,104.86,12406.0,8.44,0.26,False,False
BGW-013,6,2021-04-23,24,94.44,624.0,96.4,4.22,4.07,86.8,0.869,0.606,112.09,0.265,82.44,12002.9,7.25,0.123,False,False
BGW-013,6,2021-04-24,25,92.81,653.4,100.0,5.81,4.03,84.3,0.811,0.557,147.15,0.271,107.25,12239.3,8.78,0.416,False,False
BGW-013,6,2021-04-25,26,91.23,683.5,100.0,4.95,3.98,85.8,0.835,0.565,127.13,0.28,91.54,12272.8,8.03,0.28,False,False
BGW-013,6,2021-04-26,27,89.71,714.0,97.0,3.94,3.94,80.8,0.863,0.575,100.0,0.278,72.19,12328.9,6.9,0.118,False,False
BGW-013,6,2021-04-27,28,88.24,745.1,99.6,5.23,3.9,73.8,0.815,0.535,126.52,0.289,89.96,12466.2,8.35,0.357,False,False
BGW-013,6,2021-04-28,29,86.82,776.7,97.0,3.67,3.85,88.1,0.856,0.553,89.45,0.279,64.5,12325.2,6.55,0.131,False,False
BGW-013,6,2021-04-29,30,85.44,808.7,96.1,3.96,3.81,88.2,0.847,0.538,93.05,0.303,64.82,11983.2,6.57,0.164,False,False
BGW-013,6,2021-04-30,31,84.12,841.2,99.8,3.68,3.77,78.7,0.849,0.531,88.53,0.308,61.29,12497.2,6.5,0.146,False,False
BGW-013,6,2021-05-01,32,82.84,874.0,100.0,5.15,3.73,73.5,0.797,0.491,114.79,0.313,78.86,12148.8,8.04,0.402,False,False
BGW-013,6,2021-05-02,33,81.6,907.2,97.6,3.67,3.69,81.8,0.841,0.509,82.78,0.327,55.69,12056.9,6.67,0.161,False,False
BGW-013,6,2021-05-03,34,80.4,940.7,99.8,3.72,3.65,77.8,0.835,0.497,83.77,0.325,56.53,12357.2,6.92,0.18,False,False
BGW-013,6,2021-05-04,35,79.24,974.4,100.0,4.58,3.61,72.8,0.801,0.469,97.54,0.3,68.29,12536.6,7.77,0.345,False,False
BGW-013,6,2021-05-05,36,78.13,1008.4,95.6,3.43,3.57,83.6,0.829,0.478,71.27,0.3,49.86,12174.8,6.27,0.184,False,False
BGW-013,6,2021-05-06,37,77.05,1042.6,100.0,4.28,3.53,83.7,0.8,0.453,88.29,0.347,57.69,12639.5,7.59,0.323,False,False
BGW-013,6,2021-05-07,38,76.01,1076.9,100.0,4.09,3.5,77.1,0.801,0.447,83.08,0.327,55.88,12483.2,7.21,0.303,False,False
BGW-013,6,2021-05-08,39,75.0,1111.4,98.5,3.31,3.46,79.0,0.817,0.448,66.32,0.359,42.5,12619.6,6.48,0.207,False,False
BGW-013,6,2021-05-09,40,74.03,1145.9,100.0,3.81,3.43,73.5,0.8,0.432,74.79,0.378,46.48,12490.7,6.91,0.283,False,False
BGW-013,6,2021-05-10,41,73.08,1180.5,93.2,4.9,3.39,69.8,0.759,0.403,83.59,0.348,54.53,12038.6,7.83,0.487,True,False
BGW-013,6,2021-05-11,42,72.18,1215.1,95.5,3.51,3.36,81.4,0.8,0.418,63.65,0.357,40.95,12303.2,6.53,0.258,False,False
BGW-013,6,2021-05-12,43,71.3,1249.7,96.7,4.36,3.32,70.8,0.766,0.394,75.45,0.37,47.57,12403.0,7.36,0.419,False,False
BGW-013,6,2021-05-13,44,70.45,1284.2,96.2,3.24,3.29,81.2,0.797,0.403,57.22,0.407,33.96,12166.7,6.17,0.246,False,False
BGW-013,6,2021-05-14,45,69.63,1318.6,97.1,3.29,3.26,82.3,0.792,0.395,57.35,0.365,36.42,12436.4,6.38,0.26,False,False
BGW-013,6,2021-05-15,46,68.84,1352.9,90.5,3.99,3.23,77.0,0.763,0.375,61.51,0.35,40.0,11768.5,6.67,0.396,False,False
BGW-013,6,2021-05-16,47,68.07,1387.0,95.4,3.35,3.2,71.7,0.78,0.377,54.81,0.398,33.0,12302.0,6.49,0.297,False,False
BGW-013,6,2021-05-17,48,67.33,1421.0,100.0,3.49,3.17,72.4,0.77,0.367,58.15,0.404,34.66,12584.0,6.5,0.333,False,False
BGW-013,6,2021-05-18,49,66.62,1454.7,94.0,3.38,3.14,78.3,0.769,0.361,52.11,0.421,30.18,12072.9,6.13,0.327,False,False
BGW-013,6,2021-05-19,50,65.93,1488.2,96.0,3.55,3.11,71.0,0.758,0.351,54.37,0.378,33.79,12260.2,6.39,0.37,False,False
BGW-013,6,2021-05-20,51,65.26,1521.4,97.2,4.02,3.09,69.7,0.738,0.336,59.67,0.407,35.39,12388.0,6.92,0.463,True,False
BGW-013,6,2021-05-21,52,64.62,1554.4,95.1,3.19,3.06,77.8,0.761,0.342,47.12,0.371,29.62,11957.0,5.87,0.33,False,False
BGW-013,6,2021-05-22,53,64.0,1587.0,95.7,3.82,3.04,73.8,0.735,0.326,54.14,0.456,29.43,12186.8,6.49,0.452,True,False
BGW-013,6,2021-05-23,54,63.39,1619.3,94.7,2.95,3.01,71.9,0.758,0.331,42.02,0.406,24.97,12165.5,5.71,0.323,False,False
BGW-013,6,2021-05-24,55,62.81,1651.2,100.0,3.28,2.99,73.3,0.744,0.321,47.88,0.404,28.53,12487.1,6.03,0.382,False,False
BGW-013,6,2021-05-25,56,62.25,1682.8,92.3,2.96,2.96,76.6,0.75,0.319,39.6,0.414,23.2,12188.0,5.91,0.337,False,False
BGW-013,6,2021-05-26,57,61.71,1714.0,92.8,4.23,2.94,70.5,0.704,0.296,52.75,0.425,30.33,12298.1,7.36,0.57,True,False
BGW-013,6,2021-05-27,58,61.18,1744.7,93.6,4.18,2.92,70.4,0.701,0.291,51.73,0.467,27.6,12263.8,7.14,0.572,True,False
BGW-013,6,2021-05-28,59,60.68,1775.1,90.9,4.04,2.9,63.5,0.701,0.287,47.98,0.45,26.4,12089.7,6.64,0.558,True,False
BGW-013,6,2021-05-29,60,60.19,1805.0,92.6,2.92,2.88,75.0,0.735,0.298,36.52,0.464,19.59,12116.5,5.68,0.372,False,False
BGW-013,6,2021-05-30,61,59.72,1834.5,91.4,3.0,2.86,73.0,0.728,0.291,36.28,0.463,19.47,12131.6,5.97,0.396,False,False
BGW-013,6,2021-05-31,62,59.26,1863.5,89.9,2.85,2.84,67.4,0.729,0.288,33.6,0.46,18.16,12076.4,5.63,0.381,False,False
BGW-013,6,2021-06-01,63,58.82,1892.0,89.1,2.93,2.82,67.9,0.722,0.282,33.57,0.438,18.85,12161.8,5.99,0.405,False,False
BGW-013,6,2021-06-02,64,58.39,1920.1,91.3,2.93,2.8,72.9,0.718,0.278,33.8,0.507,16.65,12036.3,5.82,0.414,False,False
BGW-013,6,2021-06-03,65,57.98,1947.7,87.7,3.08,2.78,70.5,0.709,0.271,33.35,0.483,17.25,12176.5,5.96,0.45,False,False
BGW-013,6,2021-06-04,66,57.58,1974.8,89.9,2.85,2.77,73.8,0.714,0.27,31.42,0.441,17.55,12166.7,5.72,0.418,False,False
BGW-013,6,2021-06-05,67,57.2,2001.4,87.1,3.0,2.75,70.8,0.705,0.264,31.37,0.491,15.96,12093.8,6.02,0.453,True,False
BGW-013,6,2021-06-06,68,56.82,2027.5,91.0,2.85,2.73,71.5,0.706,0.262,30.86,0.481,16.01,11952.1,5.46,0.436,False,False
BGW-013,6,2021-06-07,69,56.47,2053.1,91.3,2.73,2.72,72.6,0.707,0.26,29.46,0.494,14.89,12291.3,5.6,0.424,False,False
BGW-013,6,2021-06-08,70,56.12,2078.2,91.4,3.57,2.7,61.3,0.675,0.246,36.43,0.485,18.74,12026.2,6.56,0.579,True,False
BGW-013,6,2021-06-09,71,55.78,2102.7,90.4,2.8,2.69,65.5,0.698,0.252,28.95,0.474,15.22,12022.0,5.28,0.452,True,False
BGW-013,6,2021-06-10,72,55.46,2126.8,88.1,3.61,2.67,63.9,0.667,0.238,34.48,0.499,17.29,12221.2,6.21,0.602,True,False
BGW-013,6,2021-06-11,73,55.15,2150.4,89.5,2.71,2.66,72.2,0.694,0.246,27.07,0.482,14.03,12329.6,5.64,0.452,True,False
BGW-013,6,2021-06-12,74,54.84,2173.5,96.8,2.86,2.65,68.7,0.686,0.241,30.31,0.526,14.36,12158.4,5.63,0.485,True,False
BGW-013,6,2021-06-13,75,54.55,2196.0,85.0,3.79,2.63,63.1,0.652,0.227,33.23,0.536,15.42,11922.4,6.56,0.656,True,False
BGW-013,6,2021-06-14,76,54.27,2218.1,88.9,3.02,2.62,66.8,0.675,0.233,28.46,0.527,13.45,12078.1,5.69,0.529,True,False
BGW-013,6,2021-06-15,77,54.0,2239.7,88.6,3.0,2.61,67.6,0.672,0.23,27.85,0.523,13.29,12083.6,5.81,0.532,True,False
BGW-013,6,2021-06-16,78,53.73,2260.7,87.0,2.48,2.6,66.4,0.683,0.232,22.77,0.565,9.9,12198.4,5.01,0.468,True,False
BGW-013,6,2021-06-17,79,53.48,2281.3,87.2,2.46,2.59,69.7,0.681,0.23,22.44,0.549,10.12,12382.0,5.34,0.473,True,False
BGW-013,6,2021-06-18,80,53.23,2301.4,95.5,3.1,2.58,64.0,0.661,0.222,29.77,0.531,13.97,12375.9,6.07,0.568,True,False
BGW-013,6,2021-06-19,81,52.99,2321.0,89.1,2.53,2.57,63.8,0.676,0.225,23.09,0.568,9.98,11965.8,5.27,0.482,True,False
BGW-013,6,2021-06-20,82,52.77,2340.2,84.0,2.99,2.56,66.4,0.659,0.218,24.91,0.545,11.34,11800.0,5.74,0.563,True,False
BGW-013,6,2021-06-21,83,52.54,2358.8,89.9,2.57,2.55,69.6,0.671,0.22,23.16,0.599,9.28,12150.8,5.48,0.496,True,False
BGW-013,6,2021-06-22,84,52.33,2377.0,88.8,2.48,2.54,68.2,0.669,0.218,21.88,0.584,9.11,12051.2,5.17,0.495,True,False
BGW-013,6,2021-06-23,85,52.12,2394.8,85.0,2.52,2.53,68.1,0.667,0.216,21.06,0.576,8.94,11842.5,5.2,0.499,True,False
BGW-013,6,2021-06-24,86,51.92,2412.0,88.9,2.47,2.52,64.2,0.665,0.214,21.36,0.549,9.64,12402.6,5.11,0.5,True,False
BGW-013,6,2021-06-25,87,51.73,2428.9,87.9,2.55,2.51,66.6,0.662,0.212,21.59,0.607,8.48,11930.8,5.38,0.507,True,False
BGW-013,6,2021-06-26,88,51.54,2445.3,87.2,2.46,2.5,65.3,0.661,0.211,20.54,0.577,8.69,12093.8,5.1,0.5,True,False
BGW-013,6,2021-06-27,89,51.36,2461.3,86.2,2.49,2.49,63.5,0.66,0.209,20.37,0.615,7.84,11987.9,5.04,0.5,True,False
BGW-013,6,2021-06-28,90,51.19,2476.8,88.5,2.41,2.49,60.8,0.658,0.207,20.05,0.602,7.99,11962.0,5.04,0.5,True,False
BGW-013,6,2021-06-29,91,51.02,2492.0,86.0,2.38,2.48,66.5,0.656,0.206,19.11,0.601,7.63,12116.6,5.08,0.5,True,False
BGW-013,6,2021-06-30,92,50.85,2506.7,85.9,2.39,2.47,68.4,0.654,0.204,19.07,0.611,7.43,12296.5,5.25,0.5,True,False
BGW-013,6,2021-07-01,93,50.7,2521.0,86.0,2.67,2.46,58.6,0.646,0.2,20.91,0.64,7.54,12060.7,5.31,0.536,True,False
BGW-013,6,2021-07-02,94,50.55,2534.9,87.3,2.98,2.46,66.2,0.634,0.196,23.12,0.641,8.31,12057.5,5.77,0.591,True,False
BGW-013,6,2021-07-03,95,50.4,2548.5,85.5,2.44,2.45,63.8,0.649,0.2,18.95,0.654,6.55,12149.1,5.23,0.5,True,False
BGW-013,6,2021-07-04,96,50.26,2561.6,85.9,2.36,2.44,63.2,0.648,0.198,18.24,0.601,7.28,11733.2,5.03,0.5,True,False
BGW-013,6,2021-07-05,97,50.12,2574.4,85.2,2.42,2.44,67.7,0.646,0.197,18.5,0.658,6.33,12027.1,5.15,0.5,True,False
BGW-013,6,2021-07-06,98,49.99,2586.9,90.5,2.61,2.43,62.2,0.639,0.194,20.84,0.67,6.87,12165.2,5.34,0.532,True,False
BGW-013,6,2021-07-07,99,49.86,2599.0,88.1,2.46,2.43,58.1,0.643,0.194,19.1,0.645,6.78,12009.2,5.2,0.505,True,False
BGW-013,6,2021-07-08,100,49.74,2610.7,94.0,2.99,2.42,59.3,0.623,0.188,23.97,0.639,8.66,12105.4,5.39,0.599,True,False
BGW-013,6,2021-07-09,101,49.62,2622.1,90.2,2.88,2.42,56.5,0.625,0.188,22.16,0.661,7.52,12061.8,5.57,0.582,True,False
BGW-013,6,2021-07-10,102,49.5,2633.2,86.1,2.49,2.41,64.7,0.637,0.19,18.53,0.648,6.53,12209.7,5.38,0.514,True,False
BGW-013,6,2021-07-11,103,49.39,2643.9,88.6,2.73,2.41,63.4,0.628,0.187,20.5,0.671,6.74,12270.5,5.52,0.556,True,False
BGW-013,6,2021-07-12,104,49.28,2654.4,92.0,2.61,2.4,61.9,0.63,0.187,20.42,0.631,7.53,12255.6,5.2,0.537,True,False
BGW-013,6,2021-07-13,105,49.18,2664.5,86.5,3.03,2.4,62.5,0.615,0.182,21.64,0.695,6.6,12222.0,5.66,0.61,True,False
BGW-013,6,2021-07-14,106,49.08,2674.3,88.0,2.28,2.39,64.5,0.635,0.187,17.02,0.695,5.19,12117.4,5.03,0.5,True,False
BGW-013,6,2021-07-15,107,48.98,2683.8,83.1,2.46,2.39,58.3,0.631,0.185,17.26,0.687,5.4,11530.1,5.03,0.513,True,False
BGW-013,6,2021-07-16,108,48.89,2693.1,87.6,2.38,2.38,60.9,0.632,0.185,17.56,0.694,5.37,11987.0,5.21,0.5,True,False
BGW-013,6,2021-07-17,109,48.79,2702.1,91.6,3.34,2.38,56.9,0.599,0.175,24.36,0.663,8.22,12462.5,5.74,0.668,True,False
BGW-014,1,2019-06-06,1,134.22,198.9,96.1,5.45,4.89,89.2,0.881,0.756,180.01,0.139,155.06,11986.0,8.34,0.099,False,False
BGW-014,1,2019-06-07,2,130.57,216.4,100.0,5.97,4.85,87.5,0.862,0.734,199.3,0.119,175.59,12217.8,8.93,0.201,False,False
BGW-014,1,2019-06-08,3,127.07,234.9,100.0,4.9,4.8,82.8,0.897,0.757,168.63,0.2,134.96,12075.2,8.03,0.025,False,False
BGW-014,1,2019-06-09,4,123.72,254.5,100.0,5.12,4.76,82.5,0.888,0.743,172.71,0.157,145.59,12123.3,8.12,0.075,False,False
BGW-014,1,2019-06-10,5,120.51,275.2,100.0,6.5,4.71,81.0,0.84,0.696,205.69,0.161,172.66,12215.2,9.53,0.33,False,False
BGW-014,1,2019-06-11,6,117.43,297.0,99.8,4.6,4.66,92.2,0.9,0.738,153.96,0.153,130.37,12229.1,7.6,0.022,False,False
BGW-014,1,2019-06-12,7,114.48,319.8,100.0,5.15,4.61,80.2,0.882,0.716,167.42,0.167,139.46,12022.0,8.06,0.121,False,False
BGW-014,1,2019-06-13,8,111.65,343.7,100.0,4.59,4.56,83.2,0.899,0.721,150.47,0.182,123.15,12263.6,7.58,0.038,False,False
BGW-014,1,2019-06-14,9,108.93,368.7,100.0,6.46,4.51,75.4,0.835,0.662,194.15,0.188,157.57,12339.0,9.71,0.378,False,False
BGW-014,1,2019-06-15,10,106.33,394.7,100.0,4.66,4.46,82.3,0.893,0.699,148.04,0.183,121.0,12294.4,7.58,0.079,False,False
BGW-014,1,2019-06-16,11,103.84,421.7,100.0,6.02,4.41,85.8,0.844,0.651,178.15,0.221,138.73,12209.8,9.18,0.331,False,False
BGW-014,1,2019-06-17,12,101.45,449.7,98.3,4.4,4.36,91.4,0.893,0.679,133.7,0.202,106.74,11931.6,7.21,0.064,False,False
BGW-014,1,2019-06-18,13,99.16,478.6,99.9,4.22,4.31,81.0,0.891,0.668,127.91,0.195,103.03,11904.5,7.04,0.063,False,False
BGW-014,1,2019-06-19,14,96.97,508.5,100.0,4.46,4.26,83.0,0.881,0.651,131.8,0.24,100.19,12309.1,7.47,0.105,False,False
BGW-014,1,2019-06-20,15,94.86,539.3,95.8,4.9,4.21,80.3,0.861,0.626,133.43,0.246,100.61,12386.8,8.18,0.198,False,False
BGW-014,1,2019-06-21,16,92.85,570.8,100.0,5.16,4.16,86.8,0.847,0.606,142.11,0.213,111.78,12279.2,8.14,0.26,False,False
BGW-014,1,2019-06-22,17,90.91,603.2,98.0,4.71,4.1,87.9,0.856,0.603,126.38,0.217,98.95,12123.0,8.01,0.197,False,False
BGW-014,1,2019-06-23,18,89.06,636.3,97.5,3.97,4.05,80.7,0.872,0.604,106.37,0.273,77.33,12071.7,6.72,0.099,False,False
BGW-014,1,2019-06-24,19,87.28,670.0,100.0,3.95,4.0,78.8,0.868,0.592,106.3,0.266,78.05,12127.2,6.72,0.107,False,False
BGW-014,1,2019-06-25,20,85.58,704.4,95.1,5.37,3.95,80.6,0.817,0.547,126.94,0.243,96.13,12227.8,8.61,0.362,False,False
BGW-014,1,2019-06-26,21,83.95,739.4,99.8,3.76,3.91,81.1,0.86,0.566,96.48,0.235,73.84,12487.7,6.69,0.123,False,False
BGW-014,1,2019-06-27,22,82.38,774.8,100.0,5.01,3.86,74.6,0.818,0.528,120.34,0.289,85.56,12071.2,8.14,0.332,False,False
BGW-014,1,2019-06-28,23,80.88,810.7,99.6,3.9,3.81,84.5,0.849,0.539,95.06,0.272,69.24,12311.4,6.73,0.154,False,False
BGW-014,1,2019-06-29,24,79.45,847.0,100.0,5.27,3.76,82.3,0.798,0.497,119.07,0.308,82.39,12515.3,8.47,0.41,False,False
BGW-014,1,2019-06-30,25,78.07,883.6,96.7,4.73,3.72,76.7,0.81,0.496,103.16,0.293,72.97,12039.2,7.94,0.333,False,False
BGW-014,1,2019-07-01,26,76.75,920.4,96.6,3.57,3.67,83.9,0.839,0.505,79.06,0.293,55.87,12234.5,6.54,0.164,False,False
BGW-014,1,2019-07-02,27,75.48,957.4,100.0,3.82,3.63,74.9,0.829,0.489,85.01,0.301,59.4,11977.7,6.83,0.206,False,False
BGW-014,1,2019-07-03,28,74.27,994.6,98.7,4.3,3.59,74.7,0.807,0.468,90.32,0.312,62.1,12393.5,7.35,0.305,False,False
BGW-014,1,2019-07-04,29,73.1,1031.8,99.2,3.43,3.55,75.3,0.826,0.471,72.89,0.297,51.21,12503.8,6.22,0.189,False,False
BGW-014,1,2019-07-05,30,71.99,1069.0,91.5,4.44,3.51,74.3,0.791,0.443,81.73,0.318,55.73,11855.6,7.3,0.361,False,False
BGW-014,1,2019-07-06,31,70.92,1106.2,95.3,4.83,3.47,72.2,0.772,0.425,88.81,0.283,63.65,12127.5,8.02,0.445,False,False
BGW-014,1,2019-07-07,32,69.9,1143.3,97.7,3.28,3.43,75.8,0.813,0.439,64.03,0.365,40.66,12342.8,6.28,0.214,False,False
BGW-014,1,2019-07-08,33,68.91,1180.3,95.4,3.22,3.39,79.6,0.809,0.43,60.06,0.305,41.74,12233.7,6.14,0.223,False,False
BGW-014,1,2019-07-09,34,67.97,1217.0,95.1,4.31,3.35,77.6,0.773,0.403,75.24,0.311,51.85,12211.7,7.13,0.399,False,False
BGW-014,1,2019-07-10,35,67.07,1253.5,92.9,3.27,3.32,83.1,0.8,0.411,56.8,0.345,37.18,12127.8,6.04,0.239,False,False
BGW-014,1,2019-07-11,36,66.21,1289.7,92.7,3.18,3.29,76.3,0.796,0.402,53.95,0.334,35.91,12146.9,6.05,0.248,False,False
BGW-014,1,2019-07-12,37,65.38,1325.6,100.0,3.71,3.25,71.0,0.777,0.386,65.06,0.366,41.26,12476.4,6.56,0.335,False,False
BGW-014,1,2019-07-13,38,64.58,1361.1,98.0,4.65,3.22,69.0,0.74,0.362,74.93,0.371,47.15,12422.2,7.5,0.513,True,False
BGW-014,1,2019-07-14,39,63.82,1396.1,93.3,4.52,3.19,76.0,0.74,0.356,68.19,0.368,43.1,12155.1,7.24,0.504,True,False
BGW-014,1,2019-07-15,40,63.09,1430.8,93.1,3.32,3.16,70.7,0.775,0.367,51.53,0.358,33.09,12245.0,6.21,0.307,False,False
BGW-014,1,2019-07-16,41,62.39,1464.9,91.5,3.04,3.13,71.7,0.776,0.362,45.86,0.378,28.51,12127.1,5.78,0.287,False,False
BGW-014,1,2019-07-17,42,61.72,1498.5,96.7,3.56,3.11,68.8,0.757,0.348,54.58,0.364,34.7,12348.7,6.76,0.376,False,False
BGW-014,1,2019-07-18,43,61.07,1531.6,88.5,3.28,3.08,69.7,0.761,0.345,45.6,0.392,27.74,11985.4,6.3,0.338,False,False
BGW-014,1,2019-07-19,44,60.46,1564.1,100.0,3.41,3.05,72.6,0.752,0.337,52.19,0.365,33.12,12465.4,6.47,0.373,False,False
BGW-014,1,2019-07-20,45,59.87,1596.1,90.0,3.68,3.03,76.6,0.739,0.326,49.11,0.371,30.9,11949.7,6.39,0.431,False,False
BGW-014,1,2019-07-21,46,59.3,1627.4,95.1,3.07,3.0,78.3,0.755,0.329,43.58,0.403,26.03,12235.5,5.99,0.335,False,False
BGW-014,1,2019-07-22,47,58.76,1658.1,92.4,3.1,2.98,67.9,0.749,0.322,41.99,0.435,23.74,12124.6,5.6,0.353,False,False
BGW-014,1,2019-07-23,48,58.24,1688.2,93.8,2.99,2.96,70.8,0.749,0.318,40.56,0.448,22.41,12045.4,5.78,0.344,False,False
BGW-014,1,2019-07-24,49,57.74,1717.6,94.8,3.33,2.94,67.7,0.733,0.308,44.15,0.421,25.58,12853.7,6.38,0.414,False,False
BGW-014,1,2019-07-25,50,57.26,1746.4,97.0,4.05,2.92,67.2,0.705,0.292,52.18,0.395,31.56,12743.1,7.14,0.549,True,False
BGW-014,1,2019-07-26,51,56.8,1774.6,91.3,2.87,2.9,73.8,0.74,0.303,36.17,0.432,20.55,11923.0,5.47,0.358,False,False
BGW-014,1,2019-07-27,52,56.36,1802.0,91.5,2.89,2.88,67.7,0.736,0.298,35.89,0.406,21.33,12166.8,5.5,0.366,False,False
BGW-014,1,2019-07-28,53,55.94,1828.8,93.4,2.88,2.86,76.1,0.733,0.294,35.87,0.429,20.49,12430.7,5.63,0.373,False,False
BGW-014,1,2019-07-29,54,55.54,1855.0,88.5,3.3,2.84,73.1,0.715,0.284,37.7,0.435,21.29,12049.5,5.99,0.457,True,False
BGW-014,1,2019-07-30,55,55.15,1880.4,88.9,2.8,2.83,65.8,0.727,0.286,32.27,0.477,16.87,12161.5,5.65,0.382,False,False
BGW-014,1,2019-07-31,56,54.78,1905.2,96.6,3.7,2.81,68.0,0.695,0.27,43.92,0.534,20.45,12165.0,6.54,0.544,True,False
BGW-014,1,2019-08-01,57,54.42,1929.3,96.4,3.33,2.79,72.3,0.704,0.271,39.61,0.477,20.74,12408.5,6.18,0.487,True,False
BGW-014,1,2019-08-02,58,54.08,1952.8,92.7,3.28,2.78,72.7,0.702,0.268,37.03,0.477,19.36,12321.1,6.04,0.486,True,False
BGW-014,1,2019-08-03,59,53.76,1975.6,92.1,2.8,2.77,71.9,0.715,0.271,31.71,0.487,16.26,12272.9,5.73,0.409,False,False
BGW-014,1,2019-08-04,60,53.44,1997.7,96.4,3.4,2.75,62.4,0.692,0.26,38.65,0.475,20.3,12131.7,6.34,0.522,True,False
BGW-014,1,2019-08-05,61,53.14,2019.2,87.5,2.65,2.74,67.4,0.711,0.265,27.85,0.473,14.68,11917.9,5.5,0.413,False,False
BGW-014,1,2019-08-06,62,52.86,2040.1,88.2,2.83,2.73,67.7,0.705,0.26,29.55,0.515,14.32,12093.7,5.61,0.437,False,False
BGW-014,1,2019-08-07,63,52.58,2060.3,89.6,2.71,2.71,70.7,0.706,0.259,28.53,0.528,13.46,12287.5,5.66,0.423,False,False
BGW-014,1,2019-08-08,64,52.31,2079.9,89.3,3.32,2.7,68.1,0.683,0.249,33.49,0.526,15.87,12049.5,5.91,0.535,True,False
BGW-014,1,2019-08-09,65,52.06,2098.9,85.4,3.59,2.69,69.5,0.672,0.243,33.79,0.511,16.51,12138.7,6.55,0.589,True,False
BGW-014,1,2019-08-10,66,51.82,2117.3,90.0,2.8,2.68,72.5,0.696,0.249,28.56,0.535,13.29,12043.9,5.57,0.457,True,False
BGW-014,1,2019-08-11,67,51.59,2135.2,88.3,2.79,2.67,70.0,0.693,0.247,27.69,0.534,12.91,12115.4,5.7,0.461,True,False
BGW-014,1,2019-08-12,68,51.36,2152.4,89.9,2.65,2.66,66.1,0.696,0.246,26.64,0.549,12.01,12433.0,5.59,0.444,False,False
BGW-014,1,2019-08-13,69,51.15,2169.1,89.4,2.73,2.65,72.3,0.691,0.243,26.93,0.537,12.47,11881.8,5.63,0.461,True,False
BGW-014,1,2019-08-14,70,50.94,2185.3,88.8,2.69,2.64,72.0,0.69,0.241,26.18,0.568,11.31,12139.2,5.43,0.459,True,False
BGW-014,1,2019-08-15,71,50.75,2200.9,95.3,3.09,2.63,65.2,0.674,0.234,31.45,0.548,14.21,12090.8,5.97,0.536,True,False
BGW-014,1,2019-08-16,72,50.56,2216.0,87.3,2.64,2.62,63.9,0.687,0.238,24.94,0.583,10.4,12164.6,5.22,0.462,True,False
BGW-014,1,2019-08-17,73,50.38,2230.5,94.1,3.24,2.62,64.8,0.666,0.229,31.7,0.544,14.46,12366.3,6.1,0.57,True,False
BGW-014,1,2019-08-18,74,50.2,2244.6,87.3,2.66,2.61,61.5,0.683,0.234,24.7,0.552,11.08,11984.7,5.2,0.475,True,False
BGW-014,1,2019-08-19,75,50.04,2258.2,85.5,3.57,2.6,59.8,0.651,0.222,30.74,0.551,13.79,12096.8,6.39,0.638,True,False
BGW-014,1,2019-08-20,76,49.88,2271.3,87.8,2.53,2.59,65.9,0.682,0.231,23.34,0.592,9.52,12193.1,5.25,0.471,True,False
BGW-014,1,2019-08-21,77,49.73,2284.0,87.9,3.01,2.59,65.8,0.666,0.225,27.07,0.613,10.49,12089.2,5.87,0.549,True,False
BGW-014,1,2019-08-22,78,49.58,2296.2,90.4,2.64,2.58,67.3,0.677,0.227,24.66,0.621,9.35,12247.0,5.74,0.487,True,False
BGW-014,1,2019-08-23,79,49.44,2308.0,87.2,2.46,2.57,68.8,0.677,0.227,22.08,0.61,8.62,12278.0,4.87,0.479,True,False
BGW-014,1,2019-08-24,80,49.31,2319.3,89.7,2.48,2.57,65.9,0.676,0.225,22.79,0.569,9.83,12285.7,5.24,0.482,True,False
BGW-014,1,2019-08-25,81,49.18,2330.2,94.1,3.13,2.56,63.2,0.656,0.218,29.16,0.639,10.54,12515.9,6.26,0.584,True,False
BGW-014,1,2019-08-26,82,49.05,2340.8,85.7,2.58,2.56,69.5,0.673,0.222,22.34,0.6,8.93,12057.8,5.18,0.491,True,False
BGW-014,1,2019-08-27,83,48.94,2351.0,89.1,2.58,2.55,62.1,0.671,0.221,23.1,0.602,9.19,11964.7,5.25,0.494,True,False
BGW-014,1,2019-08-28,84,48.82,2360.7,85.1,2.59,2.55,63.5,0.67,0.22,21.98,0.6,8.79,11859.4,5.17,0.498,True,False
BGW-014,1,2019-08-29,85,48.71,2370.2,86.1,2.47,2.54,64.8,0.67,0.219,21.2,0.614,8.19,12235.7,5.45,0.493,True,False
BGW-014,1,2019-08-30,86,48.61,2379.2,92.6,3.33,2.54,65.4,0.642,0.209,29.41,0.605,11.62,12411.5,6.14,0.635,True,False
BGW-014,1,2019-08-31,87,48.51,2388.0,88.7,2.62,2.53,64.1,0.665,0.216,22.83,0.675,7.43,12202.2,5.54,0.513,True,False
BGW-014,1,2019-09-01,88,48.41,2396.4,88.5,2.87,2.53,65.3,0.656,0.212,24.55,0.671,8.07,12208.7,5.5,0.56,True,False
BGW-014,1,2019-09-02,89,48.32,2404.5,86.3,2.58,2.52,65.5,0.664,0.215,21.7,0.662,7.33,12254.4,5.31,0.509,True,False
BGW-014,1,2019-09-03,90,48.23,2412.3,87.7,3.29,2.52,60.1,0.64,0.206,27.02,0.651,9.43,12020.4,6.01,0.635,True,False
BGW-014,1,2019-09-04,91,48.15,2419.8,86.0,2.52,2.51,63.5,0.664,0.214,20.99,0.657,7.2,11974.0,5.1,0.5,True,False
BGW-014,1,2019-09-05,92,48.07,2427.0,86.3,3.35,2.51,62.4,0.636,0.204,26.78,0.67,8.84,12057.3,6.24,0.647,True,False
BGW-014,1,2019-09-06,93,47.99,2433.9,88.3,2.75,2.51,68.2,0.655,0.209,23.09,0.707,6.77,12087.4,5.55,0.542,True,False
BGW-014,1,2019-09-07,94,47.92,2440.6,92.7,2.7,2.5,60.2,0.655,0.209,23.8,0.717,6.72,12422.4,5.63,0.535,True,False
BGW-014,1,2019-09-08,95,47.85,2447.0,86.4,2.4,2.5,61.2,0.661,0.211,19.86,0.691,6.13,12055.1,5.11,0.5,True,False
BGW-014,1,2019-09-09,96,47.78,2453.2,91.8,2.92,2.5,63.2,0.646,0.205,25.07,0.662,8.48,12196.4,6.0,0.575,True,False
BGW-014,2,2019-09-18,1,137.93,182.8,97.4,4.69,4.93,90.6,0.9,0.778,161.25,0.173,133.28,11925.4,7.77,0.0,False,False
BGW-014,2,2019-09-19,2,134.04,199.7,98.2,4.81,4.89,89.3,0.9,0.772,165.82,0.129,144.44,12078.8,7.53,0.0,False,False
BGW-014,2,2019-09-20,3,130.32,217.6,100.0,4.96,4.84,89.3,0.896,0.762,171.94,0.174,142.01,11987.1,7.51,0.025,False,False
BGW-014,2,2019-09-21,4,126.76,236.7,100.0,4.84,4.8,82.0,0.898,0.758,166.81,0.162,139.79,12230.3,7.96,0.016,False,False
BGW-014,2,2019-09-22,5,123.35,256.8,100.0,5.57,4.75,85.4,0.873,0.729,184.54,0.183,150.74,12079.6,8.56,0.156,False,False
BGW-014,2,2019-09-23,6,120.08,278.1,100.0,6.24,4.7,83.4,0.849,0.702,199.14,0.231,153.2,12236.8,9.35,0.286,False,False
BGW-014,2,2019-09-24,7,116.95,300.6,100.0,4.66,4.65,90.1,0.9,0.737,155.9,0.188,126.55,12127.1,7.52,0.023,False,False
BGW-014,2,2019-09-25,8,113.95,324.1,98.4,4.83,4.6,91.4,0.892,0.723,156.14,0.196,125.61,12127.2,7.61,0.068,False,False
BGW-014,2,2019-09-26,9,111.08,348.8,100.0,4.33,4.55,90.3,0.9,0.72,141.73,0.241,107.53,12135.3,7.33,0.034,False,False
BGW-014,2,2019-09-27,10,108.33,374.5,100.0,6.3,4.5,83.6,0.84,0.664,190.03,0.227,146.93,12052.5,9.52,0.354,False,False
BGW-014,2,2019-09-28,11,105.7,401.4,100.0,4.34,4.45,91.1,0.9,0.701,138.32,0.233,106.11,12246.5,7.29,0.046,False,False
BGW-014,2,2019-09-29,12,103.18,429.3,97.1,5.98,4.4,88.5,0.844,0.649,171.16,0.255,127.52,12044.8,8.98,0.328,False,False
BGW-014,2,2019-09-30,13,100.76,458.2,100.0,4.59,4.35,83.0,0.885,0.671,139.83,0.26,103.51,12182.4,7.52,0.101,False,False
BGW-014,2,2019-10-01,14,98.45,488.1,95.3,6.01,4.29,84.3,0.833,0.622,161.77,0.232,124.31,12039.5,8.77,0.366,False,False
BGW-014,2,2019-10-02,15,96.24,518.9,98.6,4.27,4.24,90.9,0.885,0.651,124.52,0.261,92.06,12377.2,7.34,0.078,False,False
BGW-014,2,2019-10-03,16,94.12,550.7,100.0,5.86,4.19,84.1,0.827,0.598,159.24,0.245,120.19,12263.5,8.77,0.372,False,False
BGW-014,2,2019-10-04,17,92.09,583.3,100.0,4.13,4.14,90.2,0.879,0.625,117.27,0.234,89.82,12312.6,6.94,0.087,False,False
BGW-014,2,2019-10-05,18,90.14,616.7,100.0,3.9,4.08,79.3,0.875,0.612,108.55,0.285,77.67,12359.7,6.69,0.095,False,False
BGW-014,2,2019-10-06,19,88.28,650.8,100.0,4.35,4.03,89.7,0.86,0.592,116.88,0.31,80.63,12307.4,7.3,0.158,False,False
BGW-014,2,2019-10-07,20,86.5,685.6,100.0,5.47,3.98,77.9,0.817,0.552,137.31,0.343,90.27,12261.9,8.41,0.371,False,False
BGW-014,2,2019-10-08,21,84.79,721.0,100.0,4.07,3.93,83.1,0.858,0.57,105.29,0.348,68.63,12208.5,6.9,0.142,False,False
BGW-014,2,2019-10-09,22,83.16,757.0,100.0,5.26,3.88,83.8,0.813,0.53,126.53,0.313,86.88,12359.5,8.31,0.367,False,False
BGW-014,2,2019-10-10,23,81.59,793.5,97.4,3.94,3.83,78.4,0.851,0.545,94.93,0.335,63.11,12184.3,6.81,0.154,False,False
BGW-014,2,2019-10-11,24,80.09,830.4,94.5,4.24,3.78,78.9,0.835,0.525,95.48,0.337,63.26,11973.3,7.21,0.223,False,False
BGW-014,2,2019-10-12,25,78.66,867.7,100.0,4.3,3.74,76.0,0.827,0.51,99.66,0.329,66.9,12323.6,7.46,0.25,False,False
BGW-014,2,2019-10-13,26,77.28,905.3,92.4,4.26,3.69,80.5,0.822,0.498,89.09,0.32,60.62,12182.8,7.35,0.259,False,False
BGW-014,2,2019-10-14,27,75.96,943.1,97.1,4.99,3.65,72.6,0.792,0.471,103.74,0.345,67.9,12456.1,8.02,0.404,False,False
BGW-014,2,2019-10-15,28,74.7,981.0,98.8,4.8,3.6,71.6,0.792,0.463,99.64,0.334,66.35,12266.8,7.84,0.387,False,False
BGW-014,2,2019-10-16,29,73.5,1019.1,95.3,3.64,3.56,84.3,0.825,0.473,74.53,0.382,46.03,12155.5,6.37,0.2,False,False
BGW-014,2,2019-10-17,30,72.34,1057.2,94.4,3.46,3.52,80.3,0.823,0.463,68.89,0.356,44.38,12072.1,6.24,0.195,False,False
BGW-014,2,2019-10-18,31,71.23,1095.2,95.3,4.26,3.48,72.3,0.793,0.438,80.79,0.407,47.88,12260.6,7.3,0.34,False,False
BGW-014,2,2019-10-19,32,70.17,1133.2,96.6,3.4,3.44,76.0,0.814,0.442,65.95,0.395,39.88,12431.7,6.64,0.212,False,False
BGW-014,2,2019-10-20,33,69.16,1171.0,94.1,3.46,3.4,78.8,0.808,0.431,63.8,0.418,37.12,12308.6,6.41,0.231,False,False
BGW-014,2,2019-10-21,34,68.18,1208.7,93.9,3.44,3.36,78.7,0.803,0.421,61.75,0.426,35.45,11954.1,6.21,0.242,False,False
BGW-014,2,2019-10-22,35,67.25,1246.1,97.7,3.49,3.33,77.0,0.796,0.41,63.55,0.419,36.92,12304.1,6.55,0.266,False,False
BGW-014,2,2019-10-23,36,66.36,1283.1,100.0,3.49,3.29,77.5,0.79,0.4,63.47,0.44,35.54,12369.8,6.35,0.281,False,False
BGW-014,2,2019-10-24,37,65.51,1319.9,95.6,4.15,3.26,70.3,0.763,0.38,68.57,0.414,40.15,12124.0,7.12,0.411,False,False
BGW-014,2,2019-10-25,38,64.69,1356.2,94.3,3.19,3.23,79.9,0.788,0.386,52.79,0.421,30.55,12304.3,6.0,0.263,False,False
BGW-014,2,2019-10-26,39,63.91,1392.2,95.8,3.21,3.19,76.8,0.784,0.378,52.82,0.453,28.9,12127.5,6.21,0.274,False,False
BGW-014,2,2019-10-27,40,63.15,1427.6,96.2,3.19,3.16,75.5,0.779,0.37,51.55,0.456,28.03,12463.9,6.29,0.283,False,False
BGW-014,2,2019-10-28,41,62.44,1462.5,96.1,3.97,3.13,78.4,0.748,0.35,60.6,0.459,32.78,12469.6,7.12,0.433,False,False
BGW-014,2,2019-10-29,42,61.75,1497.0,94.8,3.07,3.11,71.6,0.772,0.356,46.99,0.448,25.94,12249.8,6.04,0.295,False,False
BGW-014,2,2019-10-30,43,61.09,1530.8,94.1,3.99,3.08,67.5,0.738,0.335,57.19,0.5,28.62,12488.6,7.11,0.462,True,False
BGW-014,2,2019-10-31,44,60.46,1564.1,89.6,3.61,3.05,68.9,0.746,0.334,49.04,0.477,25.65,11714.3,6.46,0.407,False,False
BGW-014,2,2019-11-01,45,59.86,1596.7,94.6,3.1,3.03,77.8,0.758,0.335,44.59,0.479,23.23,12242.9,5.8,0.33,False,False
BGW-014,2,2019-11-02,46,59.28,1628.8,100.0,4.28,3.0,71.8,0.714,0.311,60.49,0.484,31.2,12201.2,6.89,0.548,True,False
BGW-014,2,2019-11-03,47,58.72,1660.1,91.0,3.74,2.98,71.2,0.728,0.313,48.41,0.518,23.34,12050.8,6.56,0.465,True,False
BGW-014,2,2019-11-04,48,58.19,1690.9,93.2,2.87,2.96,71.0,0.749,0.318,38.68,0.518,18.65,12365.8,5.65,0.339,False,False
BGW-014,2,2019-11-05,49,57.68,1720.9,93.1,2.93,2.94,77.5,0.746,0.313,38.76,0.483,20.02,12242.4,5.62,0.346,False,False
BGW-014,2,2019-11-06,50,57.2,1750.3,92.9,4.01,2.91,66.6,0.706,0.292,49.43,0.522,23.65,12108.6,6.95,0.543,True,False
BGW-014,2,2019-11-07,51,56.73,1778.9,91.2,3.01,2.89,75.4,0.735,0.301,37.49,0.584,15.62,12338.9,5.57,0.378,False,False
BGW-014,2,2019-11-08,52,56.29,1806.9,92.7,3.21,2.88,69.9,0.725,0.293,39.64,0.543,18.1,12095.1,5.63,0.423,False,False
BGW-014,2,2019-11-09,53,55.86,1834.2,94.2,3.11,2.86,68.0,0.724,0.29,38.6,0.582,16.14,12390.6,5.85,0.416,False,False
BGW-014,2,2019-11-10,54,55.45,1860.7,95.7,3.1,2.84,67.4,0.721,0.285,38.52,0.585,15.97,12227.6,5.94,0.424,False,False
BGW-014,2,2019-11-11,55,55.06,1886.6,99.1,3.89,2.82,66.5,0.691,0.271,47.41,0.573,20.23,12415.5,6.74,0.57,True,False
BGW-014,2,2019-11-12,56,54.68,1911.8,97.0,3.37,2.81,71.5,0.705,0.274,40.6,0.571,17.41,12402.6,6.52,0.487,True,False
BGW-014,2,2019-11-13,57,54.32,1936.3,91.9,2.92,2.79,66.6,0.716,0.275,33.64,0.579,14.15,12035.6,5.72,0.418,False,False
BGW-014,2,2019-11-14,58,53.98,1960.0,95.2,3.52,2.77,69.8,0.693,0.264,40.2,0.578,16.97,12492.1,6.66,0.53,True,False
BGW-014,2,2019-11-15,59,53.65,1983.1,90.7,2.85,2.76,74.7,0.712,0.269,31.57,0.585,13.1,12215.7,5.61,0.421,False,False
BGW-014,2,2019-11-16,60,53.33,2005.5,89.5,2.78,2.75,66.4,0.712,0.266,30.06,0.602,11.95,11994.6,5.63,0.415,False,False
BGW-014,2,2019-11-17,61,53.03,2027.3,98.2,3.18,2.73,70.3,0.695,0.258,36.63,0.627,13.66,12629.9,6.15,0.494,True,False
BGW-014,2,2019-11-18,62,52.74,2048.4,97.9,3.56,2.72,62.7,0.68,0.25,39.68,0.62,15.1,12187.2,6.53,0.568,True,False
BGW-014,2,2019-11-19,63,52.46,2068.8,88.7,2.66,2.71,71.0,0.705,0.258,27.62,0.638,10.01,11990.5,5.56,0.425,False,False
BGW-014,2,2019-11-20,64,52.2,2088.6,88.1,2.58,2.7,64.7,0.703,0.255,26.28,0.646,9.3,12133.2,5.23,0.429,False,False
BGW-014,2,2019-11-21,65,51.94,2107.7,94.0,3.49,2.69,69.4,0.674,0.243,36.17,0.637,13.13,12320.3,6.38,0.575,True,False
BGW-014,2,2019-11-22,66,51.7,2126.3,87.8,2.79,2.67,70.6,0.695,0.248,27.67,0.692,8.52,12084.1,5.39,0.458,True,False
BGW-014,2,2019-11-23,67,51.47,2144.2,96.5,3.64,2.66,60.4,0.664,0.236,37.68,0.627,14.04,12648.3,6.78,0.613,True,False
BGW-014,2,2019-11-24,68,51.25,2161.6,86.8,3.53,2.65,62.5,0.665,0.235,32.67,0.684,10.32,12008.7,6.28,0.599,True,False
BGW-014,2,2019-11-25,69,51.03,2178.3,86.4,2.58,2.64,65.9,0.693,0.243,24.58,0.666,8.21,12118.3,5.14,0.45,False,False
BGW-014,2,2019-11-26,70,50.83,2194.5,87.8,2.6,2.64,72.1,0.691,0.241,24.99,0.699,7.51,12059.5,5.18,0.453,True,False
BGW-014,3,2019-12-11,1,178.06,80.3,100.0,6.5,5.21,78.6,0.857,0.771,227.85,0.144,195.04,12172.2,9.44,0.226,False,False
BGW-014,3,2019-12-12,2,174.87,85.3,100.0,5.38,5.2,82.4,0.894,0.803,196.41,0.204,156.34,12230.1,8.17,0.033,False,False
BGW-014,3,2019-12-13,3,171.75,90.5,100.0,5.16,5.18,85.5,0.9,0.807,189.39,0.173,156.6,11919.3,7.94,0.0,False,False
BGW-014,3,2019-12-14,4,168.72,96.0,98.8,6.31,5.16,78.6,0.862,0.771,218.74,0.174,180.69,12242.1,9.57,0.201,False,False
BGW-014,3,2019-12-15,5,165.75,101.7,99.0,5.11,5.15,86.9,0.9,0.804,184.71,0.181,151.22,12273.5,8.13,0.0,False,False
BGW-014,3,2019-12-16,6,162.86,107.8,100.0,4.99,5.13,85.0,0.9,0.802,181.99,0.207,144.38,12003.7,7.95,0.0,False,False
BGW-014,3,2019-12-17,7,160.03,114.1,100.0,6.5,5.11,84.6,0.854,0.759,224.15,0.197,180.09,12170.6,9.69,0.243,False,False
BGW-014,3,2019-12-18,8,157.28,120.7,99.1,4.95,5.09,89.8,0.9,0.798,177.78,0.158,149.73,11996.9,7.92,0.0,False,False
BGW-014,3,2019-12-19,9,154.59,127.5,97.4,5.37,5.07,85.3,0.89,0.787,186.95,0.151,158.65,12185.0,8.35,0.051,False,False
BGW-014,3,2019-12-20,10,151.97,134.7,97.7,5.12,5.05,83.5,0.898,0.791,179.97,0.145,153.79,11997.5,8.22,0.012,False,False
BGW-014,3,2019-12-21,11,149.41,142.2,100.0,6.5,5.03,84.0,0.851,0.748,220.98,0.181,180.92,12304.3,9.62,0.257,False,False
BGW-014,3,2019-12-22,12,146.91,150.0,100.0,6.15,5.01,85.8,0.862,0.755,211.08,0.211,166.49,12375.3,9.2,0.199,False,False
BGW-014,3,2019-12-23,13,144.47,158.2,100.0,5.4,4.99,92.7,0.886,0.774,190.0,0.206,150.9,11845.6,8.2,0.072,False,False
BGW-014,3,2019-12-24,14,142.09,166.6,100.0,5.19,4.97,91.8,0.893,0.777,183.13,0.223,142.27,12036.2,7.99,0.038,False,False
BGW-014,3,2019-12-25,15,139.77,175.4,100.0,5.08,4.95,83.4,0.895,0.776,179.33,0.213,141.15,12150.2,7.63,0.024,False,False
BGW-014,3,2019-12-26,16,137.51,184.6,100.0,4.88,4.92,81.1,0.9,0.777,172.25,0.225,133.43,12105.7,7.9,0.0,False,False
BGW-014,3,2019-12-27,17,135.3,194.0,100.0,6.2,4.9,82.8,0.857,0.737,207.56,0.226,160.66,11991.9,8.96,0.228,False,False
BGW-014,3,2019-12-28,18,133.14,203.8,98.7,5.03,4.88,85.9,0.895,0.766,172.73,0.218,135.06,12155.7,8.11,0.028,False,False
BGW-014,3,2019-12-29,19,131.04,214.0,99.5,6.5,4.85,83.2,0.845,0.72,211.72,0.23,163.1,12117.2,9.23,0.292,False,False
BGW-014,3,2019-12-30,20,128.98,224.5,100.0,5.84,4.83,82.8,0.866,0.735,195.11,0.21,154.21,12025.6,8.51,0.184,False,False
BGW-014,3,2019-12-31,21,126.98,235.4,100.0,6.5,4.8,83.8,0.843,0.712,210.27,0.235,160.79,11923.7,9.51,0.306,False,False
BGW-014,3,2020-01-01,22,125.03,246.7,100.0,6.4,4.77,77.7,0.846,0.71,206.55,0.247,155.63,12461.9,9.55,0.295,False,False
BGW-014,3,2020-01-02,23,123.12,258.3,100.0,5.21,4.75,92.5,0.884,0.739,175.03,0.254,130.64,12135.3,8.28,0.095,False,False
BGW-014,3,2020-01-03,24,121.26,270.2,97.9,5.11,4.72,87.1,0.887,0.737,167.44,0.26,123.83,11694.2,7.99,0.084,False,False
BGW-014,3,2020-01-04,25,119.44,282.5,99.8,4.55,4.69,92.9,0.9,0.743,153.29,0.263,112.99,12436.2,7.82,0.019,False,False
BGW-014,3,2020-01-05,26,117.67,295.2,100.0,6.46,4.67,78.6,0.84,0.69,202.4,0.261,149.5,12206.0,9.91,0.335,False,False
BGW-014,3,2020-01-06,27,115.94,308.3,100.0,4.76,4.64,86.0,0.896,0.731,157.97,0.29,112.21,12161.2,7.56,0.045,False,False
BGW-014,3,2020-01-07,28,114.25,321.7,95.6,5.05,4.61,83.8,0.885,0.717,157.53,0.242,119.47,11883.3,7.65,0.105,False,False
BGW-014,3,2020-01-08,29,112.6,335.4,100.0,6.24,4.58,78.1,0.845,0.68,192.98,0.293,136.48,12269.9,9.72,0.322,False,False
BGW-014,3,2020-01-09,30,111.0,349.5,100.0,5.48,4.55,89.7,0.869,0.695,173.18,0.239,131.75,12168.7,8.64,0.197,False,False
BGW-014,3,2020-01-10,31,109.43,364.0,100.0,4.41,4.52,81.6,0.9,0.715,143.35,0.271,104.51,12085.1,7.34,0.037,False,False
BGW-014,3,2020-01-11,32,107.9,378.8,97.9,4.43,4.49,89.0,0.9,0.709,139.73,0.298,98.1,12000.1,7.09,0.041,False,False
BGW-014,3,2020-01-12,33,106.4,394.0,98.5,4.37,4.47,88.9,0.9,0.704,137.95,0.296,97.13,12269.5,7.47,0.044,False,False
BGW-014,3,2020-01-13,34,104.95,409.4,100.0,4.41,4.44,89.2,0.899,0.698,139.76,0.324,94.51,12280.9,7.4,0.048,False,False
BGW-014,3,2020-01-14,35,103.53,425.3,100.0,4.5,4.41,82.7,0.894,0.689,140.71,0.311,97.0,11991.2,7.44,0.067,False,False
BGW-014,3,2020-01-15,36,102.14,441.4,99.2,4.42,4.38,92.4,0.894,0.683,136.02,0.309,94.0,12063.3,7.06,0.062,False,False
BGW-014,3,2020-01-16,37,100.78,457.9,100.0,5.86,4.35,88.3,0.843,0.639,170.12,0.299,119.22,11875.3,8.5,0.323,False,False
BGW-014,3,2020-01-17,38,99.46,474.7,98.1,4.28,4.32,89.6,0.891,0.67,127.95,0.29,90.82,12385.9,7.32,0.062,False,False
BGW-014,3,2020-01-18,39,98.17,491.8,95.4,5.33,4.29,88.6,0.854,0.637,147.2,0.329,98.8,12233.3,8.49,0.249,False,False
BGW-014,3,2020-01-19,40,96.92,509.2,98.3,4.18,4.26,91.9,0.887,0.655,122.49,0.311,84.41,12239.5,7.07,0.07,False,False
BGW-014,3,2020-01-20,41,95.69,526.9,100.0,4.4,4.23,87.4,0.879,0.644,128.8,0.322,87.34,12270.1,7.24,0.105,False,False
BGW-014,3,2020-01-21,42,94.49,544.9,97.1,4.15,4.2,91.8,0.883,0.641,117.32,0.336,77.93,12143.7,7.28,0.078,False,False
BGW-014,3,2020-01-22,43,93.32,563.2,100.0,5.79,4.17,86.7,0.827,0.594,156.49,0.295,110.35,12224.5,8.62,0.367,False,False
BGW-014,3,2020-01-23,44,92.18,581.7,100.0,4.81,4.14,80.2,0.856,0.61,133.38,0.362,85.11,12281.7,7.55,0.205,False,False
BGW-014,3,2020-01-24,45,91.07,600.5,99.2,4.28,4.11,85.2,0.871,0.614,118.61,0.369,74.82,12205.5,7.29,0.121,False,False
BGW-014,3,2020-01-25,46,89.98,619.5,100.0,4.68,4.08,80.8,0.854,0.597,127.0,0.342,83.62,12755.2,8.08,0.201,False,False
BGW-014,3,2020-01-26,47,88.92,638.8,100.0,4.06,4.05,87.1,0.872,0.603,111.3,0.365,70.65,12405.7,7.21,0.101,False,False
BGW-014,3,2020-01-27,48,87.89,658.3,96.2,5.49,4.02,83.4,0.821,0.563,134.96,0.364,85.81,12252.1,8.81,0.361,False,False
BGW-014,3,2020-01-28,49,86.88,678.0,100.0,5.36,3.99,78.2,0.822,0.558,135.77,0.358,87.1,12680.3,8.49,0.347,False,False
BGW-014,3,2020-01-29,50,85.9,697.9,97.3,4.12,3.96,82.8,0.86,0.578,105.21,0.311,72.52,12061.5,7.26,0.14,False,False
BGW-014,3,2020-01-30,51,84.94,718.0,97.8,4.0,3.93,83.2,0.861,0.572,101.81,0.379,63.23,12360.8,6.86,0.129,False,False
BGW-014,3,2020-01-31,52,84.0,738.3,100.0,4.1,3.91,83.1,0.854,0.562,104.66,0.375,65.38,12178.6,6.96,0.156,False,False
BGW-014,3,2020-02-01,53,83.08,758.7,96.3,4.06,3.88,86.9,0.852,0.555,98.55,0.424,56.79,12222.7,7.15,0.158,False,False
BGW-014,3,2020-02-02,54,82.19,779.3,96.6,4.52,3.85,86.2,0.833,0.537,106.7,0.373,66.93,12356.1,7.42,0.249,False,False
BGW-014,3,2020-02-03,55,81.32,800.1,95.0,5.03,3.82,79.7,0.813,0.519,112.64,0.41,66.46,12303.7,8.19,0.348,False,False
BGW-014,3,2020-02-04,56,80.47,821.0,100.0,4.38,3.8,77.4,0.831,0.525,104.53,0.388,63.98,12539.4,7.49,0.243,False,False
BGW-014,3,2020-02-05,57,79.64,842.0,95.6,5.2,3.77,72.8,0.801,0.5,113.13,0.402,67.61,12095.2,8.06,0.397,False,False
BGW-014,3,2020-02-06,58,78.83,863.1,100.0,4.65,3.74,84.6,0.816,0.504,106.69,0.378,66.32,12269.5,7.97,0.31,False,False
BGW-014,3,2020-02-07,59,78.04,884.3,98.3,3.55,3.72,83.9,0.843,0.516,81.95,0.43,46.75,12227.5,6.43,0.156,False,False
BGW-014,3,2020-02-08,60,77.27,905.6,97.9,3.76,3.69,79.9,0.839,0.508,85.03,0.391,51.78,12250.0,6.91,0.173,False,False
BGW-014,3,2020-02-09,61,76.52,927.0,95.0,4.02,3.67,77.0,0.827,0.496,86.03,0.405,51.18,11982.4,6.77,0.227,False,False
BGW-014,3,2020-02-10,62,75.78,948.4,93.1,3.83,3.64,83.5,0.83,0.492,79.83,0.423,46.09,12105.8,6.57,0.204,False,False
BGW-014,3,2020-02-11,63,75.07,969.9,98.9,4.67,3.62,76.6,0.798,0.469,98.36,0.428,56.27,12514.2,7.37,0.359,False,False
BGW-014,3,2020-02-12,64,74.37,991.4,96.0,5.17,3.59,78.1,0.778,0.452,101.92,0.47,54.01,12463.2,8.22,0.456,True,False
BGW-014,3,2020-02-13,65,73.69,1012.9,94.9,4.0,3.57,80.0,0.814,0.468,80.79,0.432,45.91,12253.4,7.02,0.261,False,False
BGW-014,3,2020-02-14,66,73.02,1034.5,94.5,3.63,3.54,84.0,0.823,0.468,72.94,0.431,41.48,12246.1,6.6,0.204,False,False
BGW-014,3,2020-02-15,67,72.37,1056.0,94.8,3.6,3.52,86.1,0.821,0.462,71.73,0.434,40.57,12149.9,6.5,0.209,False,False
BGW-014,3,2020-02-16,68,71.74,1077.6,97.9,3.59,3.5,76.3,0.818,0.456,72.82,0.413,42.77,12330.2,6.46,0.216,False,False
BGW-014,3,2020-02-17,69,71.12,1099.1,97.1,3.61,3.47,80.8,0.814,0.449,71.49,0.443,39.81,12118.8,6.54,0.227,False,False
BGW-014,3,2020-02-18,70,70.52,1120.6,97.8,3.59,3.45,73.1,0.811,0.443,70.66,0.43,40.28,12479.9,6.8,0.233,False,False
BGW-014,3,2020-02-19,71,69.93,1142.1,95.0,4.63,3.43,78.2,0.773,0.418,83.62,0.454,45.64,12265.8,7.36,0.425,False,False
BGW-014,3,2020-02-20,72,69.36,1163.5,97.4,4.6,3.41,74.1,0.771,0.413,84.15,0.475,44.17,12271.6,7.46,0.429,False,False
BGW-014,3,2020-02-21,73,68.8,1184.8,98.4,4.89,3.39,73.3,0.758,0.402,87.82,0.44,49.14,12544.7,7.67,0.487,True,False
BGW-014,3,2020-02-22,74,68.25,1206.1,96.9,3.53,3.37,82.7,0.8,0.42,65.32,0.462,35.13,12251.0,6.39,0.258,False,False
BGW-014,3,2020-02-23,75,67.71,1227.3,93.3,3.24,3.34,80.9,0.803,0.418,57.38,0.493,29.1,12298.7,6.37,0.233,False,False
BGW-014,3,2020-02-24,76,67.19,1248.4,94.2,3.98,3.32,71.5,0.779,0.401,68.37,0.498,34.33,12117.0,6.85,0.353,False,False
BGW-014,3,2020-02-25,77,66.69,1269.5,100.0,3.9,3.3,76.0,0.779,0.397,70.29,0.49,35.88,12303.3,6.75,0.347,False,False
BGW-014,3,2020-02-26,78,66.19,1290.4,100.0,4.06,3.29,71.8,0.77,0.389,71.71,0.464,38.43,12393.5,6.98,0.383,False,False
BGW-014,3,2020-02-27,79,65.71,1311.2,97.3,3.14,3.27,75.0,0.794,0.397,55.04,0.481,28.58,12260.1,6.13,0.253,False,False
BGW-014,3,2020-02-28,80,65.23,1331.8,97.9,3.69,3.25,71.1,0.777,0.385,63.14,0.515,30.61,12237.6,6.38,0.334,False,False
BGW-014,3,2020-02-29,81,64.77,1352.4,98.5,4.51,3.23,71.7,0.746,0.366,73.94,0.506,36.51,12466.5,7.67,0.486,True,False
BGW-014,3,2020-03-01,82,64.32,1372.8,91.3,4.35,3.21,68.6,0.749,0.364,65.72,0.464,35.21,11914.1,6.87,0.466,True,False
BGW-014,3,2020-03-02,83,63.89,1393.1,92.3,3.2,3.19,81.1,0.784,0.378,50.7,0.519,24.36,12283.3,5.98,0.272,False,False
BGW-014,3,2020-03-03,84,63.46,1413.2,98.2,3.53,3.18,73.9,0.77,0.368,58.0,0.572,24.82,12413.1,6.43,0.338,False,False
BGW-014,3,2020-03-04,85,63.04,1433.1,91.5,4.02,3.16,68.8,0.751,0.356,59.47,0.488,30.47,12113.6,6.79,0.431,False,False
BGW-014,3,2020-03-05,86,62.63,1452.9,91.3,3.08,3.14,74.9,0.777,0.365,46.63,0.516,22.56,12411.6,5.74,0.285,False,False
BGW-014,3,2020-03-06,87,62.23,1472.6,91.7,4.21,3.13,76.4,0.739,0.344,60.31,0.531,28.27,11997.0,7.01,0.478,True,False
BGW-014,3,2020-03-07,88,61.85,1492.0,94.3,3.75,3.11,73.3,0.751,0.347,55.68,0.531,26.12,12134.1,6.6,0.405,False,False
BGW-014,3,2020-03-08,89,61.47,1511.3,100.0,3.38,3.09,74.6,0.761,0.348,53.49,0.519,25.75,12621.4,6.61,0.348,False,False
BGW-014,3,2020-03-09,90,61.1,1530.4,95.0,3.14,3.08,74.8,0.766,0.348,47.12,0.536,21.88,12404.2,5.97,0.312,False,False
BGW-014,3,2020-03-10,91,60.74,1549.3,98.6,3.63,3.06,71.2,0.747,0.336,54.71,0.548,24.75,12064.2,6.45,0.405,False,False
BGW-014,3,2020-03-11,92,60.39,1568.0,91.0,2.92,3.05,72.3,0.764,0.341,41.17,0.557,18.24,12082.0,5.48,0.311,False,False
BGW-014,3,2020-03-12,93,60.04,1586.5,94.0,2.96,3.04,75.3,0.762,0.338,42.74,0.566,18.56,12398.1,5.89,0.315,False,False
BGW-014,3,2020-03-13,94,59.71,1604.8,91.3,3.79,3.02,67.0,0.734,0.323,50.74,0.513,24.7,12260.3,6.56,0.453,True,False
BGW-014,3,2020-03-14,95,59.38,1622.9,92.0,2.99,3.01,76.1,0.757,0.331,41.31,0.552,18.51,11837.4,5.61,0.323,False,False
BGW-014,3,2020-03-15,96,59.06,1640.9,92.4,3.6,2.99,76.6,0.735,0.318,48.15,0.605,19.04,12357.8,6.22,0.434,False,False
BGW-014,3,2020-03-16,97,58.75,1658.5,97.7,4.13,2.98,71.3,0.715,0.307,56.33,0.584,23.43,12227.6,7.12,0.532,True,False
BGW-014,3,2020-03-17,98,58.45,1676.0,90.5,2.89,2.97,68.9,0.751,0.321,38.18,0.559,16.82,12279.2,5.54,0.335,False,False
BGW-014,3,2020-03-18,99,58.15,1693.3,90.2,2.85,2.96,73.6,0.749,0.317,37.1,0.615,14.29,12042.6,5.68,0.339,False,False
BGW-014,3,2020-03-19,100,57.86,1710.4,91.5,2.9,2.94,75.5,0.747,0.314,37.89,0.561,16.62,12207.2,5.83,0.343,False,False
BGW-014,3,2020-03-20,101,57.58,1727.2,88.3,4.18,2.93,64.2,0.703,0.294,49.39,0.575,21.01,11942.7,6.8,0.566,True,False
BGW-014,3,2020-03-21,102,57.3,1743.8,89.0,2.81,2.92,76.1,0.743,0.309,35.05,0.61,13.67,11764.4,5.42,0.351,False,False
BGW-014,3,2020-03-22,103,57.03,1760.2,90.4,3.02,2.91,71.1,0.738,0.304,37.68,0.633,13.82,12013.7,5.55,0.373,False,False
BGW-014,3,2020-03-23,104,56.77,1776.4,88.4,3.15,2.9,73.6,0.731,0.299,37.86,0.577,16.0,12209.2,6.09,0.402,False,False
BGW-014,3,2020-03-24,105,56.52,1792.3,92.6,2.85,2.89,77.2,0.738,0.3,35.99,0.583,15.0,12220.4,5.43,0.362,False,False
BGW-014,3,2020-03-25,106,56.27,1808.1,90.8,2.97,2.87,75.7,0.733,0.296,36.32,0.605,14.35,11988.5,5.68,0.382,False,False
BGW-014,3,2020-03-26,107,56.02,1823.6,98.0,4.12,2.86,64.5,0.692,0.278,51.05,0.615,19.63,12641.4,7.39,0.589,True,False
BGW-014,3,2020-03-27,108,55.79,1838.9,89.7,2.91,2.85,67.5,0.73,0.292,34.6,0.61,13.5,12063.8,5.59,0.382,False,False
BGW-014,3,2020-03-28,109,55.55,1853.9,96.3,3.11,2.84,68.0,0.722,0.287,38.96,0.62,14.8,12392.9,5.96,0.422,False,False
BGW-014,3,2020-03-29,110,55.33,1868.7,90.1,2.85,2.83,73.9,0.728,0.287,33.59,0.62,12.77,12285.7,5.78,0.383,False,False
BGW-014,3,2020-03-30,111,55.11,1883.3,90.4,2.74,2.82,73.5,0.727,0.285,32.16,0.652,11.19,12325.2,5.33,0.383,False,False
BGW-014,3,2020-03-31,112,54.89,1897.7,93.1,3.01,2.81,73.1,0.719,0.281,35.67,0.628,13.28,12421.9,5.78,0.419,False,False
BGW-014,3,2020-04-01,113,54.68,1911.9,88.0,2.71,2.81,72.5,0.724,0.281,30.5,0.647,10.76,12369.5,5.69,0.389,False,False
BGW-014,3,2020-04-02,114,54.48,1925.8,91.0,2.85,2.8,68.9,0.72,0.278,32.77,0.649,11.51,12403.9,5.53,0.402,False,False
BGW-014,3,2020-04-03,115,54.27,1939.5,88.6,2.92,2.79,67.3,0.716,0.275,32.31,0.649,11.33,12157.5,5.72,0.418,False,False
BGW-014,3,2020-04-04,116,54.08,1953.0,91.9,2.88,2.78,73.0,0.716,0.273,32.81,0.63,12.15,12308.4,5.65,0.415,False,False
BGW-014,3,2020-04-05,117,53.89,1966.3,95.4,3.93,2.77,66.0,0.679,0.258,43.93,0.681,14.0,12360.4,6.99,0.604,True,False
BGW-014,3,2020-04-06,118,53.7,1979.3,99.1,3.76,2.76,66.1,0.682,0.258,43.75,0.653,15.17,12541.4,6.81,0.58,True,False
BGW-014,3,2020-04-07,119,53.52,1992.2,91.8,2.65,2.75,67.5,0.714,0.269,29.74,0.695,9.07,12396.8,5.53,0.407,False,False
BGW-014,3,2020-04-08,120,53.34,2004.8,88.5,2.88,2.75,67.7,0.708,0.265,30.73,0.65,10.75,11990.4,5.61,0.434,False,False
BGW-014,3,2020-04-09,121,53.17,2017.2,96.8,3.41,2.74,62.0,0.689,0.257,38.53,0.702,11.48,12290.3,6.24,0.531,True,False
BGW-014,3,2020-04-10,122,53.0,2029.4,98.0,3.75,2.73,63.9,0.676,0.251,41.82,0.672,13.7,12220.8,6.59,0.593,True,False
BGW-014,3,2020-04-11,123,52.84,2041.3,93.6,2.95,2.72,68.8,0.701,0.259,32.44,0.668,10.77,12459.7,5.7,0.457,True,False
BGW-014,3,2020-04-12,124,52.68,2053.1,87.6,2.92,2.72,71.3,0.7,0.257,29.9,0.716,8.5,12118.2,5.58,0.456,True,False
BGW-014,3,2020-04-13,125,52.52,2064.7,91.0,2.69,2.71,69.9,0.706,0.258,28.79,0.699,8.68,12285.9,5.69,0.424,False,False
BGW-015,1,2019-02-11,1,165.87,149.4,100.0,4.81,5.01,92.3,0.9,0.789,172.3,0.145,147.33,12017.7,7.65,0.0,False,False
BGW-015,1,2019-02-12,2,162.62,159.4,100.0,5.73,4.99,84.2,0.875,0.764,198.79,0.184,162.2,12209.8,8.96,0.129,False,False
BGW-015,1,2019-02-13,3,159.45,169.9,100.0,4.99,4.96,86.2,0.899,0.781,177.16,0.157,149.4,12212.4,8.0,0.005,False,False
BGW-015,1,2019-02-14,4,156.37,180.9,100.0,6.5,4.93,80.5,0.848,0.733,216.55,0.156,182.67,12187.5,9.86,0.274,False,False
BGW-015,1,2019-02-15,5,153.37,192.5,100.0,6.1,4.9,85.6,0.86,0.74,205.09,0.159,172.48,12392.0,9.41,0.209,False,False
BGW-015,1,2019-02-16,6,150.45,204.7,100.0,6.1,4.87,80.5,0.859,0.735,203.92,0.198,163.57,12011.3,9.25,0.216,False,False
BGW-015,1,2019-02-17,7,147.62,217.5,100.0,4.93,4.84,91.1,0.897,0.763,171.04,0.176,140.99,11911.8,7.79,0.019,False,False
BGW-015,1,2019-02-18,8,144.85,230.9,100.0,6.18,4.81,88.7,0.854,0.723,202.99,0.18,166.45,12189.1,9.29,0.247,False,False
BGW-015,1,2019-02-19,9,142.17,244.8,99.9,4.82,4.78,91.0,0.899,0.755,165.16,0.21,130.44,12165.5,8.08,0.017,False,False
BGW-015,1,2019-02-20,10,139.56,259.4,97.6,4.64,4.75,81.4,0.9,0.751,154.49,0.199,123.8,11988.2,7.44,0.014,False,False
BGW-015,1,2019-02-21,11,137.01,274.7,100.0,4.78,4.71,85.5,0.898,0.744,161.64,0.175,133.43,12188.4,7.77,0.029,False,False
BGW-015,1,2019-02-22,12,134.54,290.5,99.7,4.48,4.68,88.2,0.9,0.74,150.26,0.163,125.78,12028.9,7.61,0.021,False,False
BGW-015,1,2019-02-23,13,132.14,307.1,99.3,4.8,4.64,87.4,0.895,0.73,158.0,0.212,124.5,12590.0,7.75,0.051,False,False
BGW-015,1,2019-02-24,14,129.8,324.3,100.0,4.74,4.6,89.6,0.895,0.725,156.15,0.195,125.7,12055.1,7.51,0.052,False,False
BGW-015,1,2019-02-25,15,127.52,342.1,99.9,4.44,4.57,90.3,0.9,0.722,145.58,0.253,108.71,12567.5,7.31,0.032,False,False
BGW-015,1,2019-02-26,16,125.31,360.6,98.8,4.41,4.53,93.5,0.9,0.716,141.83,0.226,109.77,11973.5,7.4,0.037,False,False
BGW-015,1,2019-02-27,17,123.15,379.8,100.0,4.52,4.49,81.8,0.899,0.708,145.43,0.235,111.32,12198.3,7.44,0.045,False,False
BGW-015,1,2019-02-28,18,121.06,399.7,98.9,5.44,4.45,87.5,0.867,0.676,165.47,0.248,124.47,12073.3,8.37,0.218,False,False
BGW-015,1,2019-03-01,19,119.02,420.2,99.5,4.88,4.42,91.3,0.882,0.681,150.32,0.21,118.68,12416.9,8.26,0.132,False,False
BGW-015,1,2019-03-02,20,117.03,441.4,100.0,4.55,4.38,81.9,0.889,0.68,140.59,0.273,102.19,12439.4,8.01,0.086,False,False
BGW-015,1,2019-03-03,21,115.1,463.3,100.0,5.87,4.34,85.6,0.842,0.636,169.6,0.274,123.07,12177.0,8.8,0.327,False,False
BGW-015,1,2019-03-04,22,113.23,485.9,97.9,4.21,4.3,84.5,0.89,0.665,124.72,0.256,92.74,11843.0,6.92,0.065,False,False
BGW-015,1,2019-03-05,23,111.4,509.1,100.0,5.36,4.26,77.2,0.851,0.628,153.04,0.248,115.13,12164.5,8.1,0.263,False,False
BGW-015,1,2019-03-06,24,109.62,533.0,100.0,4.31,4.22,80.7,0.881,0.643,125.98,0.264,92.76,12293.8,7.14,0.092,False,False
BGW-015,1,2019-03-07,25,107.89,557.6,100.0,4.36,4.18,82.3,0.876,0.631,125.01,0.274,90.76,12001.0,7.56,0.113,False,False
BGW-015,1,2019-03-08,26,106.21,582.8,97.0,4.32,4.14,86.8,0.873,0.621,118.27,0.274,85.87,12125.1,7.29,0.119,False,False
BGW-015,1,2019-03-09,27,104.58,608.6,97.1,4.28,4.1,82.9,0.869,0.611,115.39,0.292,81.76,12239.5,7.1,0.126,False,False
BGW-015,1,2019-03-10,28,102.99,635.1,100.0,4.31,4.06,87.9,0.864,0.599,117.33,0.268,85.94,12179.2,7.46,0.143,False,False
BGW-015,1,2019-03-11,29,101.44,662.2,100.0,3.91,4.02,78.4,0.869,0.595,105.6,0.294,74.58,12170.5,6.83,0.105,False,False
BGW-015,1,2019-03-12,30,99.93,689.8,99.1,3.84,3.97,85.3,0.866,0.584,101.06,0.303,70.4,12227.5,6.61,0.111,False,False
BGW-015,1,2019-03-13,31,98.47,718.1,100.0,4.83,3.93,77.4,0.833,0.554,121.65,0.319,82.83,12521.8,7.99,0.275,False,False
BGW-015,1,2019-03-14,32,97.04,746.9,97.6,3.76,3.89,78.5,0.86,0.563,94.05,0.303,65.52,12081.1,6.97,0.124,False,False
BGW-015,1,2019-03-15,33,95.65,776.3,100.0,5.2,3.86,82.6,0.811,0.524,123.74,0.287,88.19,12856.7,8.48,0.366,False,False
BGW-015,1,2019-03-16,34,94.31,806.3,100.0,4.39,3.82,79.6,0.834,0.53,105.74,0.295,74.53,12272.5,7.42,0.238,False,False
BGW-015,1,2019-03-17,35,92.99,836.7,100.0,3.82,3.78,77.1,0.847,0.531,92.28,0.307,63.99,12351.3,6.46,0.153,False,False
BGW-015,1,2019-03-18,36,91.72,867.6,100.0,3.98,3.74,80.4,0.837,0.517,93.47,0.309,64.57,12319.0,6.78,0.194,False,False
BGW-015,1,2019-03-19,37,90.47,899.1,98.7,3.63,3.7,76.1,0.842,0.511,83.16,0.325,56.17,12242.2,6.59,0.159,False,False
BGW-015,1,2019-03-20,38,89.27,930.9,95.0,3.76,3.66,81.1,0.835,0.499,81.0,0.298,56.87,12082.7,6.69,0.183,False,False
BGW-015,1,2019-03-21,39,88.09,963.2,100.0,5.14,3.62,71.6,0.784,0.461,107.85,0.333,71.92,12305.1,8.03,0.439,False,False
BGW-015,1,2019-03-22,40,86.95,996.0,94.5,3.49,3.59,85.2,0.83,0.481,72.17,0.32,49.07,12490.1,6.46,0.181,False,False
BGW-015,1,2019-03-23,41,85.84,1029.1,99.0,3.49,3.55,81.1,0.827,0.472,73.95,0.314,50.74,12386.0,6.6,0.188,False,False
BGW-015,1,2019-03-24,42,84.75,1062.5,97.8,4.58,3.51,81.0,0.787,0.442,90.02,0.366,57.11,12326.0,7.67,0.383,False,False
BGW-015,1,2019-03-25,43,83.7,1096.3,97.3,3.42,3.48,84.3,0.819,0.452,68.34,0.379,42.42,12025.5,6.25,0.204,False,False
BGW-015,1,2019-03-26,44,82.68,1130.5,97.1,3.59,3.44,79.9,0.81,0.44,69.73,0.31,48.11,12324.7,6.6,0.237,False,False
BGW-015,1,2019-03-27,45,81.68,1164.9,94.9,3.43,3.41,74.2,0.81,0.433,64.13,0.33,42.98,12130.0,6.17,0.224,False,False
BGW-015,1,2019-03-28,46,80.71,1199.6,92.7,3.49,3.37,78.3,0.803,0.423,62.18,0.36,39.82,12297.5,6.04,0.248,False,False
BGW-015,1,2019-03-29,47,79.77,1234.5,92.3,3.47,3.34,72.7,0.798,0.413,60.13,0.345,39.36,12261.5,6.42,0.258,False,False
BGW-015,1,2019-03-30,48,78.85,1269.6,100.0,4.7,3.3,71.2,0.752,0.383,81.84,0.342,53.81,12285.8,7.65,0.487,True,False
BGW-015,1,2019-03-31,49,77.96,1304.9,90.1,3.95,3.27,74.2,0.772,0.387,62.58,0.371,39.39,12197.6,7.07,0.369,False,False
BGW-015,1,2019-04-01,50,77.09,1340.4,93.3,3.17,3.24,71.8,0.79,0.39,52.48,0.361,33.51,12343.1,6.14,0.259,False,False
BGW-015,1,2019-04-02,51,76.24,1376.0,99.0,4.38,3.21,69.2,0.747,0.363,71.5,0.384,44.08,12404.1,7.33,0.472,True,False
BGW-015,1,2019-04-03,52,75.42,1411.8,91.8,3.3,3.18,73.7,0.778,0.372,51.22,0.406,30.4,12208.7,6.14,0.297,False,False
BGW-015,1,2019-04-04,53,74.62,1447.6,92.0,3.59,3.15,73.6,0.763,0.359,53.99,0.367,34.17,12327.6,6.32,0.362,False,False
BGW-015,1,2019-04-05,54,73.85,1483.5,94.2,3.21,3.12,75.0,0.771,0.357,49.0,0.383,30.25,12383.2,6.06,0.307,False,False
BGW-015,1,2019-04-06,55,73.09,1519.4,91.3,3.12,3.09,73.0,0.768,0.35,45.41,0.411,26.74,12359.1,6.1,0.306,False,False
BGW-015,1,2019-04-07,56,72.35,1555.3,92.6,2.98,3.06,69.9,0.765,0.344,43.06,0.375,26.93,12457.5,5.77,0.308,False,False
BGW-015,1,2019-04-08,57,71.64,1591.3,91.4,3.02,3.03,76.6,0.761,0.337,42.17,0.427,24.15,11996.2,5.81,0.316,False,False
BGW-015,1,2019-04-09,58,70.94,1627.2,93.5,3.57,3.0,71.9,0.738,0.322,48.76,0.411,28.7,12119.5,6.41,0.423,False,False
BGW-015,1,2019-04-10,59,70.26,1663.0,88.6,3.19,2.98,72.4,0.746,0.32,41.09,0.401,24.6,11819.4,5.52,0.369,False,False
BGW-015,1,2019-04-11,60,69.6,1698.8,88.0,4.05,2.95,73.1,0.712,0.301,48.76,0.394,29.56,12029.8,6.8,0.532,True,False
BGW-015,1,2019-04-12,61,68.96,1734.4,88.9,3.64,2.93,67.9,0.721,0.3,44.15,0.402,26.38,12066.3,6.36,0.474,True,False
BGW-015,1,2019-04-13,62,68.34,1770.0,92.3,3.06,2.9,69.4,0.735,0.302,38.73,0.42,22.46,12125.8,5.86,0.384,False,False
BGW-015,1,2019-04-14,63,67.73,1805.4,88.8,3.64,2.88,72.8,0.711,0.288,42.28,0.37,26.62,12076.4,6.37,0.498,True,False
BGW-015,1,2019-04-15,64,67.14,1840.7,91.5,2.99,2.85,65.9,0.727,0.29,36.09,0.412,21.23,12084.8,5.54,0.397,False,False
BGW-015,1,2019-04-16,65,66.57,1875.8,92.9,2.75,2.83,66.8,0.728,0.286,33.3,0.437,18.75,12119.8,5.28,0.381,False,False
BGW-015,1,2019-04-17,66,66.01,1910.6,91.0,3.59,2.81,63.6,0.698,0.271,40.22,0.43,22.91,12276.4,6.5,0.526,True,False
BGW-015,1,2019-04-18,67,65.47,1945.3,92.2,2.8,2.78,70.8,0.719,0.275,32.27,0.439,18.12,12041.7,5.52,0.399,False,False
BGW-015,1,2019-04-19,68,64.94,1979.8,87.7,2.67,2.76,71.0,0.716,0.27,28.77,0.421,16.66,12080.6,5.18,0.404,False,False
BGW-015,1,2019-04-20,69,64.42,2014.0,95.5,3.34,2.74,62.7,0.692,0.258,37.41,0.451,20.55,12645.9,6.46,0.517,True,False
BGW-015,1,2019-04-21,70,63.92,2047.9,87.3,2.63,2.72,73.2,0.708,0.261,27.21,0.443,15.14,12181.2,5.28,0.42,False,False
BGW-015,1,2019-04-22,71,63.44,2081.6,91.7,2.58,2.7,73.9,0.704,0.256,27.53,0.437,15.49,12366.1,5.5,0.428,False,False
BGW-015,1,2019-04-23,72,62.96,2115.0,87.6,2.68,2.68,65.4,0.7,0.251,26.78,0.409,15.82,12102.2,5.21,0.435,False,False
BGW-015,1,2019-04-24,73,62.5,2148.0,87.7,2.55,2.66,68.1,0.696,0.247,25.08,0.496,12.64,12066.0,5.28,0.443,False,False
BGW-015,1,2019-04-25,74,62.05,2180.8,96.9,3.16,2.64,69.6,0.675,0.236,32.91,0.456,17.92,12646.4,6.15,0.541,True,False
BGW-015,1,2019-04-26,75,61.62,2213.3,90.2,2.55,2.62,70.7,0.688,0.238,24.89,0.483,12.86,12203.7,5.48,0.458,True,False
BGW-015,1,2019-04-27,76,61.19,2245.4,93.8,3.27,2.61,61.6,0.663,0.227,31.59,0.488,16.18,12263.2,5.73,0.581,True,False
BGW-015,1,2019-04-28,77,60.78,2277.1,90.8,2.51,2.59,71.5,0.681,0.23,23.85,0.496,12.01,12557.0,5.25,0.472,True,False
BGW-015,1,2019-04-29,78,60.38,2308.5,87.4,2.48,2.57,64.8,0.677,0.226,22.32,0.475,11.72,12189.3,5.04,0.479,True,False
BGW-015,1,2019-04-30,79,59.99,2339.6,87.2,3.1,2.56,60.5,0.656,0.217,26.65,0.489,13.62,12015.2,5.62,0.582,True,False
BGW-015,1,2019-05-01,80,59.61,2370.3,83.2,3.07,2.54,66.4,0.652,0.213,24.8,0.458,13.44,11836.3,5.76,0.587,True,False
BGW-015,1,2019-05-02,81,59.24,2400.6,95.8,3.38,2.52,64.8,0.638,0.206,30.43,0.501,15.18,12535.5,6.34,0.65,True,False
BGW-015,1,2019-05-03,82,58.88,2430.5,89.7,2.44,2.51,66.9,0.663,0.212,21.08,0.518,10.16,12201.1,5.29,0.5,True,False
BGW-015,1,2019-05-04,83,58.53,2460.0,85.9,2.5,2.49,63.2,0.659,0.209,20.43,0.482,10.59,12157.3,5.46,0.502,True,False
BGW-015,1,2019-05-05,84,58.19,2489.1,86.8,3.01,2.48,61.5,0.639,0.2,23.77,0.543,10.87,12211.7,5.72,0.592,True,False
BGW-015,1,2019-05-06,85,57.86,2517.8,88.5,2.47,2.47,62.0,0.653,0.203,20.17,0.507,9.94,12063.4,5.2,0.501,True,False
BGW-015,1,2019-05-07,86,57.53,2546.1,94.8,2.72,2.45,65.2,0.641,0.197,23.12,0.519,11.12,12228.6,5.82,0.547,True,False
BGW-015,1,2019-05-08,87,57.22,2574.0,86.6,3.13,2.44,64.1,0.623,0.19,23.43,0.561,10.29,12144.1,5.94,0.621,True,False
BGW-015,1,2019-05-09,88,56.92,2601.5,86.2,2.4,2.43,63.4,0.643,0.194,18.27,0.518,8.81,11985.0,5.16,0.5,True,False
BGW-015,1,2019-05-10,89,56.62,2628.6,93.7,2.75,2.41,64.6,0.629,0.188,22.01,0.545,10.01,12346.0,5.64,0.558,True,False
BGW-015,1,2019-05-11,90,56.33,2655.3,85.1,2.47,2.4,57.4,0.635,0.188,17.99,0.561,7.89,12237.5,5.15,0.512,True,False
BGW-015,1,2019-05-12,91,56.05,2681.5,87.0,2.39,2.39,62.3,0.634,0.186,17.58,0.55,7.9,11848.7,5.13,0.5,True,False
BGW-015,1,2019-05-13,92,55.78,2707.3,92.8,3.12,2.38,55.3,0.606,0.177,23.25,0.569,10.02,12490.8,5.97,0.63,True,False
BGW-015,1,2019-05-14,93,55.51,2732.7,83.9,2.35,2.37,57.0,0.628,0.182,16.28,0.532,7.62,11916.2,4.86,0.5,True,False
BGW-015,1,2019-05-15,94,55.25,2757.7,82.0,2.74,2.36,62.6,0.612,0.176,17.92,0.571,7.68,11938.4,5.38,0.567,True,False
BGW-015,1,2019-05-16,95,55.0,2782.2,92.7,2.53,2.34,55.9,0.616,0.175,18.69,0.544,8.52,12167.8,5.24,0.533,True,False
BGW-015,1,2019-05-17,96,54.76,2806.4,85.8,2.37,2.33,60.4,0.618,0.175,16.15,0.554,7.2,11884.4,5.12,0.507,True,False
BGW-015,1,2019-05-18,97,54.52,2830.1,80.3,3.24,2.32,59.4,0.586,0.164,19.39,0.595,7.86,11948.1,5.97,0.66,True,False
BGW-015,1,2019-05-19,98,54.29,2853.4,84.0,2.41,2.31,55.9,0.611,0.17,15.6,0.6,6.24,11973.2,5.1,0.516,True,False
BGW-015,1,2019-05-20,99,54.06,2876.3,84.7,2.24,2.3,58.2,0.611,0.169,14.54,0.568,6.29,11624.6,4.76,0.5,True,False
BGW-015,1,2019-05-21,100,53.84,2898.7,83.2,2.39,2.29,62.3,0.605,0.166,15.01,0.566,6.51,12048.6,5.15,0.517,True,False
BGW-015,1,2019-05-22,101,53.63,2920.8,82.7,2.33,2.29,57.4,0.605,0.165,14.4,0.58,6.05,11745.1,4.82,0.507,True,False
BGW-015,1,2019-05-23,102,53.42,2942.4,88.3,2.85,2.28,52.7,0.584,0.158,18.09,0.588,7.46,11969.9,5.56,0.601,True,False
BGW-015,1,2019-05-24,103,53.22,2963.6,89.0,2.47,2.27,56.6,0.594,0.16,15.98,0.583,6.66,12392.7,5.3,0.536,True,False
BGW-015,1,2019-05-25,104,53.03,2984.5,85.6,2.16,2.26,61.6,0.598,0.16,13.4,0.623,5.06,11734.9,4.57,0.5,True,False
BGW-015,1,2019-05-26,105,52.83,3004.9,84.4,2.28,2.25,59.7,0.595,0.158,13.82,0.607,5.43,12025.2,5.21,0.505,True,False
BGW-015,1,2019-05-27,106,52.65,3024.9,85.2,2.21,2.24,60.7,0.594,0.157,13.38,0.594,5.44,12131.5,4.82,0.5,True,False
BGW-015,1,2019-05-28,107,52.47,3044.6,80.9,2.18,2.24,55.8,0.591,0.155,12.44,0.66,4.23,12076.8,5.18,0.5,True,False
BGW-015,1,2019-05-29,108,52.29,3063.8,88.3,3.05,2.23,52.8,0.562,0.15,18.38,0.565,7.99,12451.4,5.68,0.644,True,False
BGW-015,1,2019-05-30,109,52.12,3082.7,83.5,2.19,2.22,54.1,0.587,0.152,12.67,0.642,4.54,12150.9,4.88,0.5,True,False
BGW-015,1,2019-05-31,110,51.96,3101.2,86.8,2.52,2.21,58.9,0.575,0.15,14.95,0.619,5.7,12128.0,5.06,0.554,True,False
BGW-015,1,2019-06-01,111,51.79,3119.3,84.2,3.1,2.21,53.6,0.553,0.15,17.8,0.66,6.05,12213.1,5.92,0.656,True,False
BGW-015,1,2019-06-02,112,51.64,3137.0,79.3,2.97,2.2,54.8,0.555,0.15,16.02,0.63,5.93,11701.0,5.64,0.634,True,False
BGW-015,1,2019-06-03,113,51.48,3154.3,87.7,2.42,2.19,56.7,0.571,0.15,14.5,0.66,4.93,12070.1,5.13,0.54,True,False
BGW-015,1,2019-06-04,114,51.33,3171.3,89.5,2.42,2.19,56.6,0.569,0.15,14.78,0.649,5.18,12187.5,5.09,0.541,True,False
BGW-015,1,2019-06-05,115,51.19,3188.0,83.8,2.2,2.18,59.5,0.574,0.15,12.55,0.643,4.48,12038.9,4.92,0.503,True,False
BGW-015,1,2019-06-06,116,51.05,3204.3,83.5,2.28,2.18,54.0,0.569,0.15,12.99,0.654,4.49,11969.9,4.86,0.519,True,False
BGW-015,1,2019-06-07,117,50.91,3220.2,85.2,2.74,2.17,51.3,0.552,0.15,15.91,0.685,5.01,11990.0,5.68,0.6,True,False
BGW-015,1,2019-06-08,118,50.78,3235.8,85.6,2.77,2.16,56.8,0.549,0.15,16.14,0.716,4.58,11839.4,5.42,0.606,True,False
BGW-015,1,2019-06-09,119,50.65,3251.0,88.7,3.04,2.16,53.8,0.538,0.15,18.42,0.647,6.5,12301.9,5.8,0.655,True,False
BGW-015,1,2019-06-10,120,50.52,3266.0,80.0,2.21,2.15,57.0,0.564,0.15,12.07,0.682,3.84,11871.3,4.94,0.51,True,False
BGW-015,1,2019-06-11,121,50.4,3280.5,79.7,2.93,2.15,54.4,0.538,0.15,15.91,0.67,5.25,11742.6,5.64,0.637,True,False
BGW-015,1,2019-06-12,122,50.28,3294.8,83.0,2.17,2.14,51.3,0.561,0.15,12.28,0.707,3.6,11961.8,4.93,0.505,True,False
BGW-015,1,2019-06-13,123,50.16,3308.8,80.7,2.03,2.14,53.4,0.561,0.15,11.2,0.698,3.38,11953.2,4.91,0.5,True,False
BGW-015,1,2019-06-14,124,50.05,3322.4,87.6,3.05,2.13,47.6,0.528,0.15,18.24,0.703,5.41,11958.8,5.98,0.661,True,False
BGW-015,2,2019-06-30,1,142.83,241.3,98.7,6.24,4.79,83.8,0.852,0.717,200.59,0.158,168.97,12157.0,9.45,0.264,False,False
BGW-015,2,2019-07-01,2,139.35,260.6,100.0,4.52,4.74,94.3,0.9,0.751,154.12,0.127,134.55,12196.2,7.52,0.014,False,False
BGW-015,2,2019-07-02,3,135.99,281.1,100.0,5.83,4.7,84.9,0.862,0.712,188.89,0.151,160.34,12067.9,8.72,0.218,False,False
BGW-015,2,2019-07-03,4,132.76,302.7,99.2,4.52,4.65,86.0,0.9,0.736,149.81,0.179,123.01,12265.6,7.05,0.023,False,False
BGW-015,2,2019-07-04,5,129.63,325.5,98.5,4.72,4.6,82.3,0.896,0.725,153.22,0.174,126.53,12272.1,7.52,0.05,False,False
BGW-015,2,2019-07-05,6,126.63,349.5,100.0,6.17,4.55,84.2,0.846,0.676,189.81,0.153,160.82,12119.6,9.41,0.318,False,False
BGW-015,2,2019-07-06,7,123.72,374.6,100.0,4.65,4.5,82.4,0.895,0.707,149.41,0.157,126.02,12395.0,7.84,0.065,False,False
BGW-015,2,2019-07-07,8,120.93,400.9,100.0,4.49,4.45,85.1,0.898,0.701,143.09,0.158,120.47,12242.5,7.47,0.053,False,False
BGW-015,2,2019-07-08,9,118.23,428.5,100.0,4.91,4.4,89.4,0.88,0.677,151.05,0.207,119.72,11997.3,7.49,0.142,False,False
BGW-015,2,2019-07-09,10,115.63,457.2,99.1,5.37,4.35,81.5,0.859,0.652,157.54,0.186,128.29,12180.2,8.44,0.237,False,False
BGW-015,2,2019-07-10,11,113.13,487.1,100.0,4.74,4.3,83.3,0.875,0.653,140.86,0.186,114.59,12197.7,7.64,0.144,False,False
BGW-015,2,2019-07-11,12,110.71,518.2,100.0,4.71,4.24,82.2,0.871,0.64,137.09,0.197,110.11,12541.3,7.96,0.155,False,False
BGW-015,2,2019-07-12,13,108.39,550.5,99.5,4.15,4.19,89.0,0.882,0.638,119.91,0.187,97.46,12521.3,7.19,0.08,False,False
BGW-015,2,2019-07-13,14,106.14,583.9,99.4,5.09,4.13,84.9,0.847,0.602,138.39,0.206,109.88,12325.7,8.11,0.254,False,False
BGW-015,2,2019-07-14,15,103.98,618.4,97.0,5.65,4.08,80.2,0.822,0.575,143.25,0.2,114.58,12235.3,8.62,0.37,False,False
BGW-015,2,2019-07-15,16,101.89,654.1,97.3,3.91,4.03,84.4,0.87,0.598,103.31,0.227,79.85,12305.2,6.59,0.103,False,False
BGW-015,2,2019-07-16,17,99.88,690.8,100.0,5.01,3.97,74.9,0.832,0.561,127.53,0.207,101.13,12049.5,7.76,0.292,False,False
BGW-015,2,2019-07-17,18,97.94,728.5,100.0,3.79,3.92,81.9,0.862,0.57,98.2,0.247,73.99,12223.1,6.64,0.12,False,False
BGW-015,2,2019-07-18,19,96.07,767.3,97.4,3.82,3.87,77.2,0.857,0.556,93.89,0.224,72.89,12428.2,6.66,0.129,False,False
BGW-015,2,2019-07-19,20,94.27,807.0,100.0,3.88,3.81,80.1,0.85,0.541,95.29,0.194,76.78,12493.1,6.85,0.149,False,False
BGW-015,2,2019-07-20,21,92.54,847.6,97.6,4.57,3.76,79.2,0.821,0.512,103.71,0.221,80.77,12312.1,7.57,0.288,False,False
BGW-015,2,2019-07-21,22,90.86,889.1,100.0,5.2,3.71,78.5,0.793,0.484,114.41,0.246,86.22,12328.4,8.21,0.417,False,False
BGW-015,2,2019-07-22,23,89.25,931.4,93.4,4.12,3.66,78.2,0.823,0.492,86.07,0.237,65.67,12166.3,6.91,0.247,False,False
BGW-015,2,2019-07-23,24,87.69,974.5,96.4,3.51,3.61,78.3,0.833,0.488,74.94,0.227,57.93,11895.4,6.05,0.176,False,False
BGW-015,2,2019-07-24,25,86.19,1018.3,97.5,3.49,3.56,79.9,0.828,0.475,73.38,0.253,54.8,12601.5,6.4,0.186,False,False
BGW-015,2,2019-07-25,26,84.75,1062.8,95.9,3.49,3.51,85.4,0.823,0.462,70.18,0.263,51.72,12087.3,6.38,0.196,False,False
BGW-015,2,2019-07-26,27,83.35,1107.8,98.6,3.93,3.46,81.4,0.802,0.441,77.64,0.27,56.67,12552.1,6.98,0.288,False,False
BGW-015,2,2019-07-27,28,82.01,1153.4,95.2,3.3,3.42,79.3,0.812,0.437,62.29,0.262,45.94,12230.4,5.88,0.217,False,False
BGW-015,2,2019-07-28,29,80.71,1199.5,92.0,3.61,3.37,81.6,0.799,0.42,63.45,0.257,47.12,12133.8,6.43,0.269,False,False
BGW-015,2,2019-07-29,30,79.46,1246.0,100.0,3.61,3.33,75.7,0.792,0.408,66.98,0.289,47.63,12313.0,6.57,0.288,False,False
BGW-015,2,2019-07-30,31,78.26,1292.8,91.9,3.72,3.28,73.0,0.781,0.394,61.25,0.234,46.89,12104.8,6.39,0.325,False,False
BGW-015,2,2019-07-31,32,77.1,1340.0,100.0,3.79,3.24,73.1,0.772,0.381,65.7,0.299,46.09,12261.9,6.94,0.356,False,False
BGW-015,2,2019-08-01,33,75.98,1387.4,94.3,3.23,3.2,79.8,0.784,0.379,52.51,0.287,37.41,12220.1,5.93,0.276,False,False
BGW-015,2,2019-08-02,34,74.9,1435.0,90.2,4.42,3.16,69.6,0.737,0.349,63.17,0.276,45.72,12159.6,7.24,0.501,True,False
BGW-015,2,2019-08-03,35,73.86,1482.7,95.8,3.11,3.12,79.9,0.774,0.359,48.56,0.296,34.19,12157.1,5.85,0.292,False,False
BGW-015,2,2019-08-04,36,72.86,1530.5,95.0,2.99,3.08,73.1,0.768,0.349,44.98,0.263,33.17,12289.3,5.92,0.302,False,False
BGW-015,2,2019-08-05,37,71.89,1578.3,91.6,4.26,3.04,68.5,0.722,0.321,56.9,0.314,39.03,12245.6,7.15,0.526,True,False
BGW-015,2,2019-08-06,38,70.96,1626.1,91.1,2.89,3.01,73.4,0.757,0.33,39.51,0.308,27.33,12219.5,5.67,0.324,False,False
BGW-015,2,2019-08-07,39,70.06,1673.8,100.0,3.24,2.97,76.4,0.742,0.317,46.71,0.311,32.17,12689.5,6.29,0.382,False,False
BGW-015,2,2019-08-08,40,69.2,1721.3,99.5,3.65,2.94,72.7,0.722,0.303,49.93,0.305,34.68,12469.0,6.69,0.47,True,False
BGW-015,2,2019-08-09,41,68.36,1768.6,92.8,2.88,2.9,69.4,0.74,0.304,36.92,0.303,25.75,12227.6,5.59,0.357,False,False
BGW-015,2,2019-08-10,42,67.56,1815.7,99.6,3.7,2.87,71.5,0.707,0.285,47.75,0.349,31.09,12427.1,6.52,0.512,True,False
BGW-015,2,2019-08-11,43,66.78,1862.5,90.6,2.81,2.84,68.0,0.729,0.289,33.41,0.347,21.81,12289.9,5.56,0.378,False,False
BGW-015,2,2019-08-12,44,66.04,1909.0,95.2,3.75,2.81,70.7,0.693,0.269,43.67,0.336,28.99,12341.1,6.68,0.553,True,False
BGW-015,2,2019-08-13,45,65.32,1955.1,92.6,2.7,2.78,66.2,0.719,0.274,31.18,0.314,21.38,12449.9,5.65,0.399,False,False
BGW-015,2,2019-08-14,46,64.62,2000.7,89.1,3.59,2.75,63.2,0.685,0.257,37.33,0.36,23.9,12324.6,6.52,0.556,True,False
BGW-015,2,2019-08-15,47,63.95,2046.0,90.1,2.84,2.72,64.1,0.704,0.259,30.18,0.326,20.33,12026.2,5.8,0.44,False,False
BGW-015,2,2019-08-16,48,63.3,2090.7,89.6,2.62,2.7,70.9,0.703,0.255,27.21,0.335,18.1,11817.8,5.35,0.43,False,False
BGW-015,2,2019-08-17,49,62.68,2135.0,85.7,3.09,2.67,62.0,0.684,0.244,29.28,0.359,18.77,12046.2,5.82,0.513,True,False
BGW-015,2,2019-08-18,50,62.08,2178.6,95.2,3.75,2.64,60.5,0.656,0.23,37.27,0.355,24.05,12258.5,6.79,0.643,True,False
BGW-015,2,2019-08-19,51,61.5,2221.8,89.4,2.67,2.62,71.1,0.686,0.237,25.67,0.376,16.03,12527.1,5.54,0.468,True,False
BGW-015,2,2019-08-20,52,60.95,2264.3,89.8,2.56,2.6,67.9,0.683,0.232,24.24,0.363,15.43,12365.0,5.48,0.469,True,False
BGW-015,2,2019-08-21,53,60.41,2306.2,89.6,3.14,2.57,68.9,0.659,0.22,28.23,0.366,17.89,12163.3,5.83,0.579,True,False
BGW-015,2,2019-08-22,54,59.89,2347.4,93.6,3.63,2.55,64.9,0.637,0.21,32.4,0.381,20.06,12464.6,6.61,0.676,True,False
BGW-015,2,2019-08-23,55,59.39,2388.0,93.8,3.11,2.53,66.9,0.649,0.211,27.93,0.366,17.71,12393.4,5.87,0.598,True,False
BGW-015,2,2019-08-24,56,58.91,2427.9,88.3,2.51,2.51,66.5,0.663,0.213,21.4,0.386,13.14,11838.6,5.16,0.5,True,False
BGW-015,2,2019-08-25,57,58.44,2467.2,88.3,2.49,2.49,63.2,0.659,0.208,20.86,0.378,12.97,12211.5,5.2,0.501,True,False
BGW-015,2,2019-08-26,58,58.0,2505.7,83.2,3.17,2.47,62.0,0.631,0.197,23.56,0.407,13.97,12054.4,5.78,0.621,True,False
BGW-015,2,2019-08-27,59,57.56,2543.5,86.0,2.52,2.45,61.8,0.648,0.2,19.66,0.378,12.22,11901.9,5.12,0.512,True,False
BGW-015,2,2019-08-28,60,57.15,2580.6,84.6,2.72,2.44,63.9,0.636,0.194,20.2,0.455,11.01,12170.5,5.56,0.549,True,False
BGW-015,2,2019-08-29,61,56.75,2616.9,86.4,2.42,2.42,59.5,0.641,0.193,18.32,0.408,10.85,12063.9,4.88,0.501,True,True
BGW-015,2,2019-08-30,62,56.36,2652.5,81.9,3.38,2.4,57.4,0.605,0.18,22.58,0.429,12.9,11730.2,6.08,0.671,True,True
BGW-015,2,2019-08-31,63,55.99,2687.4,87.7,3.28,2.39,57.6,0.603,0.177,23.19,0.401,13.88,12061.0,5.71,0.657,True,False
BGW-015,2,2019-09-01,64,55.63,2721.5,86.4,3.44,2.37,54.9,0.594,0.172,23.26,0.421,13.47,12149.2,6.1,0.686,True,False
BGW-015,2,2019-09-02,65,55.28,2754.9,87.4,2.31,2.36,62.5,0.625,0.18,16.48,0.413,9.67,12049.1,5.25,0.5,True,False
BGW-015,2,2019-09-03,66,54.95,2787.5,82.9,2.64,2.34,57.2,0.612,0.174,17.29,0.457,9.39,11846.6,5.51,0.552,True,False
BGW-015,2,2019-09-04,67,54.63,2819.4,85.6,2.43,2.33,57.4,0.614,0.173,16.31,0.405,9.71,12200.0,5.29,0.517,True,False
BGW-015,2,2019-09-05,68,54.32,2850.6,87.6,3.25,2.32,59.4,0.583,0.162,21.02,0.416,12.27,12078.0,6.13,0.664,True,False
BGW-015,2,2019-09-06,69,54.02,2881.0,89.6,3.28,2.3,54.7,0.578,0.159,21.29,0.432,12.09,12133.5,6.11,0.671,True,False
BGW-015,2,2019-09-07,70,53.73,2910.7,85.1,2.86,2.29,60.4,0.588,0.161,17.78,0.463,9.54,12193.9,5.74,0.6,True,True
BGW-015,2,2019-09-08,71,53.45,2939.6,81.6,3.19,2.28,55.4,0.573,0.155,18.37,0.451,10.08,12089.9,6.09,0.66,True,False
BGW-015,2,2019-09-09,72,53.18,2967.8,88.3,3.02,2.27,57.1,0.575,0.154,18.72,0.476,9.81,12081.4,5.76,0.632,True,False
BGW-015,2,2019-09-10,73,52.92,2995.3,84.5,2.35,2.26,60.4,0.594,0.158,14.27,0.463,7.66,11928.6,4.86,0.517,True,False
BGW-015,2,2019-09-11,74,52.67,3022.2,82.6,2.27,2.24,53.9,0.593,0.157,13.36,0.484,6.9,11992.5,4.79,0.505,True,False
BGW-015,2,2019-09-12,75,52.43,3048.3,80.8,2.34,2.23,60.1,0.587,0.154,13.22,0.469,7.02,11776.1,5.02,0.519,True,False
BGW-015,2,2019-09-13,76,52.2,3073.7,85.1,2.55,2.22,56.1,0.577,0.15,14.81,0.535,6.89,12339.4,5.52,0.557,True,False
BGW-015,2,2019-09-14,77,51.98,3098.4,82.8,2.16,2.22,54.6,0.585,0.151,12.28,0.478,6.41,11893.5,4.8,0.5,True,False
BGW-015,2,2019-09-15,78,51.76,3122.5,82.9,2.1,2.21,56.5,0.582,0.15,11.89,0.452,6.52,11866.8,4.46,0.5,True,False
BGW-015,2,2019-09-16,79,51.56,3145.9,82.8,2.31,2.2,56.1,0.576,0.15,13.02,0.462,7.0,12010.3,5.2,0.519,True,False
BGW-015,2,2019-09-17,80,51.36,3168.7,80.0,2.17,2.19,55.9,0.577,0.15,11.85,0.484,6.12,11973.5,4.97,0.5,True,False
BGW-015,2,2019-09-18,81,51.16,3190.8,86.2,2.96,2.18,54.6,0.549,0.15,17.38,0.516,8.41,12490.9,5.64,0.636,True,False
BGW-015,2,2019-09-19,82,50.98,3212.3,85.6,2.58,2.17,55.8,0.558,0.15,15.05,0.504,7.47,12262.9,5.64,0.571,True,False
BGW-015,2,2019-09-20,83,50.8,3233.2,83.4,2.07,2.16,56.0,0.569,0.15,11.75,0.533,5.49,11845.8,4.47,0.5,True,False
BGW-015,2,2019-09-21,84,50.63,3253.5,87.8,2.83,2.16,55.7,0.545,0.15,16.96,0.548,7.66,11858.9,5.68,0.618,True,False
BGW-015,2,2019-09-22,85,50.46,3273.2,81.4,2.05,2.15,53.3,0.565,0.15,11.38,0.488,5.83,12155.4,4.56,0.5,True,False
BGW-015,2,2019-09-23,86,50.3,3292.3,81.6,2.11,2.14,51.2,0.563,0.15,11.73,0.521,5.62,11970.7,4.92,0.5,True,False
BGW-015,2,2019-09-24,87,50.15,3310.9,81.2,2.24,2.14,56.1,0.557,0.15,12.4,0.518,5.97,11947.6,4.87,0.518,True,False
BGW-015,2,2019-09-25,88,50.0,3328.9,80.3,2.17,2.13,51.8,0.557,0.15,11.87,0.511,5.8,11770.2,5.16,0.507,True,False
BGW-015,2,2019-09-26,89,49.85,3346.4,86.7,2.26,2.12,56.8,0.552,0.15,13.37,0.51,6.55,12259.1,4.86,0.524,True,False
BGW-015,2,2019-09-27,90,49.71,3363.3,81.1,2.15,2.12,50.7,0.553,0.15,11.88,0.568,5.13,11930.8,5.0,0.505,True,False
BGW-015,2,2019-09-28,91,49.58,3379.7,80.1,2.9,2.11,49.5,0.526,0.15,15.81,0.52,7.58,11894.6,5.36,0.637,True,False
BGW-015,2,2019-09-29,92,49.45,3395.7,81.8,2.02,2.11,52.2,0.551,0.15,11.28,0.559,4.98,11967.1,4.75,0.5,True,False
BGW-015,2,2019-09-30,93,49.33,3411.1,81.2,2.14,2.1,56.0,0.549,0.15,11.82,0.54,5.44,12002.1,4.91,0.506,True,False
BGW-015,2,2019-10-01,94,49.21,3426.1,77.1,2.78,2.1,51.0,0.527,0.15,14.63,0.544,6.67,11815.4,5.4,0.62,True,False
BGW-015,2,2019-10-02,95,49.09,3440.5,83.1,2.69,2.09,55.3,0.53,0.15,15.23,0.579,6.41,12197.5,5.32,0.604,True,False
BGW-015,2,2019-10-03,96,48.98,3454.6,82.5,2.04,2.09,57.4,0.55,0.15,11.5,0.586,4.76,12342.0,4.83,0.5,True,False
BGW-015,2,2019-10-04,97,48.87,3468.2,82.9,2.94,2.08,51.5,0.521,0.15,16.63,0.563,7.27,12042.6,5.92,0.65,True,False
BGW-015,2,2019-10-05,98,48.77,3481.4,84.1,2.96,2.08,49.0,0.521,0.15,16.96,0.597,6.83,12007.3,5.55,0.654,True,False
BGW-015,2,2019-10-06,99,48.67,3494.1,79.3,2.14,2.07,52.9,0.548,0.15,11.58,0.59,4.75,11919.1,4.68,0.512,True,False
BGW-015,2,2019-10-07,100,48.57,3506.4,77.7,1.99,2.07,54.6,0.55,0.15,10.53,0.571,4.52,11985.4,4.55,0.5,True,False
BGW-015,2,2019-10-08,101,48.48,3518.4,78.8,1.97,2.07,55.0,0.55,0.15,10.59,0.562,4.64,11930.4,4.53,0.5,True,False
BGW-015,2,2019-10-09,102,48.39,3530.0,82.2,2.02,2.06,51.6,0.55,0.15,11.3,0.637,4.1,11919.4,4.73,0.5,True,False
BGW-015,2,2019-10-10,103,48.31,3541.1,81.3,2.08,2.06,54.3,0.549,0.15,11.5,0.603,4.56,12119.9,4.64,0.503,True,False
BGW-015,2,2019-10-11,104,48.22,3552.0,79.8,2.11,2.05,50.5,0.548,0.15,11.48,0.568,4.96,11869.2,4.67,0.51,True,False
BGW-015,2,2019-10-12,105,48.14,3562.4,79.5,2.88,2.05,47.4,0.522,0.15,15.6,0.616,5.99,11755.7,5.74,0.645,True,False
BGW-015,2,2019-10-13,106,48.07,3572.6,79.0,2.04,2.05,51.6,0.55,0.15,10.99,0.583,4.59,11820.5,4.66,0.5,True,False
BGW-015,2,2019-10-14,107,47.99,3582.4,76.7,2.25,2.04,56.5,0.543,0.15,11.78,0.562,5.16,11972.9,4.83,0.536,True,False
BGW-015,2,2019-10-15,108,47.92,3591.9,80.5,2.52,2.04,55.0,0.534,0.15,13.84,0.609,5.41,11896.6,5.27,0.584,True,False
BGW-015,2,2019-10-16,109,47.85,3601.0,87.7,2.93,2.04,48.2,0.52,0.15,17.51,0.632,6.44,12119.3,5.82,0.656,True,False
BGW-015,2,2019-10-17,110,47.78,3609.9,78.7,2.0,2.04,52.4,0.55,0.15,10.76,0.601,4.3,11815.5,4.62,0.5,True,False
BGW-015,2,2019-10-18,111,47.72,3618.4,77.4,2.73,2.03,54.1,0.527,0.15,14.38,0.577,6.08,11882.6,5.49,0.621,True,False
BGW-015,2,2019-10-19,112,47.66,3626.7,82.1,1.98,2.03,54.3,0.55,0.15,11.09,0.632,4.08,11701.1,4.62,0.5,True,False
BGW-015,2,2019-10-20,113,47.6,3634.7,78.2,2.11,2.03,50.0,0.547,0.15,11.25,0.637,4.08,11775.8,4.79,0.514,True,False
BGW-015,2,2019-10-21,114,47.54,3642.4,81.1,2.09,2.03,54.6,0.548,0.15,11.58,0.621,4.39,12060.1,4.8,0.512,True,False
BGW-015,2,2019-10-22,115,47.49,3649.9,80.3,2.11,2.02,55.5,0.547,0.15,11.56,0.616,4.44,11891.4,4.86,0.515,True,False
BGW-015,2,2019-10-23,116,47.43,3657.1,86.1,2.12,2.02,50.6,0.547,0.15,12.46,0.696,3.78,11832.5,4.87,0.518,True,False
BGW-015,2,2019-10-24,117,47.38,3664.1,77.8,2.01,2.02,55.9,0.55,0.15,10.64,0.68,3.41,11682.6,4.58,0.5,True,False
BGW-015,2,2019-10-25,118,47.33,3670.9,79.8,1.99,2.02,50.3,0.55,0.15,10.82,0.649,3.8,11912.6,4.68,0.5,True,False
BGW-015,2,2019-10-26,119,47.28,3677.4,81.2,1.95,2.01,53.9,0.55,0.15,10.79,0.659,3.68,11906.2,4.63,0.5,True,False
BGW-015,2,2019-10-27,120,47.24,3683.7,79.9,2.86,2.01,48.2,0.522,0.15,15.57,0.676,5.04,11784.7,5.54,0.648,True,False
BGW-015,2,2019-10-28,121,47.19,3689.7,81.4,1.99,2.01,50.6,0.55,0.15,11.05,0.668,3.66,11809.2,4.53,0.5,True,False
BGW-015,2,2019-10-29,122,47.15,3695.6,78.5,2.9,2.01,48.2,0.52,0.15,15.52,0.687,4.86,11808.0,5.41,0.656,True,False
BGW-015,2,2019-10-30,123,47.11,3701.3,78.4,1.95,2.01,50.4,0.55,0.15,10.42,0.692,3.21,11921.4,4.59,0.5,True,False
BGW-015,2,2019-10-31,124,47.07,3706.7,78.1,2.53,2.01,53.1,0.532,0.15,13.5,0.721,3.76,11891.4,5.19,0.593,True,False
BGW-015,2,2019-11-01,125,47.03,3712.0,79.5,2.09,2.0,50.1,0.547,0.15,11.33,0.693,3.48,12001.3,4.63,0.515,True,False
BGW-015,2,2019-11-02,126,46.99,3717.1,81.4,1.92,2.0,49.7,0.55,0.15,10.65,0.718,3.01,11990.7,4.52,0.5,True,False
BGW-015,3,2019-11-18,1,185.54,103.1,100.0,6.5,5.14,78.4,0.855,0.763,225.37,0.153,190.82,12446.7,9.83,0.237,False,False
BGW-015,3,2019-11-19,2,182.38,109.2,100.0,6.5,5.13,88.2,0.854,0.761,224.7,0.173,185.76,12072.9,9.72,0.24,False,False
BGW-015,3,2019-11-20,3,179.3,115.6,100.0,4.99,5.11,84.9,0.9,0.799,181.19,0.17,150.43,11830.3,7.63,0.0,False,False
BGW-015,3,2019-11-21,4,176.28,122.3,98.0,4.98,5.09,88.4,0.9,0.797,176.88,0.133,153.4,12038.6,7.87,0.0,False,False
BGW-015,3,2019-11-22,5,173.33,129.3,98.9,5.26,5.07,89.9,0.894,0.79,186.61,0.209,147.66,12228.2,8.36,0.033,False,False
BGW-015,3,2019-11-23,6,170.45,136.6,100.0,6.26,5.05,79.3,0.859,0.757,215.54,0.191,174.48,12172.7,9.42,0.213,False,False
BGW-015,3,2019-11-24,7,167.63,144.3,99.0,5.0,5.03,81.2,0.9,0.79,177.75,0.161,149.22,12070.4,7.94,0.0,False,False
BGW-015,3,2019-11-25,8,164.88,152.4,100.0,5.57,5.01,86.5,0.881,0.771,195.21,0.18,160.03,12156.6,8.71,0.098,False,False
BGW-015,3,2019-11-26,9,162.19,160.8,100.0,4.95,4.98,81.3,0.9,0.785,176.68,0.202,141.08,12225.5,7.96,0.0,False,False
BGW-015,3,2019-11-27,10,159.56,169.5,98.8,4.84,4.96,93.7,0.9,0.782,170.08,0.23,130.95,12142.1,8.01,0.0,False,False
BGW-015,3,2019-11-28,11,156.99,178.6,100.0,4.73,4.94,90.0,0.9,0.779,167.5,0.193,135.11,12151.7,7.59,0.0,False,False
BGW-015,3,2019-11-29,12,154.48,188.2,100.0,5.06,4.91,86.1,0.895,0.772,177.41,0.195,142.79,11985.6,7.69,0.025,False,False
BGW-015,3,2019-11-30,13,152.02,198.1,99.3,4.65,4.89,83.6,0.9,0.772,162.08,0.257,120.48,12164.1,7.51,0.0,False,False
BGW-015,3,2019-12-01,14,149.62,208.4,100.0,6.02,4.86,78.5,0.861,0.736,201.42,0.223,156.5,12226.5,9.14,0.204,False,False
BGW-015,3,2019-12-02,15,147.28,219.1,100.0,4.64,4.84,85.6,0.9,0.765,161.54,0.216,126.67,12133.1,7.75,0.004,False,False
BGW-015,3,2019-12-03,16,144.98,230.2,97.2,4.64,4.81,85.7,0.9,0.761,156.18,0.225,120.96,11665.0,7.21,0.007,False,False
BGW-015,3,2019-12-04,17,142.74,241.8,100.0,6.5,4.79,78.9,0.843,0.709,209.53,0.231,161.2,12342.3,9.86,0.31,False,False
BGW-015,3,2019-12-05,18,140.55,253.8,100.0,6.46,4.76,85.0,0.843,0.706,207.31,0.247,156.18,11974.5,9.54,0.311,False,False
BGW-015,3,2019-12-06,19,138.41,266.2,100.0,4.83,4.73,83.1,0.897,0.746,163.83,0.238,124.86,12400.8,7.88,0.033,False,False
BGW-015,3,2019-12-07,20,136.32,279.0,100.0,4.73,4.7,87.2,0.899,0.744,159.87,0.25,119.87,12347.6,8.08,0.023,False,False
BGW-015,3,2019-12-08,21,134.28,292.3,97.8,4.44,4.67,82.7,0.9,0.74,146.15,0.258,108.42,11979.8,7.51,0.021,False,False
BGW-015,3,2019-12-09,22,132.28,306.1,100.0,5.08,4.64,88.9,0.886,0.723,166.85,0.299,116.89,12305.9,8.25,0.1,False,False
BGW-015,3,2019-12-10,23,130.32,320.3,100.0,5.08,4.61,90.1,0.884,0.717,165.63,0.293,117.09,12109.6,8.14,0.11,False,False
BGW-015,3,2019-12-11,24,128.42,334.9,98.9,4.56,4.58,87.9,0.9,0.725,148.66,0.305,103.39,12181.9,7.46,0.031,False,False
BGW-015,3,2019-12-12,25,126.55,350.1,100.0,4.36,4.55,85.4,0.9,0.719,142.73,0.262,105.38,12377.8,7.42,0.034,False,False
BGW-015,3,2019-12-13,26,124.73,365.7,98.4,4.51,4.52,90.5,0.9,0.714,144.05,0.305,100.08,11965.6,7.39,0.038,False,False
BGW-015,3,2019-12-14,27,122.95,381.7,95.8,5.12,4.49,86.6,0.879,0.692,154.27,0.284,110.4,11740.2,7.86,0.152,False,False
BGW-015,3,2019-12-15,28,121.2,398.2,100.0,4.24,4.46,88.4,0.9,0.703,135.56,0.346,88.63,12102.7,7.25,0.045,False,False
BGW-015,3,2019-12-16,29,119.5,415.2,100.0,5.4,4.42,80.9,0.866,0.67,164.42,0.322,111.5,12427.4,8.45,0.219,False,False
BGW-015,3,2019-12-17,30,117.84,432.7,97.4,4.24,4.39,82.4,0.896,0.688,129.15,0.317,88.26,12088.3,7.2,0.053,False,False
BGW-015,3,2019-12-18,31,116.21,450.6,100.0,5.23,4.36,85.6,0.865,0.658,156.51,0.329,104.99,12361.1,8.27,0.21,False,False
BGW-015,3,2019-12-19,32,114.62,469.0,100.0,5.31,4.33,85.5,0.859,0.648,156.19,0.328,105.01,12229.5,8.33,0.233,False,False
BGW-015,3,2019-12-20,33,113.07,487.8,99.3,5.25,4.29,83.8,0.858,0.64,151.84,0.342,99.88,12240.3,8.1,0.233,False,False
BGW-015,3,2019-12-21,34,111.55,507.2,100.0,4.19,4.26,92.6,0.887,0.656,125.01,0.341,82.32,12531.7,7.21,0.07,False,False
BGW-015,3,2019-12-22,35,110.07,526.9,99.7,4.23,4.23,87.3,0.885,0.648,124.33,0.363,79.21,12518.8,7.34,0.075,False,False
BGW-015,3,2019-12-23,36,108.62,547.2,100.0,4.26,4.19,84.6,0.881,0.638,123.48,0.324,83.48,12191.1,7.14,0.09,False,False
BGW-015,3,2019-12-24,37,107.2,567.8,100.0,5.02,4.16,79.1,0.852,0.611,139.43,0.353,90.26,12615.5,8.31,0.235,False,False
BGW-015,3,2019-12-25,38,105.81,589.0,100.0,5.42,4.13,82.7,0.835,0.592,146.0,0.37,91.92,12447.9,8.73,0.315,False,False
BGW-015,3,2019-12-26,39,104.46,610.5,96.5,3.94,4.09,80.7,0.875,0.614,106.07,0.389,64.83,12211.9,7.0,0.093,False,False
BGW-015,3,2019-12-27,40,103.14,632.5,100.0,4.21,4.06,86.9,0.868,0.602,115.25,0.384,70.97,12366.9,7.33,0.125,False,False
BGW-015,3,2019-12-28,41,101.84,654.9,100.0,4.01,4.03,79.5,0.87,0.597,108.85,0.341,71.76,12403.2,6.95,0.103,False,False
BGW-015,3,2019-12-29,42,100.58,677.8,100.0,4.2,3.99,89.3,0.861,0.584,111.35,0.413,65.41,12277.5,7.02,0.144,False,False
BGW-015,3,2019-12-30,43,99.34,701.0,100.0,4.21,3.96,80.4,0.857,0.574,109.88,0.361,70.21,12255.5,7.27,0.158,False,False
BGW-015,3,2019-12-31,44,98.14,724.7,99.5,5.2,3.93,79.4,0.82,0.543,127.75,0.426,73.33,12245.3,8.24,0.342,False,False
BGW-015,3,2020-01-01,45,96.96,748.7,99.8,4.01,3.89,85.0,0.855,0.56,101.81,0.387,62.4,12067.0,6.72,0.145,False,False
BGW-015,3,2020-01-02,46,95.8,773.1,98.0,3.71,3.86,82.1,0.856,0.554,91.54,0.368,57.81,12083.5,6.7,0.13,False,False
BGW-015,3,2020-01-03,47,94.68,797.9,96.2,3.64,3.83,80.3,0.854,0.545,86.87,0.441,48.53,12183.8,6.46,0.136,False,False
BGW-015,3,2020-01-04,48,93.57,823.1,94.9,3.63,3.79,77.0,0.851,0.537,84.04,0.437,47.35,12101.6,6.39,0.142,False,False
BGW-015,3,2020-01-05,49,92.5,848.6,100.0,4.9,3.76,76.3,0.81,0.504,112.34,0.416,65.66,12432.8,7.68,0.347,False,False
BGW-015,3,2020-01-06,50,91.44,874.4,95.9,3.62,3.73,84.2,0.845,0.52,81.92,0.406,48.63,11747.3,6.15,0.153,False,False
BGW-015,3,2020-01-07,51,90.42,900.6,95.9,3.79,3.7,79.7,0.839,0.509,84.04,0.449,46.29,12251.2,6.63,0.175,False,False
BGW-015,3,2020-01-08,52,89.41,927.1,98.0,3.48,3.67,80.1,0.839,0.503,77.94,0.429,44.52,12167.2,6.47,0.165,False,False
BGW-015,3,2020-01-09,53,88.43,953.8,98.4,3.7,3.63,78.2,0.833,0.493,81.54,0.405,48.49,12197.3,6.49,0.183,False,False
BGW-015,3,2020-01-10,54,87.47,980.9,94.7,3.67,3.6,75.6,0.83,0.485,76.45,0.409,45.15,12278.3,6.61,0.189,False,False
BGW-015,3,2020-01-11,55,86.53,1008.3,100.0,4.98,3.57,81.5,0.782,0.451,101.99,0.457,55.42,12567.8,8.21,0.43,False,False
BGW-015,3,2020-01-12,56,85.61,1035.9,98.1,3.62,3.54,86.1,0.823,0.468,75.6,0.468,40.23,12306.5,6.42,0.205,False,False
BGW-015,3,2020-01-13,57,84.72,1063.7,100.0,3.79,3.51,78.2,0.813,0.456,78.64,0.455,42.85,12430.0,6.86,0.246,False,False
BGW-015,3,2020-01-14,58,83.84,1091.8,99.3,4.37,3.48,77.2,0.79,0.437,86.13,0.477,45.01,12462.6,7.51,0.358,False,False
BGW-015,3,2020-01-15,59,82.98,1120.1,94.6,4.2,3.45,80.7,0.791,0.432,78.07,0.484,40.27,12175.8,7.12,0.341,False,False
BGW-015,3,2020-01-16,60,82.15,1148.7,94.3,4.79,3.42,79.9,0.767,0.413,84.91,0.499,42.56,11839.7,7.5,0.456,True,False
BGW-015,3,2020-01-17,61,81.33,1177.4,100.0,4.26,3.39,75.3,0.78,0.415,80.39,0.491,40.9,12141.8,7.27,0.374,False,False
BGW-015,3,2020-01-18,62,80.53,1206.2,96.5,3.4,3.37,75.3,0.805,0.422,62.99,0.489,32.21,12192.2,6.01,0.235,False,False
BGW-015,3,2020-01-19,63,79.75,1235.3,93.1,3.42,3.34,77.4,0.8,0.414,59.98,0.531,28.14,12175.3,6.11,0.25,False,False
BGW-015,3,2020-01-20,64,78.98,1264.5,92.1,3.45,3.31,80.2,0.794,0.406,58.58,0.48,30.47,12030.5,5.99,0.266,False,False
BGW-015,3,2020-01-21,65,78.24,1293.8,98.0,3.64,3.28,72.4,0.784,0.395,64.11,0.512,31.3,12417.4,6.65,0.312,False,False
BGW-015,3,2020-01-22,66,77.51,1323.3,95.1,3.35,3.26,81.6,0.789,0.392,56.86,0.552,25.49,12335.9,6.37,0.273,False,False
BGW-015,3,2020-01-23,67,76.79,1352.8,90.2,3.51,3.23,72.2,0.78,0.383,55.01,0.502,27.42,11932.1,6.07,0.31,False,False
BGW-015,3,2020-01-24,68,76.1,1382.4,91.0,4.5,3.2,70.3,0.742,0.36,66.85,0.53,31.42,12251.9,7.69,0.495,True,False
BGW-015,3,2020-01-25,69,75.41,1412.2,96.4,3.33,3.18,77.0,0.777,0.371,54.22,0.544,24.73,12302.7,6.1,0.303,False,False
BGW-015,3,2020-01-26,70,74.75,1441.9,94.9,3.26,3.15,79.2,0.775,0.366,51.36,0.539,23.66,12408.5,6.27,0.301,False,False
BGW-015,3,2020-01-27,71,74.1,1471.7,94.6,3.08,3.13,69.8,0.775,0.361,47.73,0.538,22.04,12199.2,6.02,0.289,False,False
BGW-015,3,2020-01-28,72,73.46,1501.6,91.8,3.14,3.1,80.0,0.77,0.354,46.37,0.541,21.29,12153.0,6.1,0.302,False,False
BGW-015,3,2020-01-29,73,72.84,1531.5,93.8,3.14,3.08,76.8,0.766,0.348,46.53,0.55,20.93,12209.4,5.83,0.314,False,False
BGW-015,3,2020-01-30,74,72.23,1561.3,95.3,3.78,3.06,67.5,0.74,0.332,54.28,0.57,23.37,12182.3,6.7,0.436,False,False
BGW-015,3,2020-01-31,75,71.64,1591.2,100.0,4.13,3.03,72.4,0.725,0.321,60.1,0.548,27.19,12577.1,6.92,0.508,True,False
BGW-015,3,2020-02-01,76,71.06,1621.1,92.6,2.87,3.01,71.7,0.758,0.331,39.96,0.602,15.89,12292.1,5.78,0.323,False,False
BGW-015,3,2020-02-02,77,70.49,1650.9,90.4,3.06,2.99,72.6,0.752,0.324,40.8,0.579,17.17,12211.0,5.72,0.343,False,False
BGW-015,3,2020-02-03,78,69.94,1680.6,92.7,2.95,2.96,72.3,0.751,0.32,39.71,0.587,16.41,12218.0,5.68,0.337,False,False
BGW-015,3,2020-02-04,79,69.4,1710.3,91.4,2.93,2.94,75.7,0.747,0.314,38.24,0.631,14.1,12374.4,5.65,0.343,False,False
BGW-015,3,2020-02-05,80,68.87,1740.0,89.5,3.39,2.92,67.1,0.728,0.303,41.75,0.588,17.2,12171.6,5.92,0.432,False,False
BGW-015,3,2020-02-06,81,68.35,1769.5,96.6,3.43,2.9,67.3,0.722,0.297,44.77,0.579,18.85,12296.4,6.3,0.45,False,False
BGW-015,3,2020-02-07,82,67.84,1799.0,94.4,3.51,2.88,74.5,0.716,0.291,43.79,0.624,16.49,12428.1,6.07,0.474,True,False
BGW-015,3,2020-02-08,83,67.35,1828.3,89.6,3.84,2.86,71.0,0.701,0.281,43.96,0.583,18.33,12157.0,6.73,0.541,True,False
BGW-015,3,2020-02-09,84,66.86,1857.5,90.6,3.15,2.84,74.3,0.72,0.285,37.03,0.587,15.31,11975.2,6.13,0.431,False,False
BGW-015,3,2020-02-10,85,66.39,1886.6,92.0,2.85,2.82,68.2,0.726,0.284,33.86,0.631,12.49,12144.1,5.33,0.388,False,False
BGW-015,3,2020-02-11,86,65.93,1915.6,94.1,3.63,2.8,69.2,0.696,0.27,41.84,0.645,14.87,12152.8,6.5,0.534,True,False
BGW-015,3,2020-02-12,87,65.48,1944.4,94.5,3.06,2.78,72.9,0.711,0.272,35.74,0.619,13.63,12394.3,5.95,0.444,False,False
BGW-015,3,2020-02-13,88,65.04,1973.1,90.1,2.8,2.77,66.8,0.715,0.271,31.08,0.621,11.76,12017.5,5.65,0.409,False,False
BGW-015,3,2020-02-14,89,64.61,2001.6,90.8,2.67,2.75,65.5,0.713,0.267,29.4,0.64,10.58,12193.5,5.26,0.409,False,False
BGW-015,3,2020-02-15,90,64.19,2029.9,88.1,2.86,2.73,73.4,0.706,0.262,29.92,0.679,9.6,12255.5,5.42,0.438,False,False
BGW-015,3,2020-02-16,91,63.77,2058.0,87.1,2.75,2.71,69.7,0.705,0.259,28.17,0.728,7.66,11998.9,5.42,0.429,False,False
BGW-015,3,2020-02-17,92,63.37,2085.9,96.4,3.29,2.7,66.7,0.683,0.248,35.79,0.657,12.26,12405.5,6.05,0.533,True,False
BGW-015,3,2020-02-18,93,62.98,2113.7,86.7,2.72,2.68,65.0,0.699,0.251,26.87,0.662,9.08,12073.9,5.83,0.441,False,False
BGW-015,3,2020-02-19,94,62.6,2141.2,88.0,2.6,2.67,71.0,0.697,0.248,25.76,0.706,7.56,12090.8,4.98,0.441,False,False
BGW-015,3,2020-02-20,95,62.22,2168.5,95.6,3.38,2.65,63.4,0.669,0.236,34.59,0.661,11.72,12236.1,6.19,0.575,True,False
BGW-015,3,2020-02-21,96,61.85,2195.6,95.8,3.47,2.63,61.8,0.663,0.231,34.9,0.655,12.05,12338.9,6.49,0.6,True,False
BGW-015,3,2020-02-22,97,61.49,2222.5,88.3,2.94,2.62,68.7,0.677,0.233,27.53,0.653,9.56,11929.7,5.73,0.516,True,False
BGW-015,4,2020-03-06,1,168.74,141.2,98.0,4.9,5.04,81.3,0.9,0.791,172.64,0.157,145.59,11968.0,7.54,0.0,False,False
BGW-015,4,2020-03-07,2,165.3,151.1,100.0,5.57,5.01,90.8,0.881,0.772,195.46,0.148,166.48,11905.1,8.38,0.099,False,False
BGW-015,4,2020-03-08,3,161.96,161.5,95.4,5.74,4.98,83.9,0.875,0.763,189.93,0.197,152.47,11780.4,8.47,0.133,False,False
BGW-015,4,2020-03-09,4,158.72,172.4,98.2,5.1,4.95,81.8,0.895,0.777,176.77,0.207,140.22,12145.2,8.11,0.026,False,False
BGW-015,4,2020-03-10,5,155.56,184.0,100.0,6.18,4.92,84.8,0.858,0.741,208.04,0.181,170.37,12183.6,9.49,0.219,False,False
BGW-015,4,2020-03-11,6,152.49,196.1,100.0,4.88,4.89,88.9,0.9,0.773,171.48,0.199,137.29,12104.3,7.7,0.0,False,False
BGW-015,4,2020-03-12,7,149.51,208.9,100.0,4.63,4.86,84.7,0.9,0.769,161.68,0.145,138.31,12250.6,7.69,0.002,False,False
BGW-015,4,2020-03-13,8,146.62,222.2,99.7,5.77,4.83,79.3,0.869,0.738,192.92,0.188,156.71,12296.5,8.87,0.17,False,False
BGW-015,4,2020-03-14,9,143.8,236.2,98.0,4.86,4.8,85.8,0.898,0.758,163.88,0.158,137.91,12088.4,7.89,0.018,False,False
BGW-015,4,2020-03-15,10,141.06,250.9,97.7,4.84,4.76,80.9,0.898,0.752,161.55,0.197,129.67,12250.5,7.76,0.024,False,False
BGW-015,4,2020-03-16,11,138.4,266.2,100.0,5.3,4.73,87.6,0.881,0.733,176.67,0.155,149.29,12157.4,8.54,0.115,False,False
BGW-015,4,2020-03-17,12,135.81,282.2,100.0,4.65,4.69,84.4,0.9,0.743,157.06,0.204,124.95,12449.6,7.74,0.019,False,False
BGW-015,4,2020-03-18,13,133.3,298.9,100.0,6.08,4.66,89.3,0.853,0.699,193.06,0.213,151.88,12294.9,9.34,0.272,False,False
BGW-015,4,2020-03-19,14,130.86,316.3,97.3,4.58,4.62,87.5,0.9,0.731,148.24,0.208,117.36,11985.3,7.43,0.026,False,False
BGW-015,4,2020-03-20,15,128.48,334.4,99.4,6.25,4.58,77.4,0.844,0.68,192.06,0.22,149.77,12060.6,9.3,0.322,False,False
BGW-015,4,2020-03-21,16,126.17,353.2,99.3,4.34,4.55,86.6,0.9,0.718,140.8,0.256,104.69,12125.1,7.1,0.035,False,False
BGW-015,4,2020-03-22,17,123.93,372.7,100.0,5.73,4.51,87.0,0.859,0.679,176.86,0.209,139.96,12318.2,8.86,0.253,False,False
BGW-015,4,2020-03-23,18,121.75,393.0,100.0,4.62,4.47,93.1,0.895,0.701,147.02,0.236,112.38,12107.5,7.75,0.07,False,False
BGW-015,4,2020-03-24,19,119.63,413.9,97.2,4.3,4.43,89.5,0.898,0.696,132.17,0.24,100.45,12210.5,7.06,0.049,False,False
BGW-015,4,2020-03-25,20,117.57,435.6,100.0,4.3,4.39,85.6,0.896,0.687,134.27,0.25,100.77,12240.1,7.22,0.054,False,False
BGW-015,4,2020-03-26,21,115.56,458.0,97.6,4.13,4.35,85.0,0.893,0.677,123.99,0.241,94.08,12285.7,7.33,0.059,False,False
BGW-015,4,2020-03-27,22,113.62,481.1,100.0,5.76,4.31,88.1,0.842,0.631,165.17,0.234,126.47,12453.4,8.98,0.319,False,False
BGW-015,4,2020-03-28,23,111.72,504.9,100.0,5.33,4.26,81.2,0.852,0.631,152.78,0.256,113.62,12141.5,8.5,0.255,False,False
BGW-015,4,2020-03-29,24,109.88,529.4,100.0,4.37,4.22,86.6,0.88,0.643,127.83,0.251,95.79,12228.0,7.26,0.101,False,False
BGW-015,4,2020-03-30,25,108.1,554.6,100.0,4.44,4.18,80.5,0.873,0.63,127.3,0.278,91.9,12197.5,7.59,0.126,False,False
BGW-015,4,2020-03-31,26,106.36,580.6,97.1,4.26,4.14,86.5,0.875,0.624,117.13,0.305,81.44,12052.2,7.02,0.107,False,False
BGW-015,4,2020-04-01,27,104.67,607.1,99.6,4.24,4.1,91.0,0.871,0.612,117.61,0.308,81.38,12235.0,7.0,0.118,False,False
BGW-015,4,2020-04-02,28,103.03,634.4,100.0,4.02,4.06,85.4,0.873,0.605,110.46,0.266,81.03,12213.0,6.92,0.099,False,False
BGW-015,4,2020-04-03,29,101.43,662.3,95.1,4.32,4.02,90.1,0.859,0.588,109.7,0.314,75.22,12209.5,7.09,0.159,False,False
BGW-015,4,2020-04-04,30,99.88,690.8,97.0,4.06,3.97,88.1,0.863,0.582,104.12,0.315,71.36,12235.3,6.85,0.127,False,False
BGW-015,4,2020-04-05,31,98.37,720.0,95.8,4.24,3.93,86.9,0.853,0.566,104.41,0.31,72.05,12031.3,7.11,0.171,False,False
BGW-015,4,2020-04-06,32,96.9,749.8,100.0,4.65,3.89,85.1,0.834,0.546,115.41,0.322,78.25,12123.7,7.51,0.259,False,False
BGW-015,4,2020-04-07,33,95.48,780.1,100.0,4.67,3.85,75.7,0.828,0.534,113.32,0.309,78.31,12203.4,7.84,0.276,False,False
BGW-015,4,2020-04-08,34,94.09,811.1,98.6,3.92,3.81,86.9,0.848,0.538,94.45,0.297,66.38,12409.1,6.78,0.157,False,False
BGW-015,4,2020-04-09,35,92.75,842.5,95.3,3.94,3.77,79.2,0.843,0.526,89.89,0.324,60.79,12381.5,7.0,0.176,False,False
BGW-015,4,2020-04-10,36,91.44,874.5,98.3,3.72,3.73,86.7,0.845,0.519,86.38,0.359,55.36,12212.6,6.41,0.153,False,False
BGW-015,4,2020-04-11,37,90.17,907.0,98.8,4.46,3.69,83.7,0.815,0.493,98.77,0.325,66.65,12280.5,7.39,0.295,False,False
BGW-015,4,2020-04-12,38,88.93,940.0,94.2,3.78,3.65,80.7,0.833,0.496,80.18,0.341,52.84,12059.8,6.6,0.19,False,False
BGW-015,4,2020-04-13,39,87.73,973.4,92.2,5.01,3.61,77.9,0.787,0.461,96.71,0.353,62.57,12001.3,7.87,0.42,False,False
BGW-015,4,2020-04-14,40,86.56,1007.3,100.0,4.23,3.57,73.4,0.807,0.465,89.42,0.372,56.17,12457.8,7.0,0.298,False,False
BGW-015,4,2020-04-15,41,85.43,1041.6,98.3,4.98,3.53,78.2,0.777,0.441,98.01,0.361,62.67,12602.2,8.07,0.444,False,False
BGW-015,4,2020-04-16,42,84.32,1076.2,98.4,3.4,3.5,80.0,0.821,0.458,69.62,0.351,45.22,12193.4,6.25,0.199,False,False
BGW-015,4,2020-04-17,43,83.25,1111.2,96.5,3.42,3.46,77.2,0.817,0.448,67.15,0.367,42.53,12253.3,6.37,0.207,False,False
BGW-015,4,2020-04-18,44,82.21,1146.5,95.9,3.48,3.42,74.7,0.811,0.438,66.41,0.374,41.61,12285.0,6.27,0.226,False,False
BGW-015,4,2020-04-19,45,81.19,1182.1,93.1,3.37,3.39,78.3,0.809,0.429,61.1,0.389,37.34,11995.9,5.98,0.223,False,False
BGW-015,4,2020-04-20,46,80.21,1218.0,93.7,3.36,3.35,77.6,0.805,0.42,59.98,0.379,37.26,11762.1,5.82,0.232,False,False
BGW-015,4,2020-04-21,47,79.25,1254.1,90.7,4.51,3.32,77.3,0.761,0.391,72.58,0.388,44.43,12348.5,7.52,0.447,False,False
BGW-015,4,2020-04-22,48,78.32,1290.4,94.9,3.24,3.29,78.9,0.796,0.402,56.22,0.41,33.17,12438.8,6.16,0.248,False,False
BGW-015,4,2020-04-23,49,77.42,1326.9,92.4,4.41,3.25,71.1,0.753,0.374,69.24,0.405,41.22,11989.9,7.04,0.458,True,False
BGW-015,4,2020-04-24,50,76.54,1363.6,93.2,3.18,3.22,76.8,0.788,0.385,51.76,0.396,31.25,12257.5,6.1,0.264,False,False
BGW-015,4,2020-04-25,51,75.68,1400.4,92.1,3.24,3.19,74.3,0.782,0.376,50.89,0.431,28.97,12003.8,5.98,0.281,False,False
BGW-015,4,2020-04-26,52,74.85,1437.3,91.6,3.23,3.16,76.8,0.776,0.367,49.4,0.431,28.09,12161.5,6.1,0.295,False,False
BGW-015,4,2020-04-27,53,74.04,1474.3,94.9,3.26,3.13,70.3,0.77,0.358,50.34,0.415,29.46,12275.2,6.23,0.313,False,False
BGW-015,4,2020-04-28,54,73.26,1511.3,92.9,3.01,3.09,72.2,0.77,0.353,44.81,0.445,24.86,12308.8,6.06,0.298,False,False
BGW-015,4,2020-04-29,55,72.5,1548.3,92.8,3.2,3.07,71.6,0.762,0.343,46.28,0.443,25.79,12175.4,6.08,0.33,False,False
BGW-015,4,2020-04-30,56,71.75,1585.4,92.9,3.03,3.04,79.9,0.762,0.338,43.19,0.415,25.27,12212.4,5.73,0.315,False,False
BGW-015,4,2020-05-01,57,71.03,1622.4,93.7,3.12,3.01,77.6,0.754,0.329,43.73,0.445,24.29,12284.8,6.11,0.343,False,False
BGW-015,4,2020-05-02,58,70.33,1659.3,92.7,3.01,2.98,73.5,0.752,0.323,41.01,0.461,22.11,12449.1,6.27,0.337,False,False
BGW-015,4,2020-05-03,59,69.65,1696.2,93.2,2.82,2.95,67.7,0.749,0.317,37.82,0.484,19.51,12111.1,5.29,0.34,False,False
BGW-015,4,2020-05-04,60,68.99,1733.0,93.6,4.19,2.93,64.5,0.702,0.293,52.19,0.483,26.97,12262.9,7.43,0.57,True,False
BGW-015,4,2020-05-05,61,68.35,1769.6,90.2,2.91,2.9,71.5,0.74,0.304,36.3,0.462,19.54,12329.9,5.73,0.359,False,False
BGW-015,4,2020-05-06,62,67.72,1806.1,93.5,2.89,2.88,72.9,0.735,0.298,36.58,0.458,19.82,12220.1,5.69,0.368,False,False
BGW-015,4,2020-05-07,63,67.11,1842.5,87.5,3.48,2.85,65.2,0.711,0.284,39.24,0.511,19.2,12043.5,6.36,0.483,True,False
BGW-015,4,2020-05-08,64,66.52,1878.6,88.7,3.31,2.83,67.9,0.711,0.28,37.35,0.469,19.84,12009.2,6.09,0.467,True,False
BGW-015,4,2020-05-09,65,65.95,1914.6,88.3,2.91,2.8,72.7,0.72,0.279,32.56,0.487,16.71,12241.5,5.77,0.408,False,False
BGW-015,4,2020-05-10,66,65.39,1950.3,90.5,2.81,2.78,72.9,0.718,0.275,31.74,0.516,15.36,12464.2,5.68,0.403,False,False
BGW-015,4,2020-05-11,67,64.85,1985.7,92.2,2.71,2.76,65.5,0.715,0.27,30.57,0.516,14.79,12151.6,5.41,0.406,False,False
BGW-015,4,2020-05-12,68,64.32,2020.9,91.9,2.81,2.74,67.9,0.708,0.264,30.93,0.472,16.35,11958.9,5.65,0.427,False,False
BGW-015,4,2020-05-13,69,63.81,2055.9,85.3,3.19,2.72,63.7,0.691,0.254,31.37,0.496,15.81,12141.4,6.18,0.505,True,False
BGW-015,4,2020-05-14,70,63.31,2090.5,93.5,3.19,2.7,64.7,0.686,0.249,33.7,0.529,15.87,12099.7,6.07,0.516,True,False
BGW-015,4,2020-05-15,71,62.82,2124.8,97.1,3.6,2.68,67.8,0.668,0.239,37.98,0.544,17.32,12647.9,6.38,0.599,True,False
BGW-015,4,2020-05-16,72,62.35,2158.8,87.4,3.45,2.66,68.2,0.668,0.236,32.36,0.517,15.62,11954.2,6.25,0.585,True,False
BGW-015,4,2020-05-17,73,61.89,2192.5,86.8,2.62,2.64,71.4,0.691,0.241,24.87,0.515,12.06,12194.9,5.48,0.453,True,False
BGW-015,4,2020-05-18,74,61.45,2225.8,88.6,3.77,2.62,66.3,0.649,0.223,33.89,0.54,15.59,12217.8,6.62,0.661,True,False
BGW-015,4,2020-05-19,75,61.02,2258.8,96.2,3.39,2.6,62.1,0.657,0.224,33.09,0.586,13.69,12186.1,6.42,0.605,True,False
BGW-015,4,2020-05-20,76,60.6,2291.3,88.6,2.48,2.58,69.5,0.679,0.229,22.84,0.577,9.66,12046.3,5.42,0.475,True,False
BGW-015,4,2020-05-21,77,60.19,2323.5,89.7,2.83,2.56,60.2,0.667,0.222,25.55,0.587,10.56,12091.0,5.61,0.528,True,False
BGW-015,4,2020-05-22,78,59.79,2355.4,85.2,2.67,2.55,64.6,0.668,0.22,22.69,0.557,10.06,12087.5,5.68,0.511,True,False
BGW-015,4,2020-05-23,79,59.41,2386.8,86.0,2.65,2.53,63.2,0.664,0.216,22.35,0.558,9.89,12185.3,5.39,0.517,True,False
BGW-015,4,2020-05-24,80,59.03,2417.8,89.0,2.6,2.52,69.3,0.662,0.213,22.39,0.587,9.25,11974.0,5.31,0.515,True,False
BGW-015,4,2020-05-25,81,58.67,2448.4,84.9,2.6,2.5,66.3,0.658,0.209,21.01,0.557,9.31,11713.9,5.23,0.518,True,False
BGW-015,4,2020-05-26,82,58.31,2478.5,83.4,3.24,2.49,60.7,0.632,0.199,24.43,0.558,10.79,12126.2,5.93,0.631,True,False
BGW-015,4,2020-05-27,83,57.97,2508.3,89.1,2.55,2.47,59.7,0.651,0.203,20.96,0.58,8.8,12233.9,5.46,0.514,True,False
BGW-015,4,2020-05-28,84,57.63,2537.6,87.2,2.41,2.46,61.3,0.651,0.201,19.15,0.612,7.43,12120.5,5.18,0.5,True,False
BGW-015,4,2020-05-29,85,57.31,2566.5,83.9,2.51,2.44,66.4,0.645,0.197,18.86,0.611,7.34,11946.0,5.06,0.511,True,False
BGW-015,4,2020-05-30,86,56.99,2594.9,87.2,2.34,2.43,62.1,0.644,0.195,18.04,0.558,7.98,12200.7,5.08,0.5,True,False
BGW-015,4,2020-05-31,87,56.68,2622.9,84.5,2.33,2.42,63.0,0.641,0.192,17.21,0.602,6.85,11979.0,5.11,0.5,True,False
BGW-015,4,2020-06-01,88,56.38,2650.5,88.1,2.92,2.4,63.0,0.62,0.184,21.54,0.639,7.78,12076.8,5.65,0.59,True,False
BGW-015,4,2020-06-02,89,56.09,2677.6,88.3,3.44,2.39,55.8,0.599,0.177,24.36,0.612,9.44,12286.4,6.27,0.683,True,False
BGW-015,4,2020-06-03,90,55.81,2704.3,92.7,3.43,2.38,62.5,0.596,0.174,25.14,0.615,9.67,12327.4,6.32,0.684,True,False
BGW-015,4,2020-06-04,91,55.53,2730.5,84.8,2.63,2.37,61.8,0.619,0.179,18.15,0.638,6.56,11878.9,5.22,0.545,True,False
BGW-015,4,2020-06-05,92,55.27,2756.3,86.4,2.25,2.36,63.0,0.625,0.179,15.82,0.632,5.82,12184.0,4.69,0.5,True,False
BGW-015,4,2020-06-06,93,55.01,2781.6,93.1,2.83,2.34,63.4,0.606,0.172,20.66,0.656,7.11,12454.3,5.66,0.585,True,False
BGW-015,4,2020-06-07,94,54.76,2806.5,83.5,2.34,2.33,56.2,0.619,0.175,15.54,0.634,5.69,11985.3,4.96,0.502,True,False
BGW-015,4,2020-06-08,95,54.51,2830.9,85.5,2.29,2.32,62.9,0.616,0.173,15.38,0.636,5.6,12359.8,4.89,0.5,True,False
BGW-015,4,2020-06-09,96,54.27,2854.9,82.0,2.22,2.31,56.2,0.614,0.171,14.11,0.653,4.89,12225.1,4.59,0.5,True,False
BGW-015,4,2020-06-10,97,54.04,2878.5,87.4,2.75,2.3,57.6,0.596,0.165,17.95,0.662,6.07,11862.3,5.29,0.577,True,False
BGW-015,4,2020-06-11,98,53.82,2901.6,85.6,2.42,2.29,61.3,0.604,0.166,15.55,0.703,4.61,11928.7,5.02,0.521,True,False
BGW-015,4,2020-06-12,99,53.6,2924.2,83.6,2.19,2.28,58.5,0.606,0.165,13.68,0.65,4.79,12122.8,5.0,0.5,True,False
BGW-015,4,2020-06-13,100,53.38,2946.5,81.7,2.23,2.28,62.7,0.603,0.163,13.48,0.688,4.21,12027.8,4.96,0.5,True,False
BGW-015,4,2020-06-14,101,53.18,2968.3,90.6,2.84,2.27,55.4,0.581,0.156,18.26,0.694,5.58,12431.0,5.75,0.601,True,False
BGW-015,4,2020-06-15,102,52.98,2989.6,81.0,2.25,2.26,54.6,0.598,0.159,13.2,0.689,4.11,11816.3,4.84,0.5,True,False
BGW-015,4,2020-06-16,103,52.78,3010.6,84.2,2.21,2.25,56.0,0.595,0.158,13.36,0.691,4.13,12130.7,5.03,0.5,True,False
BGW-015,4,2020-06-17,104,52.59,3031.1,81.0,2.34,2.24,55.4,0.59,0.155,13.35,0.715,3.8,11669.5,5.15,0.516,True,False
BGW-015,5,2020-06-28,1,154.85,186.7,100.0,4.68,4.92,88.6,0.9,0.776,165.01,0.147,140.75,12111.7,7.89,0.0,False,False
BGW-015,5,2020-06-29,2,151.35,200.9,100.0,6.18,4.88,84.4,0.857,0.734,206.36,0.162,173.02,12324.6,9.23,0.228,False,False
BGW-015,5,2020-06-30,3,147.96,215.9,96.6,6.13,4.85,77.5,0.857,0.73,196.43,0.189,159.29,11913.5,8.94,0.228,False,False
BGW-015,5,2020-07-01,4,144.68,231.7,100.0,4.96,4.81,92.1,0.895,0.757,170.6,0.171,141.48,12436.3,8.02,0.034,False,False
BGW-015,5,2020-07-02,5,141.51,248.4,100.0,5.48,4.77,87.2,0.876,0.735,183.13,0.209,144.92,12360.7,8.49,0.135,False,False
BGW-015,5,2020-07-03,6,138.44,266.0,100.0,4.69,4.73,91.2,0.9,0.749,159.79,0.167,133.12,12272.4,7.43,0.015,False,False
BGW-015,5,2020-07-04,7,135.47,284.5,99.0,5.07,4.69,80.8,0.887,0.732,166.9,0.167,139.1,12105.2,8.21,0.086,False,False
BGW-015,5,2020-07-05,8,132.59,303.9,100.0,4.55,4.65,87.2,0.9,0.736,151.99,0.222,118.26,12329.2,7.35,0.024,False,False
BGW-015,5,2020-07-06,9,129.81,324.2,98.2,6.5,4.6,84.4,0.837,0.677,196.59,0.223,152.75,12133.5,9.68,0.36,False,False
BGW-015,5,2020-07-07,10,127.11,345.4,100.0,5.38,4.56,89.5,0.873,0.699,171.06,0.142,146.78,12164.9,8.31,0.177,False,False
BGW-015,5,2020-07-08,11,124.5,367.6,98.1,4.42,4.52,86.3,0.9,0.713,140.69,0.215,110.51,11907.1,7.19,0.038,False,False
BGW-015,5,2020-07-09,12,121.98,390.8,100.0,5.84,4.47,87.3,0.854,0.669,177.73,0.21,140.44,12157.4,8.86,0.283,False,False
BGW-015,5,2020-07-10,13,119.54,414.9,100.0,4.51,4.43,90.3,0.896,0.694,142.01,0.24,107.89,12187.7,7.31,0.063,False,False
BGW-015,5,2020-07-11,14,117.17,439.9,95.3,5.5,4.38,88.6,0.858,0.656,156.16,0.205,124.22,12030.9,8.22,0.25,False,False
BGW-015,5,2020-07-12,15,114.88,465.9,98.9,4.4,4.33,85.9,0.89,0.672,132.93,0.249,99.82,12423.7,7.41,0.073,False,False
BGW-015,5,2020-07-13,16,112.67,492.9,100.0,5.89,4.29,76.0,0.836,0.622,166.52,0.259,123.45,12411.1,8.87,0.347,False,False
BGW-015,5,2020-07-14,17,110.52,520.7,97.9,4.21,4.24,83.3,0.886,0.651,121.9,0.279,87.94,12108.3,7.0,0.073,False,False
BGW-015,5,2020-07-15,18,108.45,549.5,100.0,4.97,4.19,80.8,0.857,0.62,139.93,0.275,101.47,12442.3,7.9,0.215,False,False
BGW-015,5,2020-07-16,19,106.44,579.3,99.0,4.29,4.14,80.6,0.874,0.623,120.41,0.266,88.34,12180.5,7.37,0.113,False,False
BGW-015,5,2020-07-17,20,104.5,609.9,100.0,5.86,4.09,84.5,0.817,0.573,152.63,0.291,108.19,12358.6,9.13,0.402,False,False
BGW-015,5,2020-07-18,21,102.62,641.4,96.6,4.01,4.05,83.7,0.872,0.602,106.14,0.299,74.39,11783.8,6.51,0.1,False,False
BGW-015,5,2020-07-19,22,100.8,673.8,96.5,3.85,4.0,87.7,0.868,0.59,99.59,0.332,66.52,12235.1,6.81,0.108,False,False
BGW-015,5,2020-07-20,23,99.04,707.0,94.7,5.48,3.95,74.1,0.813,0.544,128.16,0.272,93.26,12058.4,8.33,0.383,False,False
BGW-015,5,2020-07-21,24,97.33,741.0,93.9,5.04,3.9,74.5,0.822,0.54,116.24,0.325,78.48,12113.5,8.02,0.322,False,False
BGW-015,5,2020-07-22,25,95.68,775.8,100.0,3.68,3.86,83.8,0.856,0.553,92.5,0.279,66.67,12292.7,6.26,0.131,False,False
BGW-015,5,2020-07-23,26,94.08,811.3,100.0,4.49,3.81,76.1,0.829,0.526,107.35,0.319,73.08,12082.5,7.54,0.258,False,False
BGW-015,5,2020-07-24,27,92.54,847.6,98.8,3.93,3.76,85.1,0.842,0.525,92.67,0.295,65.36,12429.1,6.86,0.177,False,False
BGW-015,5,2020-07-25,28,91.04,884.6,100.0,4.22,3.72,81.2,0.827,0.506,97.08,0.317,66.32,12636.4,7.24,0.244,False,False
BGW-015,5,2020-07-26,29,89.59,922.2,96.7,3.59,3.67,81.1,0.839,0.504,79.6,0.31,54.94,12302.7,6.66,0.164,False,False
BGW-015,5,2020-07-27,30,88.19,960.5,97.0,3.48,3.63,78.4,0.835,0.492,75.54,0.318,51.48,12304.1,6.24,0.173,False,False
BGW-015,5,2020-07-28,31,86.83,999.3,100.0,3.92,3.58,81.9,0.819,0.474,84.37,0.353,54.54,12462.7,6.98,0.24,False,False
BGW-015,5,2020-07-29,32,85.52,1038.7,96.3,3.69,3.54,77.7,0.82,0.466,75.28,0.343,49.47,12515.6,6.58,0.217,False,False
BGW-015,5,2020-07-30,33,84.25,1078.5,95.3,5.02,3.5,70.1,0.77,0.429,93.28,0.404,55.63,12077.0,7.81,0.466,True,False
BGW-015,5,2020-07-31,34,83.02,1118.9,98.3,3.55,3.45,75.0,0.813,0.444,70.5,0.367,44.61,12177.0,6.36,0.226,False,False
BGW-015,5,2020-08-01,35,81.83,1159.6,96.0,3.58,3.41,75.1,0.806,0.432,67.45,0.371,42.44,12305.4,6.47,0.248,False,False
BGW-015,5,2020-08-02,36,80.68,1200.8,95.9,3.27,3.37,82.0,0.807,0.424,60.54,0.378,37.65,12576.4,6.0,0.227,False,False
BGW-015,5,2020-08-03,37,79.56,1242.2,94.3,3.26,3.33,82.7,0.802,0.414,57.73,0.382,35.68,12179.1,5.72,0.237,False,False
BGW-015,5,2020-08-04,38,78.48,1284.0,94.7,3.17,3.29,74.2,0.797,0.403,55.03,0.391,33.48,12026.3,6.1,0.246,False,False
BGW-015,5,2020-08-05,39,77.44,1326.0,93.2,3.23,3.25,71.7,0.792,0.393,53.84,0.369,33.99,12308.8,5.93,0.256,False,False
BGW-015,5,2020-08-06,40,76.43,1368.2,92.2,3.26,3.22,71.5,0.785,0.383,52.36,0.396,31.63,11868.6,5.94,0.274,False,False
BGW-015,5,2020-08-07,41,75.45,1410.6,97.8,3.51,3.18,70.7,0.771,0.369,57.6,0.385,35.43,12157.2,6.54,0.334,False,False
BGW-015,5,2020-08-08,42,74.5,1453.1,100.0,4.16,3.14,70.9,0.743,0.349,65.94,0.431,37.49,12190.7,7.08,0.462,True,False
BGW-015,5,2020-08-09,43,73.59,1495.7,92.3,4.04,3.11,75.9,0.741,0.342,57.86,0.42,33.58,12238.7,6.75,0.457,True,False
BGW-015,5,2020-08-10,44,72.7,1538.3,92.1,2.95,3.07,69.1,0.767,0.347,42.93,0.458,23.26,12121.8,5.6,0.304,False,False
BGW-015,5,2020-08-11,45,71.84,1581.0,97.1,3.25,3.04,75.0,0.755,0.336,48.07,0.429,27.47,12336.2,6.1,0.35,False,False
BGW-015,5,2020-08-12,46,71.01,1623.6,92.2,2.93,3.01,72.4,0.757,0.33,40.52,0.442,22.63,12541.8,5.69,0.324,False,False
BGW-015,5,2020-08-13,47,70.21,1666.1,88.4,3.77,2.98,67.8,0.726,0.311,47.07,0.428,26.91,12139.9,6.48,0.472,True,False
BGW-015,5,2020-08-14,48,69.43,1708.5,89.6,2.89,2.94,75.4,0.747,0.315,37.03,0.467,19.74,11896.9,5.68,0.343,False,False
BGW-015,5,2020-08-15,49,68.67,1750.8,91.8,2.87,2.91,71.2,0.742,0.307,36.83,0.444,20.49,12477.3,5.57,0.352,False,False
BGW-015,5,2020-08-16,50,67.95,1792.9,89.7,2.85,2.89,72.8,0.737,0.3,34.85,0.472,18.4,12003.2,5.66,0.362,False,False
BGW-015,5,2020-08-17,51,67.24,1834.8,93.1,2.89,2.86,76.4,0.731,0.293,35.81,0.521,17.15,12496.2,5.87,0.378,False,False
BGW-015,5,2020-08-18,52,66.56,1876.4,91.6,2.94,2.83,75.1,0.724,0.285,34.86,0.5,17.44,12153.3,5.44,0.4,False,False
BGW-015,5,2020-08-19,53,65.9,1917.8,93.7,3.84,2.8,72.0,0.688,0.267,43.55,0.467,23.21,12137.8,6.54,0.571,True,False
BGW-015,5,2020-08-20,54,65.26,1958.9,87.8,2.8,2.78,73.4,0.717,0.273,30.52,0.485,15.71,12038.6,5.49,0.404,False,False
BGW-015,5,2020-08-21,55,64.64,1999.6,90.7,2.82,2.75,69.5,0.711,0.267,31.0,0.537,14.35,12089.5,5.67,0.421,False,False
BGW-015,5,2020-08-22,56,64.04,2040.0,88.8,2.74,2.73,71.0,0.708,0.262,28.9,0.519,13.91,12099.6,5.3,0.42,False,False
BGW-015,5,2020-08-23,57,63.46,2080.0,95.3,3.37,2.7,63.3,0.682,0.248,36.17,0.524,17.21,12180.2,6.04,0.544,True,False
BGW-015,5,2020-08-24,58,62.9,2119.6,88.3,2.66,2.68,68.2,0.699,0.251,26.78,0.524,12.76,11954.1,5.39,0.436,False,False
BGW-015,5,2020-08-25,59,62.35,2158.8,94.2,3.38,2.66,67.4,0.671,0.237,34.28,0.549,15.46,12365.9,6.18,0.572,True,False
BGW-015,5,2020-08-26,60,61.83,2197.5,92.0,3.78,2.63,67.4,0.652,0.227,35.86,0.563,15.67,12140.7,6.67,0.654,True,False
BGW-015,5,2020-08-27,61,61.32,2235.7,91.3,3.47,2.61,59.2,0.657,0.226,32.48,0.499,16.26,12347.8,6.0,0.613,True,False
BGW-015,5,2020-08-28,62,60.83,2273.5,90.6,3.06,2.59,60.6,0.666,0.225,28.39,0.517,13.71,12031.8,5.47,0.553,True,False
BGW-015,5,2020-08-29,63,60.35,2310.8,88.3,3.54,2.57,66.7,0.645,0.215,30.59,0.545,13.92,12223.4,6.58,0.649,True,False
BGW-015,5,2020-08-30,64,59.89,2347.6,90.2,2.63,2.55,68.7,0.67,0.221,23.81,0.546,10.81,12147.7,5.59,0.501,True,False
BGW-015,5,2020-08-31,65,59.44,2383.8,89.0,2.56,2.53,61.7,0.668,0.217,22.52,0.533,10.53,11974.4,5.28,0.502,True,False
BGW-015,5,2020-09-01,66,59.01,2419.5,95.6,3.44,2.51,65.9,0.633,0.204,30.45,0.576,12.9,12142.2,6.36,0.662,True,False
BGW-015,5,2020-09-02,67,58.59,2454.7,85.4,3.52,2.5,59.8,0.626,0.199,27.15,0.597,10.93,12218.1,6.44,0.679,True,False
BGW-015,5,2020-09-03,68,58.19,2489.3,89.2,2.36,2.48,62.8,0.656,0.206,19.69,0.622,7.44,12318.9,4.94,0.5,True,False
BGW-015,5,2020-09-04,69,57.79,2523.3,88.5,2.45,2.46,68.5,0.652,0.202,19.96,0.591,8.17,12004.5,5.31,0.5,True,False
BGW-015,5,2020-09-05,70,57.41,2556.7,84.1,2.66,2.45,59.7,0.641,0.197,20.01,0.62,7.6,11852.7,5.33,0.538,True,False
BGW-015,5,2020-09-06,71,57.05,2589.6,83.6,2.74,2.43,62.9,0.634,0.192,20.04,0.63,7.42,11935.1,5.22,0.554,True,False
BGW-015,5,2020-09-07,72,56.69,2621.9,84.5,2.31,2.42,63.0,0.641,0.192,17.06,0.625,6.4,12027.4,5.06,0.5,True,False
BGW-015,5,2020-09-08,73,56.35,2653.6,89.0,3.34,2.4,62.5,0.606,0.18,24.31,0.621,9.2,11944.9,5.98,0.665,True,False
BGW-015,5,2020-09-09,74,56.02,2684.7,87.5,3.0,2.39,63.7,0.613,0.18,21.47,0.629,7.96,12241.3,5.89,0.606,True,False
BGW-015,5,2020-09-10,75,55.69,2715.3,87.4,2.6,2.37,56.6,0.622,0.181,18.7,0.65,6.54,11692.1,5.47,0.54,True,False
BGW-015,5,2020-09-11,76,55.38,2745.2,82.1,2.48,2.36,64.8,0.622,0.179,16.6,0.635,6.06,11768.0,5.02,0.521,True,False
BGW-015,5,2020-09-12,77,55.08,2774.5,86.5,2.32,2.35,59.1,0.623,0.178,16.19,0.648,5.7,12081.3,4.84,0.5,True,False
BGW-015,5,2020-09-13,78,54.79,2803.3,86.5,2.41,2.34,64.4,0.617,0.174,16.55,0.634,6.05,12213.8,5.07,0.514,True,False
BGW-015,5,2020-09-14,79,54.51,2831.4,89.8,2.48,2.32,58.5,0.611,0.171,17.3,0.605,6.83,12066.0,5.16,0.527,True,False
BGW-015,5,2020-09-15,80,54.23,2859.0,81.9,2.26,2.31,56.6,0.613,0.17,14.36,0.637,5.22,11888.5,4.99,0.5,True,False
BGW-015,5,2020-09-16,81,53.97,2886.0,82.4,2.24,2.3,55.0,0.61,0.168,14.08,0.669,4.66,11908.6,4.69,0.5,True,False
BGW-015,5,2020-09-17,82,53.71,2912.4,86.9,3.29,2.29,55.1,0.574,0.157,20.33,0.644,7.24,12234.4,6.22,0.675,True,False
BGW-015,5,2020-09-18,83,53.46,2938.2,83.9,2.38,2.28,62.1,0.601,0.163,14.73,0.671,4.85,11970.3,5.21,0.517,True,False
BGW-015,5,2020-09-19,84,53.22,2963.5,80.8,2.67,2.27,58.5,0.588,0.158,15.47,0.684,4.88,11978.0,5.5,0.57,True,False
BGW-015,5,2020-09-20,85,52.99,2988.1,81.0,2.71,2.26,54.6,0.583,0.155,15.53,0.704,4.6,12087.1,5.32,0.579,True,False
BGW-015,6,2020-10-04,1,141.17,250.3,100.0,6.24,4.77,89.1,0.851,0.713,202.24,0.109,180.18,12418.1,9.5,0.269,False,False
BGW-015,6,2020-10-05,2,137.58,271.2,100.0,4.49,4.72,86.7,0.9,0.747,152.39,0.14,130.98,12201.9,7.64,0.016,False,False
BGW-015,6,2020-10-06,3,134.12,293.4,100.0,4.72,4.67,91.8,0.898,0.738,158.4,0.148,134.97,11919.3,7.27,0.031,False,False
BGW-015,6,2020-10-07,4,130.8,316.8,97.8,4.53,4.62,84.5,0.9,0.731,147.25,0.194,118.75,12255.9,7.47,0.027,False,False
BGW-015,6,2020-10-08,5,127.6,341.5,100.0,5.41,4.57,89.4,0.872,0.7,172.09,0.164,143.86,12319.3,8.32,0.179,False,False
BGW-015,6,2020-10-09,6,124.52,367.5,100.0,5.37,4.52,86.6,0.872,0.691,168.49,0.156,142.17,12172.2,8.57,0.187,False,False
BGW-015,6,2020-10-10,7,121.56,394.8,97.3,6.05,4.46,79.5,0.847,0.663,177.08,0.208,140.18,12293.7,9.16,0.321,False,False
BGW-015,6,2020-10-11,8,118.71,423.4,99.4,4.51,4.41,91.2,0.894,0.689,140.37,0.18,115.06,12496.5,7.61,0.068,False,False
BGW-015,6,2020-10-12,9,115.97,453.4,97.6,4.42,4.35,85.5,0.892,0.677,132.79,0.219,103.68,12051.9,7.39,0.069,False,False
BGW-015,6,2020-10-13,10,113.33,484.7,97.9,4.35,4.3,91.6,0.888,0.664,128.62,0.228,99.33,12191.1,7.53,0.074,False,False
BGW-015,6,2020-10-14,11,110.79,517.2,100.0,5.77,4.24,76.1,0.835,0.615,161.25,0.201,128.77,12188.4,8.92,0.34,False,False
BGW-015,6,2020-10-15,12,108.34,551.1,99.5,4.2,4.19,79.5,0.882,0.638,121.16,0.227,93.66,12377.8,7.46,0.082,False,False
BGW-015,6,2020-10-16,13,105.99,586.2,100.0,5.98,4.13,80.7,0.817,0.58,157.64,0.265,115.89,12431.4,9.1,0.411,False,False
BGW-015,6,2020-10-17,14,103.73,622.6,97.4,3.98,4.07,88.5,0.874,0.61,107.48,0.273,78.13,12339.6,6.9,0.096,False,False
BGW-015,6,2020-10-18,15,101.55,660.1,97.3,4.05,4.02,91.0,0.869,0.595,106.49,0.215,83.54,12278.9,7.2,0.11,False,False
BGW-015,6,2020-10-19,16,99.45,698.9,97.1,4.09,3.96,88.3,0.861,0.578,104.34,0.23,80.32,12348.8,7.12,0.137,False,False
BGW-015,6,2020-10-20,17,97.44,738.8,100.0,4.48,3.91,88.1,0.841,0.554,112.79,0.284,80.7,12245.5,7.33,0.224,False,False
BGW-015,6,2020-10-21,18,95.5,779.7,95.9,3.71,3.85,77.3,0.856,0.552,89.3,0.267,65.46,12123.5,6.39,0.132,False,False
BGW-015,6,2020-10-22,19,93.63,821.8,96.5,3.77,3.8,84.4,0.851,0.537,88.91,0.282,63.8,12288.0,6.84,0.141,False,False
BGW-015,6,2020-10-23,20,91.83,864.8,97.2,3.92,3.74,81.4,0.84,0.519,89.87,0.316,61.44,12354.4,6.7,0.182,False,False
BGW-015,6,2020-10-24,21,90.1,908.7,100.0,4.87,3.69,78.3,0.801,0.485,107.3,0.278,77.49,12375.8,8.33,0.369,False,False
BGW-015,6,2020-10-25,22,88.44,953.5,97.4,3.68,3.63,82.8,0.834,0.493,80.41,0.302,56.14,12379.0,6.8,0.18,False,False
BGW-015,6,2020-10-26,23,86.84,999.1,95.9,3.74,3.58,78.4,0.825,0.477,77.77,0.284,55.66,12446.2,6.62,0.209,False,False
BGW-015,6,2020-10-27,24,85.3,1045.5,92.3,4.5,3.53,82.4,0.792,0.449,84.6,0.338,56.05,12206.8,7.29,0.362,False,False
BGW-015,6,2020-10-28,25,83.82,1092.5,100.0,4.49,3.48,76.7,0.785,0.435,88.74,0.312,61.1,12164.4,7.34,0.38,False,False
BGW-015,6,2020-10-29,26,82.39,1140.2,97.4,3.33,3.43,80.7,0.814,0.44,64.92,0.353,41.99,12374.1,6.32,0.214,False,False
BGW-015,6,2020-10-30,27,81.02,1188.5,96.1,3.43,3.38,73.6,0.806,0.427,64.0,0.302,44.67,12138.0,6.43,0.234,False,False
BGW-015,6,2020-10-31,28,79.7,1237.2,96.7,3.28,3.34,80.2,0.802,0.415,59.81,0.34,39.5,12266.3,5.99,0.236,False,False
BGW-015,6,2020-11-01,29,78.43,1286.3,97.8,4.34,3.29,79.8,0.761,0.385,74.39,0.326,50.15,12444.9,7.39,0.432,False,False
BGW-015,6,2020-11-02,30,77.2,1335.8,94.6,4.38,3.24,72.3,0.753,0.372,70.11,0.36,44.84,12141.3,7.43,0.457,True,False
BGW-015,6,2020-11-03,31,76.03,1385.5,92.4,3.2,3.2,70.8,0.785,0.38,51.08,0.337,33.87,12310.9,6.33,0.27,False,False
BGW-015,6,2020-11-04,32,74.89,1435.4,92.5,3.29,3.16,74.2,0.775,0.367,50.63,0.348,33.01,12093.2,6.22,0.303,False,False
BGW-015,6,2020-11-05,33,73.8,1485.5,91.3,3.18,3.12,71.2,0.771,0.357,47.11,0.395,28.5,12105.8,5.74,0.304,False,False
BGW-015,6,2020-11-06,34,72.75,1535.7,94.4,3.19,3.08,79.0,0.764,0.346,47.32,0.403,28.23,12156.1,5.88,0.324,False,False
BGW-015,6,2020-11-07,35,71.74,1585.9,94.3,3.25,3.04,77.7,0.755,0.335,46.57,0.386,28.62,12408.8,5.97,0.352,False,False
BGW-015,6,2020-11-08,36,70.77,1636.0,90.3,2.95,3.0,75.9,0.756,0.328,39.74,0.345,26.01,12195.8,5.91,0.326,False,False
BGW-015,6,2020-11-09,37,69.84,1686.0,98.3,3.49,2.96,76.0,0.732,0.311,48.53,0.411,28.6,12409.0,6.52,0.43,False,False
BGW-015,6,2020-11-10,38,68.94,1735.8,89.4,2.86,2.93,69.7,0.744,0.31,36.07,0.429,20.58,11897.2,5.61,0.349,False,False
BGW-015,6,2020-11-11,39,68.07,1785.4,96.6,3.17,2.89,67.6,0.729,0.298,41.39,0.417,24.11,12431.9,6.05,0.409,False,False
BGW-015,6,2020-11-12,40,67.24,1834.7,92.1,2.9,2.86,70.8,0.731,0.293,35.5,0.44,19.88,11959.4,5.8,0.379,False,False
BGW-015,6,2020-11-13,41,66.44,1883.7,91.9,2.94,2.82,71.6,0.723,0.284,34.87,0.42,20.23,12152.6,5.86,0.403,False,False
BGW-015,6,2020-11-14,42,65.67,1932.3,88.6,2.83,2.79,73.6,0.72,0.277,31.63,0.472,16.71,12147.9,5.43,0.401,False,False
BGW-015,6,2020-11-15,43,64.93,1980.4,91.8,2.71,2.76,73.4,0.716,0.27,30.58,0.466,16.32,12197.4,5.4,0.405,False,False
BGW-015,6,2020-11-16,44,64.21,2028.1,96.0,3.36,2.73,68.7,0.689,0.256,37.5,0.434,21.23,12339.0,6.12,0.526,True,False
BGW-015,6,2020-11-17,45,63.53,2075.2,88.1,3.56,2.7,68.7,0.676,0.246,35.08,0.499,17.58,11991.4,6.09,0.575,True,False
BGW-015,6,2020-11-18,46,62.86,2121.8,91.4,2.71,2.68,70.3,0.698,0.25,28.12,0.442,15.7,12215.8,5.45,0.442,False,False
BGW-015,6,2020-11-19,47,62.23,2167.9,89.5,3.56,2.65,68.8,0.664,0.234,33.79,0.471,17.87,12045.8,6.16,0.606,True,False
BGW-015,6,2020-11-20,48,61.62,2213.2,86.1,2.52,2.62,67.8,0.688,0.238,23.46,0.504,11.65,11857.4,5.29,0.458,True,False
BGW-015,6,2020-11-21,49,61.03,2258.0,90.0,2.72,2.6,63.7,0.679,0.231,25.76,0.469,13.69,11805.1,5.55,0.489,True,False
BGW-015,6,2020-11-22,50,60.46,2302.0,89.3,2.56,2.58,70.2,0.678,0.227,23.59,0.489,12.05,11906.6,5.11,0.478,True,False
BGW-015,6,2020-11-23,51,59.91,2345.4,86.1,2.45,2.55,60.7,0.673,0.222,21.28,0.512,10.39,11904.5,5.18,0.488,True,False
BGW-015,6,2020-11-24,52,59.39,2388.0,88.6,2.5,2.53,61.5,0.668,0.217,21.86,0.499,10.95,12042.8,5.19,0.497,True,False
BGW-015,6,2020-11-25,53,58.88,2429.9,92.8,3.12,2.51,64.2,0.643,0.206,27.12,0.503,13.47,12394.9,6.05,0.607,True,False
BGW-015,6,2020-11-26,54,58.4,2471.0,86.4,2.85,2.49,61.5,0.646,0.204,22.84,0.553,10.22,12056.4,5.53,0.563,True,False
BGW-015,6,2020-11-27,55,57.93,2511.3,86.2,2.48,2.47,68.5,0.653,0.203,19.78,0.515,9.59,11849.4,5.29,0.502,True,False
BGW-015,6,2020-11-28,56,57.48,2550.9,83.8,3.53,2.45,60.5,0.613,0.188,25.36,0.555,11.29,12054.6,6.37,0.69,True,False
BGW-015,6,2020-11-29,57,57.05,2589.6,91.5,2.95,2.43,65.8,0.627,0.19,23.33,0.565,10.15,12145.1,5.71,0.59,True,False
BGW-015,6,2020-11-30,58,56.63,2627.6,85.0,2.31,2.41,58.0,0.64,0.192,17.11,0.57,7.35,11924.5,4.92,0.5,True,False
BGW-015,6,2020-12-01,59,56.23,2664.7,88.1,2.51,2.4,66.1,0.632,0.187,18.78,0.55,8.45,12189.6,5.19,0.52,True,False
BGW-015,6,2020-12-02,60,55.84,2701.0,86.9,2.38,2.38,61.0,0.632,0.185,17.33,0.597,6.98,12175.6,5.04,0.5,True,False
BGW-015,6,2020-12-03,61,55.47,2736.5,86.5,2.57,2.36,57.1,0.621,0.179,18.11,0.598,7.27,12011.2,5.34,0.536,True,False
BGW-015,6,2020-12-04,62,55.12,2771.1,85.8,2.36,2.35,63.9,0.623,0.178,16.4,0.597,6.6,11896.7,4.98,0.503,True,False
BGW-015,6,2020-12-05,63,54.77,2805.0,84.0,2.33,2.33,64.3,0.619,0.175,15.57,0.597,6.28,12095.6,4.86,0.5,True,False
BGW-015,6,2020-12-06,64,54.44,2838.0,84.3,2.41,2.32,57.5,0.612,0.171,15.84,0.613,6.13,12177.3,5.08,0.516,True,False
BGW-015,6,2020-12-07,65,54.12,2870.2,84.3,2.4,2.31,56.8,0.609,0.168,15.5,0.629,5.75,11970.7,5.2,0.517,True,False
BGW-015,6,2020-12-08,66,53.82,2901.6,81.8,2.29,2.29,63.1,0.608,0.167,14.15,0.594,5.75,11997.3,4.71,0.5,True,False
BGW-015,6,2020-12-09,67,53.52,2932.2,88.6,3.16,2.28,56.1,0.575,0.156,19.83,0.625,7.44,12089.1,5.91,0.653,True,False
BGW-015,6,2020-12-10,68,53.24,2962.0,82.5,3.09,2.27,51.8,0.574,0.154,17.88,0.644,6.37,12023.9,5.83,0.644,True,False
BGW-015,6,2020-12-11,69,52.96,2991.0,85.7,2.15,2.26,60.2,0.598,0.159,13.37,0.641,4.8,12180.0,4.83,0.5,True,False
BGW-015,6,2020-12-12,70,52.7,3019.3,90.2,3.14,2.25,51.1,0.565,0.15,19.3,0.648,6.8,12435.6,6.07,0.656,True,False
BGW-015,6,2020-12-13,71,52.45,3046.7,82.3,2.98,2.24,51.5,0.566,0.15,16.72,0.657,5.74,12161.7,5.87,0.631,True,False
BGW-015,6,2020-12-14,72,52.21,3073.4,91.0,2.53,2.22,56.4,0.578,0.15,15.7,0.666,5.25,12509.6,5.48,0.553,True,False
BGW-015,6,2020-12-15,73,51.97,3099.4,81.2,3.0,2.21,56.6,0.559,0.15,16.64,0.665,5.57,11882.5,5.65,0.638,True,False
BGW-015,6,2020-12-16,74,51.75,3124.6,90.6,3.02,2.21,51.2,0.555,0.15,18.66,0.664,6.27,11870.4,5.95,0.643,True,False
BGW-015,6,2020-12-17,75,51.53,3149.1,85.0,2.99,2.2,55.5,0.553,0.15,17.36,0.69,5.38,12319.4,5.86,0.64,True,False
BGW-015,6,2020-12-18,76,51.32,3172.9,84.3,2.29,2.19,59.3,0.573,0.15,13.16,0.736,3.47,12185.0,5.18,0.518,True,False
BGW-015,6,2020-12-19,77,51.12,3196.0,90.2,2.79,2.18,50.3,0.553,0.15,17.16,0.708,5.01,12431.8,5.52,0.607,True,False
